,Accession,Segment,Nuc_Completeness,Species
0,NC_005218.1,S,complete,Orthohantavirus hantanense
1,NC_005219.1,M,complete,Orthohantavirus hantanense
2,NC_005222.1,L,complete,Orthohantavirus hantanense
14,PX833970.1,S,partial,Orthohantavirus hantanense
15,PX394250.1,L,partial,Orthohantavirus hantanense
16,PX394251.1,L,partial,Orthohantavirus hantanense
17,PX394252.1,L,partial,Orthohantavirus hantanense
18,PX394253.1,L,partial,Orthohantavirus hantanense
19,PX394254.1,L,partial,Orthohantavirus hantanense
20,PX753258.1,S,partial,Orthohantavirus hantanense
21,PX753259.1,M,partial,Orthohantavirus hantanense
22,PX753260.1,L,partial,Orthohantavirus hantanense
23,OM337652.1,L,partial,Orthohantavirus hantanense
24,OM337653.1,M,partial,Orthohantavirus hantanense
25,OM337654.1,S,partial,Orthohantavirus hantanense
26,OM337655.1,L,partial,Orthohantavirus hantanense
27,OM337656.1,M,partial,Orthohantavirus hantanense
28,OM337657.1,S,partial,Orthohantavirus hantanense
29,OM337658.1,L,partial,Orthohantavirus hantanense
30,OM337659.1,M,partial,Orthohantavirus hantanense
31,OM337660.1,S,partial,Orthohantavirus hantanense
32,OM337661.1,L,partial,Orthohantavirus hantanense
33,OM337662.1,M,partial,Orthohantavirus hantanense
34,OM337663.1,S,partial,Orthohantavirus hantanense
35,OM337664.1,L,partial,Orthohantavirus hantanense
36,OM337665.1,M,partial,Orthohantavirus hantanense
37,OM337666.1,S,partial,Orthohantavirus hantanense
38,OM337667.1,L,partial,Orthohantavirus hantanense
39,OM337668.1,M,partial,Orthohantavirus hantanense
40,OM337669.1,S,partial,Orthohantavirus hantanense
41,OM337670.1,M,partial,Orthohantavirus hantanense
42,PP951047.1,S,partial,Orthohantavirus hantanense
43,PP951048.1,S,partial,Orthohantavirus hantanense
44,PP951049.1,S,partial,Orthohantavirus hantanense
45,PP951050.1,S,partial,Orthohantavirus hantanense
46,PP951051.1,S,partial,Orthohantavirus hantanense
47,PP951052.1,M,partial,Orthohantavirus hantanense
48,PP951053.1,M,partial,Orthohantavirus hantanense
49,PP951054.1,M,partial,Orthohantavirus hantanense
50,PP951055.1,M,partial,Orthohantavirus hantanense
51,PP951056.1,M,partial,Orthohantavirus hantanense
52,PP951057.1,L,partial,Orthohantavirus hantanense
53,PP951058.1,L,partial,Orthohantavirus hantanense
54,PP951059.1,L,partial,Orthohantavirus hantanense
55,PP951060.1,L,partial,Orthohantavirus hantanense
56,PP951061.1,L,partial,Orthohantavirus hantanense
58,PV600322.1,L,partial,Orthohantavirus hantanense
59,PV600323.1,L,partial,Orthohantavirus hantanense
60,PV600324.1,L,partial,Orthohantavirus hantanense
61,PV600325.1,L,partial,Orthohantavirus hantanense
62,PV600326.1,L,partial,Orthohantavirus hantanense
63,PV600327.1,L,partial,Orthohantavirus hantanense
64,PV600328.1,L,partial,Orthohantavirus hantanense
65,PV600329.1,L,partial,Orthohantavirus hantanense
66,PV600330.1,L,partial,Orthohantavirus hantanense
67,PV600331.1,L,partial,Orthohantavirus hantanense
68,PV600332.1,L,partial,Orthohantavirus hantanense
69,PV600333.1,M,partial,Orthohantavirus hantanense
70,PV600334.1,M,partial,Orthohantavirus hantanense
71,PV600335.1,M,partial,Orthohantavirus hantanense
72,PV600336.1,M,partial,Orthohantavirus hantanense
73,PV600337.1,M,partial,Orthohantavirus hantanense
74,PV600338.1,M,partial,Orthohantavirus hantanense
75,PV600339.1,M,partial,Orthohantavirus hantanense
76,PV600340.1,M,partial,Orthohantavirus hantanense
77,PV600341.1,M,partial,Orthohantavirus hantanense
78,PV600342.1,M,partial,Orthohantavirus hantanense
79,PV600343.1,M,partial,Orthohantavirus hantanense
80,PV600344.1,S,partial,Orthohantavirus hantanense
81,PV600345.1,S,partial,Orthohantavirus hantanense
82,PV600346.1,S,partial,Orthohantavirus hantanense
83,PV600347.1,S,partial,Orthohantavirus hantanense
84,PV600348.1,S,partial,Orthohantavirus hantanense
85,PV600349.1,S,partial,Orthohantavirus hantanense
86,PV600350.1,S,partial,Orthohantavirus hantanense
87,PV600351.1,S,partial,Orthohantavirus hantanense
88,PV600352.1,S,partial,Orthohantavirus hantanense
89,PV600353.1,S,partial,Orthohantavirus hantanense
90,PV600354.1,S,partial,Orthohantavirus hantanense
91,PV882772.1,L,partial,Orthohantavirus hantanense
92,PV890472.1,L,partial,Orthohantavirus hantanense
93,PV890473.1,M,partial,Orthohantavirus hantanense
94,PV890474.1,S,complete,Orthohantavirus hantanense
95,PV848108.1,L,partial,Orthohantavirus hantanense
96,PV848109.1,S,partial,Orthohantavirus hantanense
97,PV848110.1,L,partial,Orthohantavirus hantanense
98,PV848111.1,S,partial,Orthohantavirus hantanense
99,PV848112.1,L,partial,Orthohantavirus hantanense
100,PV848113.1,S,partial,Orthohantavirus hantanense
101,PQ410874.1,S,partial,Orthohantavirus hantanense
102,PQ410875.1,S,partial,Orthohantavirus hantanense
103,PQ410876.1,S,partial,Orthohantavirus hantanense
104,PQ410877.1,S,partial,Orthohantavirus hantanense
105,PQ410878.1,S,partial,Orthohantavirus hantanense
106,PQ410879.1,S,partial,Orthohantavirus hantanense
107,PQ410880.1,S,partial,Orthohantavirus hantanense
108,PQ410881.1,S,partial,Orthohantavirus hantanense
109,PQ410882.1,S,partial,Orthohantavirus hantanense
110,PQ410883.1,M,partial,Orthohantavirus hantanense
111,PQ410884.1,M,partial,Orthohantavirus hantanense
112,PQ410885.1,M,partial,Orthohantavirus hantanense
113,PQ410886.1,M,partial,Orthohantavirus hantanense
114,PQ410887.1,M,partial,Orthohantavirus hantanense
115,PQ410888.1,M,partial,Orthohantavirus hantanense
116,PQ410889.1,M,partial,Orthohantavirus hantanense
117,PQ410890.1,M,partial,Orthohantavirus hantanense
118,PQ410891.1,M,partial,Orthohantavirus hantanense
119,PQ410892.1,L,partial,Orthohantavirus hantanense
120,PQ410893.1,L,partial,Orthohantavirus hantanense
121,PQ410894.1,L,partial,Orthohantavirus hantanense
122,PQ410895.1,L,partial,Orthohantavirus hantanense
123,PQ410896.1,L,partial,Orthohantavirus hantanense
124,PQ410898.1,L,partial,Orthohantavirus hantanense
125,PQ410899.1,L,partial,Orthohantavirus hantanense
126,PQ410900.1,L,partial,Orthohantavirus hantanense
133,PV190190.1,L,partial,Orthohantavirus hantanense
134,PV190191.1,L,partial,Orthohantavirus hantanense
135,PV190192.1,L,partial,Orthohantavirus hantanense
136,PV190193.1,L,partial,Orthohantavirus hantanense
146,PQ678272.1,L,partial,Orthohantavirus hantanense
147,PQ678285.1,S,partial,Orthohantavirus hantanense
148,PQ678296.1,M,partial,Orthohantavirus hantanense
149,PQ212937.1,L,partial,Orthohantavirus hantanense
150,PQ212938.1,L,partial,Orthohantavirus hantanense
151,PQ212939.1,L,partial,Orthohantavirus hantanense
152,PQ212940.1,L,partial,Orthohantavirus hantanense
153,PQ212941.1,L,partial,Orthohantavirus hantanense
154,PQ212942.1,L,partial,Orthohantavirus hantanense
155,PQ212943.1,L,partial,Orthohantavirus hantanense
156,PQ212944.1,L,partial,Orthohantavirus hantanense
157,PQ212945.1,L,partial,Orthohantavirus hantanense
158,PQ212946.1,L,partial,Orthohantavirus hantanense
159,PQ212947.1,L,partial,Orthohantavirus hantanense
160,PQ212948.1,L,partial,Orthohantavirus hantanense
161,PQ212949.1,L,partial,Orthohantavirus hantanense
162,PQ212950.1,L,partial,Orthohantavirus hantanense
163,PQ212951.1,L,partial,Orthohantavirus hantanense
164,PQ247660.1,M,complete,Orthohantavirus hantanense
165,PQ247661.1,M,complete,Orthohantavirus hantanense
166,PQ247662.1,M,complete,Orthohantavirus hantanense
167,PQ247663.1,M,complete,Orthohantavirus hantanense
168,PQ247664.1,M,complete,Orthohantavirus hantanense
169,PQ247665.1,M,complete,Orthohantavirus hantanense
170,PQ247666.1,M,complete,Orthohantavirus hantanense
171,PQ247667.1,M,complete,Orthohantavirus hantanense
172,PQ247668.1,M,complete,Orthohantavirus hantanense
173,PQ247669.1,M,complete,Orthohantavirus hantanense
174,PQ247670.1,M,complete,Orthohantavirus hantanense
175,PQ247671.1,M,complete,Orthohantavirus hantanense
176,PQ247672.1,M,complete,Orthohantavirus hantanense
177,PQ247673.1,M,complete,Orthohantavirus hantanense
178,PQ247674.1,M,complete,Orthohantavirus hantanense
179,PQ247675.1,S,complete,Orthohantavirus hantanense
180,PQ247676.1,S,complete,Orthohantavirus hantanense
181,PQ247677.1,S,complete,Orthohantavirus hantanense
182,PQ247678.1,S,complete,Orthohantavirus hantanense
183,PQ247679.1,S,complete,Orthohantavirus hantanense
184,PQ247680.1,S,complete,Orthohantavirus hantanense
185,PQ247681.1,S,complete,Orthohantavirus hantanense
186,PQ247682.1,S,complete,Orthohantavirus hantanense
187,PQ247683.1,S,complete,Orthohantavirus hantanense
188,PQ247684.1,S,complete,Orthohantavirus hantanense
189,PQ247685.1,S,complete,Orthohantavirus hantanense
190,PQ247686.1,S,complete,Orthohantavirus hantanense
191,PQ247687.1,S,complete,Orthohantavirus hantanense
192,PQ247688.1,S,complete,Orthohantavirus hantanense
193,PQ247689.1,S,complete,Orthohantavirus hantanense
198,OR809302.1,L,partial,Orthohantavirus hantanense
199,OR809303.1,L,partial,Orthohantavirus hantanense
200,OR809304.1,L,partial,Orthohantavirus hantanense
201,OR809305.1,L,partial,Orthohantavirus hantanense
202,OR809306.1,L,partial,Orthohantavirus hantanense
203,OR809307.1,L,partial,Orthohantavirus hantanense
204,OR809308.1,L,partial,Orthohantavirus hantanense
205,OR809309.1,L,partial,Orthohantavirus hantanense
206,OR809310.1,L,partial,Orthohantavirus hantanense
207,OR809311.1,L,partial,Orthohantavirus hantanense
208,OR684707.1,L,partial,Orthohantavirus hantanense
209,OR684708.1,L,partial,Orthohantavirus hantanense
210,OR684709.1,L,partial,Orthohantavirus hantanense
211,OR684710.1,L,partial,Orthohantavirus hantanense
212,OR684711.1,L,partial,Orthohantavirus hantanense
213,OR684712.1,L,partial,Orthohantavirus hantanense
214,OR684713.1,L,partial,Orthohantavirus hantanense
215,OR684714.1,L,partial,Orthohantavirus hantanense
216,OR684716.1,L,partial,Orthohantavirus hantanense
217,OR684717.1,L,partial,Orthohantavirus hantanense
218,OR684718.1,L,partial,Orthohantavirus hantanense
219,OR684719.1,L,partial,Orthohantavirus hantanense
220,OR684720.1,L,partial,Orthohantavirus hantanense
221,OR700502.1,L,partial,Orthohantavirus hantanense
222,OR700503.1,L,partial,Orthohantavirus hantanense
223,OR700504.1,L,partial,Orthohantavirus hantanense
224,OR700505.1,L,partial,Orthohantavirus hantanense
225,OR700506.1,L,partial,Orthohantavirus hantanense
226,OR700507.1,L,partial,Orthohantavirus hantanense
227,OR700508.1,L,partial,Orthohantavirus hantanense
228,OR700509.1,M,partial,Orthohantavirus hantanense
229,OR700510.1,M,partial,Orthohantavirus hantanense
230,OR700511.1,M,partial,Orthohantavirus hantanense
231,OR700512.1,M,partial,Orthohantavirus hantanense
232,OR700513.1,M,partial,Orthohantavirus hantanense
233,OR700514.1,M,partial,Orthohantavirus hantanense
234,OR700515.1,M,partial,Orthohantavirus hantanense
235,OR700516.1,S,partial,Orthohantavirus hantanense
236,OR700517.1,S,partial,Orthohantavirus hantanense
237,OR700518.1,S,partial,Orthohantavirus hantanense
238,OR700519.1,S,partial,Orthohantavirus hantanense
239,OR700520.1,S,partial,Orthohantavirus hantanense
240,OR700521.1,S,partial,Orthohantavirus hantanense
241,OR700522.1,S,partial,Orthohantavirus hantanense
242,OL961320.1,S,partial,Orthohantavirus hantanense
243,OL961321.1,S,partial,Orthohantavirus hantanense
244,OL961322.1,S,partial,Orthohantavirus hantanense
245,OL961323.1,S,partial,Orthohantavirus hantanense
246,OL961324.1,S,partial,Orthohantavirus hantanense
247,OL961325.1,S,partial,Orthohantavirus hantanense
248,OL961326.1,S,partial,Orthohantavirus hantanense
249,OL961327.1,S,partial,Orthohantavirus hantanense
250,OL961328.1,S,partial,Orthohantavirus hantanense
251,OL961329.1,S,partial,Orthohantavirus hantanense
252,OL961330.1,S,partial,Orthohantavirus hantanense
253,OL961331.1,S,partial,Orthohantavirus hantanense
254,OL961332.1,S,partial,Orthohantavirus hantanense
255,OL961333.1,S,partial,Orthohantavirus hantanense
256,OL961334.1,S,partial,Orthohantavirus hantanense
257,OL961335.1,S,partial,Orthohantavirus hantanense
258,OL961336.1,S,partial,Orthohantavirus hantanense
259,OL961337.1,S,partial,Orthohantavirus hantanense
260,OL961338.1,S,partial,Orthohantavirus hantanense
261,OL961339.1,M,partial,Orthohantavirus hantanense
262,OL961340.1,M,partial,Orthohantavirus hantanense
263,OL961341.1,M,partial,Orthohantavirus hantanense
264,OL961342.1,M,partial,Orthohantavirus hantanense
265,OL961343.1,M,partial,Orthohantavirus hantanense
266,OL961344.1,M,partial,Orthohantavirus hantanense
267,OL961345.1,M,partial,Orthohantavirus hantanense
268,OL961346.1,M,partial,Orthohantavirus hantanense
269,OL961347.1,M,partial,Orthohantavirus hantanense
270,OL961348.1,M,partial,Orthohantavirus hantanense
271,OL961349.1,M,partial,Orthohantavirus hantanense
272,OL961350.1,M,partial,Orthohantavirus hantanense
273,OL961351.1,M,partial,Orthohantavirus hantanense
274,OL961352.1,M,partial,Orthohantavirus hantanense
275,OL961353.1,M,partial,Orthohantavirus hantanense
276,OL961354.1,M,partial,Orthohantavirus hantanense
277,OL961355.1,M,partial,Orthohantavirus hantanense
278,OL961356.1,M,partial,Orthohantavirus hantanense
279,OL961357.1,L,partial,Orthohantavirus hantanense
280,OL961358.1,L,partial,Orthohantavirus hantanense
281,OL961359.1,L,partial,Orthohantavirus hantanense
282,OL961360.1,L,partial,Orthohantavirus hantanense
283,OL961361.1,L,partial,Orthohantavirus hantanense
284,OL961362.1,L,partial,Orthohantavirus hantanense
285,OL961363.1,L,partial,Orthohantavirus hantanense
286,OL961364.1,L,partial,Orthohantavirus hantanense
287,OL961365.1,L,partial,Orthohantavirus hantanense
288,OL961366.1,L,partial,Orthohantavirus hantanense
289,OL961367.1,L,partial,Orthohantavirus hantanense
290,OL961368.1,L,partial,Orthohantavirus hantanense
291,OL961369.1,L,partial,Orthohantavirus hantanense
292,OL961370.1,L,partial,Orthohantavirus hantanense
293,OL961371.1,L,partial,Orthohantavirus hantanense
294,OL961372.1,L,partial,Orthohantavirus hantanense
295,OL961373.1,L,partial,Orthohantavirus hantanense
296,OL961374.1,L,partial,Orthohantavirus hantanense
297,OL961375.1,L,partial,Orthohantavirus hantanense
298,OL961376.1,M,partial,Orthohantavirus hantanense
299,OL961377.1,M,partial,Orthohantavirus hantanense
300,OL961378.1,M,partial,Orthohantavirus hantanense
301,OL961379.1,M,partial,Orthohantavirus hantanense
302,OL961380.1,M,partial,Orthohantavirus hantanense
303,OL961381.1,M,partial,Orthohantavirus hantanense
304,OL961382.1,M,partial,Orthohantavirus hantanense
305,OL961383.1,M,partial,Orthohantavirus hantanense
306,OL961384.1,M,partial,Orthohantavirus hantanense
307,OL961385.1,M,partial,Orthohantavirus hantanense
308,OL961386.1,M,partial,Orthohantavirus hantanense
309,OL961387.1,M,partial,Orthohantavirus hantanense
310,OL961388.1,M,partial,Orthohantavirus hantanense
311,OL961389.1,M,partial,Orthohantavirus hantanense
312,PP540018.1,S,partial,Orthohantavirus hantanense
313,PP540019.1,M,partial,Orthohantavirus hantanense
314,PP540020.1,L,partial,Orthohantavirus hantanense
315,OR113707.1,L,complete,Orthohantavirus hantanense
316,OR113708.1,L,complete,Orthohantavirus hantanense
317,OR113709.1,L,complete,Orthohantavirus hantanense
318,OR113710.1,L,complete,Orthohantavirus hantanense
319,OR113711.1,L,complete,Orthohantavirus hantanense
320,OR113712.1,L,complete,Orthohantavirus hantanense
321,OR113713.1,L,complete,Orthohantavirus hantanense
322,OR113714.1,L,complete,Orthohantavirus hantanense
323,OR113715.1,L,complete,Orthohantavirus hantanense
324,OR113716.1,M,complete,Orthohantavirus hantanense
325,OR113717.1,M,complete,Orthohantavirus hantanense
326,OR113718.1,M,complete,Orthohantavirus hantanense
327,OR113719.1,M,complete,Orthohantavirus hantanense
328,OR113720.1,M,complete,Orthohantavirus hantanense
329,OR113721.1,M,complete,Orthohantavirus hantanense
330,OR113722.1,M,complete,Orthohantavirus hantanense
331,OR113723.1,M,complete,Orthohantavirus hantanense
332,OR113724.1,M,complete,Orthohantavirus hantanense
333,OR113725.1,S,complete,Orthohantavirus hantanense
334,OR113726.1,S,complete,Orthohantavirus hantanense
335,OR113727.1,S,complete,Orthohantavirus hantanense
336,OR113728.1,S,complete,Orthohantavirus hantanense
337,OR113729.1,S,complete,Orthohantavirus hantanense
338,OR113730.1,S,complete,Orthohantavirus hantanense
339,OR113731.1,S,complete,Orthohantavirus hantanense
340,OR113732.1,S,complete,Orthohantavirus hantanense
341,OR113733.1,S,complete,Orthohantavirus hantanense
342,OR113734.1,M,complete,Orthohantavirus hantanense
343,OR113735.1,S,complete,Orthohantavirus hantanense
344,OR113736.1,L,complete,Orthohantavirus hantanense
345,OR113737.1,M,partial,Orthohantavirus hantanense
346,OR113738.1,S,complete,Orthohantavirus hantanense
347,OR113739.1,L,complete,Orthohantavirus hantanense
348,OR113740.1,M,partial,Orthohantavirus hantanense
349,OR113741.1,S,complete,Orthohantavirus hantanense
350,OR113742.1,L,complete,Orthohantavirus hantanense
351,OR113743.1,M,complete,Orthohantavirus hantanense
352,OR113744.1,S,partial,Orthohantavirus hantanense
353,PP438579.1,M,partial,Orthohantavirus hantanense
354,OR700523.1,L,partial,Orthohantavirus hantanense
355,OR700524.1,L,partial,Orthohantavirus hantanense
356,OR700525.1,L,partial,Orthohantavirus hantanense
357,OR700526.1,L,partial,Orthohantavirus hantanense
358,OR700527.1,L,partial,Orthohantavirus hantanense
359,OR700528.1,L,partial,Orthohantavirus hantanense
360,OR700529.1,L,partial,Orthohantavirus hantanense
361,OR700530.1,M,partial,Orthohantavirus hantanense
362,OR700531.1,M,partial,Orthohantavirus hantanense
363,OR700532.1,M,partial,Orthohantavirus hantanense
364,OR700533.1,M,partial,Orthohantavirus hantanense
365,OR700534.1,M,partial,Orthohantavirus hantanense
366,OR700535.1,M,partial,Orthohantavirus hantanense
367,OR700536.1,M,partial,Orthohantavirus hantanense
368,OR700537.1,S,partial,Orthohantavirus hantanense
369,OR700538.1,S,partial,Orthohantavirus hantanense
370,OR700539.1,S,partial,Orthohantavirus hantanense
371,OR700540.1,S,partial,Orthohantavirus hantanense
372,OR700541.1,S,partial,Orthohantavirus hantanense
373,OR700542.1,S,partial,Orthohantavirus hantanense
374,OR700543.1,S,partial,Orthohantavirus hantanense
375,OP946503.1,M,partial,Orthohantavirus hantanense
376,OP946504.1,M,partial,Orthohantavirus hantanense
377,OP946505.1,M,partial,Orthohantavirus hantanense
378,OP946506.1,M,partial,Orthohantavirus hantanense
379,OP946507.1,M,partial,Orthohantavirus hantanense
380,OP946508.1,S,partial,Orthohantavirus hantanense
381,OP958230.1,S,partial,Orthohantavirus hantanense
382,OP958231.1,S,partial,Orthohantavirus hantanense
383,OP958232.1,S,partial,Orthohantavirus hantanense
384,OP958233.1,S,partial,Orthohantavirus hantanense
385,OR711249.1,S,complete,Orthohantavirus hantanense
386,OR711250.1,M,complete,Orthohantavirus hantanense
387,OR239876.1,S,partial,Orthohantavirus hantanense
388,OR239877.1,S,partial,Orthohantavirus hantanense
389,OR239878.1,S,partial,Orthohantavirus hantanense
390,OR239879.1,S,partial,Orthohantavirus hantanense
391,OR239880.1,S,partial,Orthohantavirus hantanense
392,OR239881.1,S,partial,Orthohantavirus hantanense
393,OR239882.1,S,partial,Orthohantavirus hantanense
394,OR239883.1,S,partial,Orthohantavirus hantanense
395,OR239884.1,S,partial,Orthohantavirus hantanense
396,OR239885.1,S,partial,Orthohantavirus hantanense
397,OR239886.1,S,partial,Orthohantavirus hantanense
398,OR239887.1,S,partial,Orthohantavirus hantanense
399,OR239891.1,M,partial,Orthohantavirus hantanense
400,OR239892.1,M,partial,Orthohantavirus hantanense
401,OR239893.1,M,partial,Orthohantavirus hantanense
402,OR239894.1,M,partial,Orthohantavirus hantanense
403,OR239895.1,M,partial,Orthohantavirus hantanense
404,OR239896.1,M,partial,Orthohantavirus hantanense
405,OR239897.1,M,partial,Orthohantavirus hantanense
406,OR239898.1,M,partial,Orthohantavirus hantanense
407,OR239899.1,M,partial,Orthohantavirus hantanense
408,OR239900.1,M,partial,Orthohantavirus hantanense
409,OR239901.1,M,partial,Orthohantavirus hantanense
410,OR239905.1,L,partial,Orthohantavirus hantanense
411,OR239906.1,L,partial,Orthohantavirus hantanense
412,OR239907.1,L,partial,Orthohantavirus hantanense
413,OR239908.1,L,partial,Orthohantavirus hantanense
414,OR239909.1,L,partial,Orthohantavirus hantanense
415,OR239910.1,L,partial,Orthohantavirus hantanense
416,OR239911.1,L,partial,Orthohantavirus hantanense
417,OR239912.1,L,partial,Orthohantavirus hantanense
418,OR239913.1,L,partial,Orthohantavirus hantanense
419,OR239914.1,L,partial,Orthohantavirus hantanense
420,OR239915.1,L,partial,Orthohantavirus hantanense
421,OR239916.1,L,partial,Orthohantavirus hantanense
422,OR239921.1,L,partial,Orthohantavirus hantanense
423,OR239922.1,L,partial,Orthohantavirus hantanense
424,OR239923.1,L,partial,Orthohantavirus hantanense
425,OR239924.1,L,partial,Orthohantavirus hantanense
426,OR239925.1,L,partial,Orthohantavirus hantanense
427,OR239926.1,L,partial,Orthohantavirus hantanense
428,OR239927.1,L,partial,Orthohantavirus hantanense
429,OR239928.1,L,partial,Orthohantavirus hantanense
430,OR239929.1,L,partial,Orthohantavirus hantanense
431,OR239930.1,L,partial,Orthohantavirus hantanense
432,OR239931.1,L,partial,Orthohantavirus hantanense
433,OR239932.1,L,partial,Orthohantavirus hantanense
434,OR239933.1,L,partial,Orthohantavirus hantanense
435,OR239934.1,L,partial,Orthohantavirus hantanense
436,OR239935.1,L,partial,Orthohantavirus hantanense
437,OR239936.1,L,partial,Orthohantavirus hantanense
438,OR239937.1,L,partial,Orthohantavirus hantanense
439,OR239938.1,L,partial,Orthohantavirus hantanense
440,OR239939.1,L,partial,Orthohantavirus hantanense
441,OR239940.1,L,partial,Orthohantavirus hantanense
442,OR239941.1,L,partial,Orthohantavirus hantanense
443,OR239942.1,L,partial,Orthohantavirus hantanense
444,OR239943.1,L,partial,Orthohantavirus hantanense
445,OR239944.1,L,partial,Orthohantavirus hantanense
446,OR239945.1,L,partial,Orthohantavirus hantanense
447,OR239946.1,L,partial,Orthohantavirus hantanense
448,OR239947.1,L,partial,Orthohantavirus hantanense
449,OR239948.1,L,partial,Orthohantavirus hantanense
450,OR239949.1,L,partial,Orthohantavirus hantanense
451,OR239950.1,L,partial,Orthohantavirus hantanense
452,OR239951.1,L,partial,Orthohantavirus hantanense
453,OR239952.1,L,partial,Orthohantavirus hantanense
454,OR239953.1,L,partial,Orthohantavirus hantanense
455,OR239954.1,L,partial,Orthohantavirus hantanense
456,OR239955.1,L,partial,Orthohantavirus hantanense
457,OR239956.1,L,partial,Orthohantavirus hantanense
458,OR239957.1,L,partial,Orthohantavirus hantanense
459,OR239958.1,L,partial,Orthohantavirus hantanense
460,OR239959.1,L,partial,Orthohantavirus hantanense
461,OR239960.1,L,partial,Orthohantavirus hantanense
462,OR239961.1,L,partial,Orthohantavirus hantanense
463,OR239962.1,L,partial,Orthohantavirus hantanense
464,OR239963.1,L,partial,Orthohantavirus hantanense
465,OR239964.1,L,partial,Orthohantavirus hantanense
466,OR239965.1,L,partial,Orthohantavirus hantanense
467,OR239966.1,L,partial,Orthohantavirus hantanense
468,OR239967.1,L,partial,Orthohantavirus hantanense
469,OR239968.1,L,partial,Orthohantavirus hantanense
470,OR239969.1,L,partial,Orthohantavirus hantanense
471,OR239970.1,L,partial,Orthohantavirus hantanense
472,OR239971.1,L,partial,Orthohantavirus hantanense
473,OR239972.1,L,partial,Orthohantavirus hantanense
474,OR239973.1,L,partial,Orthohantavirus hantanense
475,OR239974.1,L,partial,Orthohantavirus hantanense
476,OR239975.1,L,partial,Orthohantavirus hantanense
477,OR239976.1,L,partial,Orthohantavirus hantanense
478,OR239977.1,L,partial,Orthohantavirus hantanense
479,OR239978.1,L,partial,Orthohantavirus hantanense
480,OR239979.1,L,partial,Orthohantavirus hantanense
481,OR239980.1,L,partial,Orthohantavirus hantanense
482,OR239981.1,L,partial,Orthohantavirus hantanense
483,OR239982.1,L,partial,Orthohantavirus hantanense
484,OR239983.1,L,partial,Orthohantavirus hantanense
485,OR239984.1,L,partial,Orthohantavirus hantanense
486,OR239985.1,L,partial,Orthohantavirus hantanense
487,OR239986.1,L,partial,Orthohantavirus hantanense
488,OR239987.1,L,partial,Orthohantavirus hantanense
489,OR239988.1,L,partial,Orthohantavirus hantanense
490,OR239989.1,L,partial,Orthohantavirus hantanense
491,OR239990.1,L,partial,Orthohantavirus hantanense
492,OR239991.1,L,partial,Orthohantavirus hantanense
493,OR239992.1,L,partial,Orthohantavirus hantanense
494,OR239993.1,L,partial,Orthohantavirus hantanense
495,OR239994.1,L,partial,Orthohantavirus hantanense
496,OR239995.1,L,partial,Orthohantavirus hantanense
497,OR239996.1,L,partial,Orthohantavirus hantanense
498,OR239997.1,L,partial,Orthohantavirus hantanense
499,OR239998.1,L,partial,Orthohantavirus hantanense
500,OR239999.1,L,partial,Orthohantavirus hantanense
501,OR240000.1,L,partial,Orthohantavirus hantanense
502,OR240001.1,L,partial,Orthohantavirus hantanense
503,OR240002.1,L,partial,Orthohantavirus hantanense
504,OR240003.1,L,partial,Orthohantavirus hantanense
505,OR240004.1,L,partial,Orthohantavirus hantanense
506,OR240005.1,L,partial,Orthohantavirus hantanense
507,OR240006.1,L,partial,Orthohantavirus hantanense
508,OR240007.1,L,partial,Orthohantavirus hantanense
509,OR240008.1,L,partial,Orthohantavirus hantanense
510,OR240009.1,L,partial,Orthohantavirus hantanense
511,OR240010.1,L,partial,Orthohantavirus hantanense
512,OR240011.1,L,partial,Orthohantavirus hantanense
513,OR240012.1,L,partial,Orthohantavirus hantanense
514,OR240013.1,L,partial,Orthohantavirus hantanense
515,OR240014.1,L,partial,Orthohantavirus hantanense
516,OR240015.1,L,partial,Orthohantavirus hantanense
517,OR240016.1,L,partial,Orthohantavirus hantanense
518,OR240017.1,L,partial,Orthohantavirus hantanense
519,OR240018.1,L,partial,Orthohantavirus hantanense
520,OR240019.1,L,partial,Orthohantavirus hantanense
521,OR240020.1,L,partial,Orthohantavirus hantanense
522,OR240021.1,L,partial,Orthohantavirus hantanense
523,OR240022.1,L,partial,Orthohantavirus hantanense
524,OR240023.1,L,partial,Orthohantavirus hantanense
525,OR240024.1,L,partial,Orthohantavirus hantanense
526,OR240025.1,L,partial,Orthohantavirus hantanense
527,OR240026.1,L,partial,Orthohantavirus hantanense
528,OR240027.1,L,partial,Orthohantavirus hantanense
529,OR240028.1,L,partial,Orthohantavirus hantanense
530,OR240029.1,L,partial,Orthohantavirus hantanense
531,OR240030.1,L,partial,Orthohantavirus hantanense
532,OR240031.1,L,partial,Orthohantavirus hantanense
533,OR240032.1,L,partial,Orthohantavirus hantanense
534,OR240033.1,L,partial,Orthohantavirus hantanense
535,OR240034.1,L,partial,Orthohantavirus hantanense
536,OR240035.1,L,partial,Orthohantavirus hantanense
537,OR240036.1,L,partial,Orthohantavirus hantanense
538,OQ731580.1,S,partial,Orthohantavirus hantanense
539,OQ731581.1,S,partial,Orthohantavirus hantanense
540,OQ731582.1,S,partial,Orthohantavirus hantanense
541,OQ731583.1,S,partial,Orthohantavirus hantanense
542,OQ731584.1,S,partial,Orthohantavirus hantanense
543,OQ731585.1,S,partial,Orthohantavirus hantanense
544,OQ731586.1,S,partial,Orthohantavirus hantanense
545,OQ731587.1,S,partial,Orthohantavirus hantanense
546,OQ731588.1,S,partial,Orthohantavirus hantanense
547,OQ731589.1,S,partial,Orthohantavirus hantanense
548,OQ731590.1,S,partial,Orthohantavirus hantanense
549,OQ731591.1,S,partial,Orthohantavirus hantanense
550,OQ731592.1,S,partial,Orthohantavirus hantanense
551,OQ731593.1,S,partial,Orthohantavirus hantanense
552,OQ731594.1,S,partial,Orthohantavirus hantanense
553,OQ731595.1,S,partial,Orthohantavirus hantanense
554,OQ731596.1,S,partial,Orthohantavirus hantanense
555,OQ731597.1,S,partial,Orthohantavirus hantanense
556,OQ731598.1,S,partial,Orthohantavirus hantanense
557,OQ731599.1,S,partial,Orthohantavirus hantanense
558,OQ731600.1,S,partial,Orthohantavirus hantanense
559,OQ731601.1,S,partial,Orthohantavirus hantanense
560,OQ731602.1,S,partial,Orthohantavirus hantanense
561,ON110133.1,M,partial,Orthohantavirus hantanense
562,ON110134.1,M,partial,Orthohantavirus hantanense
563,ON110135.1,M,partial,Orthohantavirus hantanense
564,ON409528.1,L,partial,Orthohantavirus hantanense
565,ON409529.1,L,partial,Orthohantavirus hantanense
566,ON409530.1,L,partial,Orthohantavirus hantanense
567,ON409531.1,L,partial,Orthohantavirus hantanense
568,ON409532.1,L,partial,Orthohantavirus hantanense
569,ON409533.1,L,partial,Orthohantavirus hantanense
570,ON409535.1,L,partial,Orthohantavirus hantanense
571,ON409536.1,L,partial,Orthohantavirus hantanense
572,ON409537.1,L,partial,Orthohantavirus hantanense
573,ON409538.1,L,partial,Orthohantavirus hantanense
574,ON409539.1,L,partial,Orthohantavirus hantanense
575,ON409540.1,L,partial,Orthohantavirus hantanense
576,ON409541.1,L,partial,Orthohantavirus hantanense
577,ON409542.1,L,partial,Orthohantavirus hantanense
578,ON409543.1,L,partial,Orthohantavirus hantanense
579,ON409544.1,L,partial,Orthohantavirus hantanense
580,ON409545.1,L,partial,Orthohantavirus hantanense
581,ON409546.1,L,partial,Orthohantavirus hantanense
582,ON409547.1,L,partial,Orthohantavirus hantanense
583,ON409548.1,L,partial,Orthohantavirus hantanense
584,ON409549.1,L,partial,Orthohantavirus hantanense
585,ON409550.1,L,partial,Orthohantavirus hantanense
586,OQ129473.1,L,partial,Orthohantavirus hantanense
587,OQ129474.1,L,partial,Orthohantavirus hantanense
588,OQ129475.1,L,partial,Orthohantavirus hantanense
589,OQ129476.1,L,partial,Orthohantavirus hantanense
590,OQ129477.1,L,partial,Orthohantavirus hantanense
591,OQ129478.1,L,partial,Orthohantavirus hantanense
603,OK079096.1,S,partial,Orthohantavirus hantanense
604,OK079097.1,M,partial,Orthohantavirus hantanense
605,OK079098.1,L,partial,Orthohantavirus hantanense
606,MZ868556.1,M,partial,Orthohantavirus hantanense
607,MZ868557.1,M,partial,Orthohantavirus hantanense
608,MZ868558.1,M,partial,Orthohantavirus hantanense
609,MZ868559.1,M,partial,Orthohantavirus hantanense
610,MZ868560.1,M,partial,Orthohantavirus hantanense
611,MZ868561.1,M,partial,Orthohantavirus hantanense
612,MZ868562.1,M,partial,Orthohantavirus hantanense
613,MZ868563.1,M,partial,Orthohantavirus hantanense
614,MZ868564.1,M,partial,Orthohantavirus hantanense
615,MZ868565.1,M,partial,Orthohantavirus hantanense
616,MZ868566.1,M,partial,Orthohantavirus hantanense
617,MZ868567.1,M,partial,Orthohantavirus hantanense
618,MZ061870.1,S,partial,Orthohantavirus hantanense
619,MZ061871.1,S,partial,Orthohantavirus hantanense
620,MZ061872.1,S,partial,Orthohantavirus hantanense
621,MZ061873.1,S,partial,Orthohantavirus hantanense
622,MZ061874.1,S,partial,Orthohantavirus hantanense
623,MZ061875.1,S,partial,Orthohantavirus hantanense
624,MZ061876.1,S,partial,Orthohantavirus hantanense
625,MZ061877.1,S,partial,Orthohantavirus hantanense
626,MZ061878.1,S,partial,Orthohantavirus hantanense
627,MZ061879.1,S,partial,Orthohantavirus hantanense
628,MZ061880.1,S,partial,Orthohantavirus hantanense
629,MZ061881.1,S,partial,Orthohantavirus hantanense
630,MZ061882.1,S,partial,Orthohantavirus hantanense
631,MZ061883.1,S,partial,Orthohantavirus hantanense
632,MZ061884.1,S,partial,Orthohantavirus hantanense
633,MZ061885.1,S,partial,Orthohantavirus hantanense
634,MZ061886.1,S,partial,Orthohantavirus hantanense
635,MZ061887.1,S,partial,Orthohantavirus hantanense
636,MZ061888.1,S,partial,Orthohantavirus hantanense
637,MZ061889.1,S,partial,Orthohantavirus hantanense
638,MZ061890.1,S,partial,Orthohantavirus hantanense
639,MZ089549.1,M,partial,Orthohantavirus hantanense
640,MZ089550.1,M,partial,Orthohantavirus hantanense
641,MZ089551.1,M,partial,Orthohantavirus hantanense
642,MZ089552.1,M,partial,Orthohantavirus hantanense
643,MZ089553.1,M,partial,Orthohantavirus hantanense
644,MZ089554.1,M,partial,Orthohantavirus hantanense
645,MZ089555.1,M,partial,Orthohantavirus hantanense
646,MZ089556.1,M,partial,Orthohantavirus hantanense
647,MZ089557.1,M,partial,Orthohantavirus hantanense
648,MZ089558.1,M,partial,Orthohantavirus hantanense
649,MZ089559.1,M,partial,Orthohantavirus hantanense
650,MZ089560.1,M,partial,Orthohantavirus hantanense
651,MZ089561.1,M,partial,Orthohantavirus hantanense
652,MZ089562.1,M,partial,Orthohantavirus hantanense
653,MZ089563.1,M,partial,Orthohantavirus hantanense
654,MZ089564.1,M,partial,Orthohantavirus hantanense
655,MZ089565.1,M,partial,Orthohantavirus hantanense
656,MZ089566.1,M,partial,Orthohantavirus hantanense
657,MZ089567.1,M,partial,Orthohantavirus hantanense
658,MZ089568.1,M,partial,Orthohantavirus hantanense
659,MZ089569.1,M,partial,Orthohantavirus hantanense
660,MZ089570.1,M,partial,Orthohantavirus hantanense
661,MZ089571.1,M,partial,Orthohantavirus hantanense
662,MZ089572.1,M,partial,Orthohantavirus hantanense
663,MZ089573.1,M,partial,Orthohantavirus hantanense
664,MZ089574.1,M,partial,Orthohantavirus hantanense
665,MZ089575.1,M,partial,Orthohantavirus hantanense
666,MZ089576.1,M,partial,Orthohantavirus hantanense
667,MZ089577.1,M,partial,Orthohantavirus hantanense
668,MZ089578.1,M,partial,Orthohantavirus hantanense
669,MZ089579.1,M,partial,Orthohantavirus hantanense
670,MZ089580.1,M,partial,Orthohantavirus hantanense
671,MZ089581.1,M,partial,Orthohantavirus hantanense
672,MZ089582.1,M,partial,Orthohantavirus hantanense
673,MZ089583.1,M,partial,Orthohantavirus hantanense
674,MZ089584.1,M,partial,Orthohantavirus hantanense
675,MZ089585.1,M,partial,Orthohantavirus hantanense
676,MZ089586.1,M,partial,Orthohantavirus hantanense
677,MZ089587.1,M,partial,Orthohantavirus hantanense
678,MZ089588.1,M,partial,Orthohantavirus hantanense
679,MZ089589.1,M,partial,Orthohantavirus hantanense
680,MZ089590.1,M,partial,Orthohantavirus hantanense
681,MZ089591.1,M,partial,Orthohantavirus hantanense
682,MZ089592.1,M,partial,Orthohantavirus hantanense
683,MZ089593.1,M,partial,Orthohantavirus hantanense
684,MZ089594.1,M,partial,Orthohantavirus hantanense
685,MZ089595.1,M,partial,Orthohantavirus hantanense
686,MZ089596.1,M,partial,Orthohantavirus hantanense
687,MZ089597.1,M,partial,Orthohantavirus hantanense
688,MZ089598.1,M,partial,Orthohantavirus hantanense
689,MZ089599.1,M,partial,Orthohantavirus hantanense
690,MZ089600.1,M,partial,Orthohantavirus hantanense
691,MZ089601.1,M,partial,Orthohantavirus hantanense
692,MZ089602.1,M,partial,Orthohantavirus hantanense
693,MZ089603.1,M,partial,Orthohantavirus hantanense
694,MZ089604.1,M,partial,Orthohantavirus hantanense
695,MZ089605.1,M,partial,Orthohantavirus hantanense
696,MZ089606.1,M,partial,Orthohantavirus hantanense
697,MZ089607.1,M,partial,Orthohantavirus hantanense
698,MZ089608.1,M,partial,Orthohantavirus hantanense
699,MZ089609.1,M,partial,Orthohantavirus hantanense
700,MW349026.1,L,partial,Orthohantavirus hantanense
701,MW349027.1,L,partial,Orthohantavirus hantanense
702,MW349028.1,S,partial,Orthohantavirus hantanense
703,MZ147783.1,L,partial,Orthohantavirus hantanense
704,MZ147784.1,L,partial,Orthohantavirus hantanense
705,MZ147785.1,L,partial,Orthohantavirus hantanense
706,MZ147786.1,L,partial,Orthohantavirus hantanense
707,MZ147787.1,L,partial,Orthohantavirus hantanense
708,MZ147788.1,L,partial,Orthohantavirus hantanense
709,MZ147789.1,L,partial,Orthohantavirus hantanense
710,MZ147791.1,S,partial,Orthohantavirus hantanense
711,MZ191079.1,L,partial,Orthohantavirus hantanense
712,MZ191080.1,L,partial,Orthohantavirus hantanense
713,MZ191081.1,L,partial,Orthohantavirus hantanense
714,MZ191082.1,L,partial,Orthohantavirus hantanense
715,MT782310.1,M,partial,Orthohantavirus hantanense
716,MT782311.1,M,partial,Orthohantavirus hantanense
717,MT782312.1,M,partial,Orthohantavirus hantanense
718,MT782313.1,M,partial,Orthohantavirus hantanense
719,MT782314.1,M,partial,Orthohantavirus hantanense
720,MT782315.1,M,partial,Orthohantavirus hantanense
721,MT782316.1,M,partial,Orthohantavirus hantanense
722,MT782317.1,M,partial,Orthohantavirus hantanense
723,MT782318.1,M,partial,Orthohantavirus hantanense
724,MT782319.1,M,partial,Orthohantavirus hantanense
725,MT782320.1,M,partial,Orthohantavirus hantanense
726,MZ343363.1,S,partial,Orthohantavirus hantanense
727,MZ343364.1,M,partial,Orthohantavirus hantanense
728,MZ343365.1,L,partial,Orthohantavirus hantanense
729,MZ343366.1,S,partial,Orthohantavirus hantanense
730,MZ343367.1,M,partial,Orthohantavirus hantanense
731,MZ343368.1,L,partial,Orthohantavirus hantanense
732,MW219744.1,L,partial,Orthohantavirus hantanense
733,MW219745.1,L,partial,Orthohantavirus hantanense
734,MW219746.1,L,partial,Orthohantavirus hantanense
735,MW219747.1,L,partial,Orthohantavirus hantanense
736,MW219748.1,M,partial,Orthohantavirus hantanense
737,MW219749.1,M,partial,Orthohantavirus hantanense
738,MW219750.1,M,partial,Orthohantavirus hantanense
739,MW219751.1,M,partial,Orthohantavirus hantanense
740,MW219752.1,S,partial,Orthohantavirus hantanense
741,MW219753.1,S,partial,Orthohantavirus hantanense
742,MW219754.1,S,partial,Orthohantavirus hantanense
743,MW219755.1,S,partial,Orthohantavirus hantanense
744,MW222666.1,M,partial,Orthohantavirus hantanense
745,MW222667.1,S,partial,Orthohantavirus hantanense
746,MW222668.1,L,partial,Orthohantavirus hantanense
747,MW222669.1,M,partial,Orthohantavirus hantanense
748,MW222670.1,M,partial,Orthohantavirus hantanense
749,MW222671.1,M,partial,Orthohantavirus hantanense
750,MW881022.1,M,partial,Orthohantavirus hantanense
751,MW881023.1,L,partial,Orthohantavirus hantanense
752,MW881024.1,S,partial,Orthohantavirus hantanense
753,MW881025.1,S,partial,Orthohantavirus hantanense
754,MW796110.1,L,partial,Orthohantavirus hantanense
755,MW796111.1,L,partial,Orthohantavirus hantanense
756,MW796112.1,L,partial,Orthohantavirus hantanense
757,MW796113.1,L,partial,Orthohantavirus hantanense
758,MW796114.1,L,partial,Orthohantavirus hantanense
759,MW796115.1,L,partial,Orthohantavirus hantanense
760,MW796116.1,L,partial,Orthohantavirus hantanense
761,MW796117.1,L,partial,Orthohantavirus hantanense
762,MW796118.1,L,partial,Orthohantavirus hantanense
763,MW796119.1,L,partial,Orthohantavirus hantanense
764,MW796120.1,L,partial,Orthohantavirus hantanense
765,MW796121.1,L,partial,Orthohantavirus hantanense
766,MW796122.1,M,partial,Orthohantavirus hantanense
767,MW796123.1,M,partial,Orthohantavirus hantanense
768,MW796124.1,M,partial,Orthohantavirus hantanense
769,MW796125.1,M,partial,Orthohantavirus hantanense
770,MW796126.1,M,partial,Orthohantavirus hantanense
771,MW796127.1,M,partial,Orthohantavirus hantanense
772,MW796128.1,M,partial,Orthohantavirus hantanense
773,MW796129.1,M,partial,Orthohantavirus hantanense
774,MW796130.1,M,partial,Orthohantavirus hantanense
775,MW796131.1,M,partial,Orthohantavirus hantanense
776,MW796132.1,M,partial,Orthohantavirus hantanense
777,MW796133.1,M,partial,Orthohantavirus hantanense
778,MW796134.1,S,partial,Orthohantavirus hantanense
779,MW796135.1,S,partial,Orthohantavirus hantanense
780,MW796136.1,S,partial,Orthohantavirus hantanense
781,MW796137.1,S,partial,Orthohantavirus hantanense
782,MW796138.1,S,partial,Orthohantavirus hantanense
783,MW796139.1,S,partial,Orthohantavirus hantanense
784,MW796140.1,S,partial,Orthohantavirus hantanense
785,MW796141.1,S,partial,Orthohantavirus hantanense
786,MW796142.1,S,partial,Orthohantavirus hantanense
787,MW796143.1,S,partial,Orthohantavirus hantanense
788,MW796144.1,S,partial,Orthohantavirus hantanense
789,MW796145.1,S,partial,Orthohantavirus hantanense
790,MW796146.1,L,partial,Orthohantavirus hantanense
791,MW796147.1,L,partial,Orthohantavirus hantanense
792,MW796148.1,L,partial,Orthohantavirus hantanense
793,MW796149.1,L,partial,Orthohantavirus hantanense
794,MW796150.1,L,partial,Orthohantavirus hantanense
795,MW796151.1,L,partial,Orthohantavirus hantanense
796,MW796152.1,L,partial,Orthohantavirus hantanense
797,MW796153.1,L,partial,Orthohantavirus hantanense
798,MW796154.1,L,partial,Orthohantavirus hantanense
799,MW796155.1,L,partial,Orthohantavirus hantanense
800,MW796156.1,L,partial,Orthohantavirus hantanense
801,MW796157.1,L,partial,Orthohantavirus hantanense
802,MW796158.1,M,partial,Orthohantavirus hantanense
803,MW796159.1,M,partial,Orthohantavirus hantanense
804,MW796160.1,M,partial,Orthohantavirus hantanense
805,MW796161.1,M,partial,Orthohantavirus hantanense
806,MW796162.1,M,partial,Orthohantavirus hantanense
807,MW796163.1,M,partial,Orthohantavirus hantanense
808,MW796164.1,M,partial,Orthohantavirus hantanense
809,MW796165.1,M,partial,Orthohantavirus hantanense
810,MW796166.1,M,partial,Orthohantavirus hantanense
811,MW796167.1,M,partial,Orthohantavirus hantanense
812,MW796168.1,M,partial,Orthohantavirus hantanense
813,MW796169.1,M,partial,Orthohantavirus hantanense
814,MW796170.1,S,partial,Orthohantavirus hantanense
815,MW796171.1,S,partial,Orthohantavirus hantanense
816,MW796172.1,S,partial,Orthohantavirus hantanense
817,MW796173.1,S,partial,Orthohantavirus hantanense
818,MW796174.1,S,partial,Orthohantavirus hantanense
819,MW796175.1,S,partial,Orthohantavirus hantanense
820,MW796176.1,S,partial,Orthohantavirus hantanense
821,MW796177.1,S,partial,Orthohantavirus hantanense
822,MW796178.1,S,partial,Orthohantavirus hantanense
823,MW796179.1,S,partial,Orthohantavirus hantanense
824,MW796180.1,S,partial,Orthohantavirus hantanense
825,MW796181.1,S,partial,Orthohantavirus hantanense
826,MW219756.1,L,partial,Orthohantavirus hantanense
827,MW219757.1,L,partial,Orthohantavirus hantanense
828,MW219758.1,L,partial,Orthohantavirus hantanense
829,MW219759.1,L,partial,Orthohantavirus hantanense
830,MW219760.1,L,partial,Orthohantavirus hantanense
831,MW219761.1,L,partial,Orthohantavirus hantanense
832,MW219762.1,M,partial,Orthohantavirus hantanense
833,MW219763.1,M,partial,Orthohantavirus hantanense
834,MW219764.1,M,partial,Orthohantavirus hantanense
835,MW219765.1,M,partial,Orthohantavirus hantanense
836,MW219766.1,M,partial,Orthohantavirus hantanense
837,MW219767.1,M,partial,Orthohantavirus hantanense
838,MW219768.1,S,partial,Orthohantavirus hantanense
839,MW219769.1,S,partial,Orthohantavirus hantanense
840,MW219770.1,S,partial,Orthohantavirus hantanense
841,MW219771.1,S,partial,Orthohantavirus hantanense
842,MW219772.1,S,partial,Orthohantavirus hantanense
843,MW219773.1,S,partial,Orthohantavirus hantanense
853,MW073484.1,S,partial,Orthohantavirus hantanense
854,MW073485.1,S,partial,Orthohantavirus hantanense
855,MW073486.1,S,partial,Orthohantavirus hantanense
856,MW073487.1,S,partial,Orthohantavirus hantanense
857,MW073488.1,S,partial,Orthohantavirus hantanense
858,MW088982.1,L,partial,Orthohantavirus hantanense
859,MN985832.1,S,partial,Orthohantavirus hantanense
860,MN985833.1,M,partial,Orthohantavirus hantanense
861,MN985834.1,L,partial,Orthohantavirus hantanense
862,MT542494.1,L,partial,Orthohantavirus hantanense
863,MT542495.1,L,partial,Orthohantavirus hantanense
864,MT542496.1,L,partial,Orthohantavirus hantanense
865,MT542497.1,L,partial,Orthohantavirus hantanense
866,MT542498.1,L,partial,Orthohantavirus hantanense
867,MT542499.1,L,partial,Orthohantavirus hantanense
868,MT542500.1,L,partial,Orthohantavirus hantanense
869,MT542501.1,L,partial,Orthohantavirus hantanense
870,MT542502.1,L,partial,Orthohantavirus hantanense
871,MT542503.1,L,partial,Orthohantavirus hantanense
872,MT542504.1,L,partial,Orthohantavirus hantanense
873,MT542505.1,L,partial,Orthohantavirus hantanense
874,MT542506.1,L,partial,Orthohantavirus hantanense
875,MT542507.1,L,partial,Orthohantavirus hantanense
876,MT542508.1,L,partial,Orthohantavirus hantanense
877,MT542509.1,L,partial,Orthohantavirus hantanense
878,MT542510.1,L,partial,Orthohantavirus hantanense
879,MT542511.1,L,partial,Orthohantavirus hantanense
880,MT012546.1,S,partial,Orthohantavirus hantanense
881,MT012547.1,S,partial,Orthohantavirus hantanense
882,MT012548.1,S,partial,Orthohantavirus hantanense
883,MT012549.1,S,partial,Orthohantavirus hantanense
884,MT012550.1,S,partial,Orthohantavirus hantanense
885,MT012551.1,S,partial,Orthohantavirus hantanense
886,MT012552.1,S,partial,Orthohantavirus hantanense
887,MT012553.1,S,partial,Orthohantavirus hantanense
888,MT012554.1,S,partial,Orthohantavirus hantanense
889,MT012555.1,S,partial,Orthohantavirus hantanense
890,MT012556.1,S,partial,Orthohantavirus hantanense
891,MT012557.1,S,partial,Orthohantavirus hantanense
892,MT012558.1,M,partial,Orthohantavirus hantanense
893,MT012559.1,M,partial,Orthohantavirus hantanense
894,MT012560.1,M,partial,Orthohantavirus hantanense
895,MT012561.1,M,partial,Orthohantavirus hantanense
896,MT012562.1,M,partial,Orthohantavirus hantanense
897,MT012563.1,M,partial,Orthohantavirus hantanense
898,MT012564.1,M,partial,Orthohantavirus hantanense
899,MT012565.1,M,partial,Orthohantavirus hantanense
900,MT012566.1,M,partial,Orthohantavirus hantanense
901,MT012567.1,M,partial,Orthohantavirus hantanense
902,MT012568.1,M,partial,Orthohantavirus hantanense
903,MT012569.1,M,partial,Orthohantavirus hantanense
904,MT012570.1,L,partial,Orthohantavirus hantanense
905,MT012571.1,L,partial,Orthohantavirus hantanense
906,MT012572.1,L,partial,Orthohantavirus hantanense
907,MT012573.1,L,partial,Orthohantavirus hantanense
908,MT012574.1,L,partial,Orthohantavirus hantanense
909,MT012575.1,L,partial,Orthohantavirus hantanense
910,MT012576.1,L,partial,Orthohantavirus hantanense
911,MT012577.1,L,partial,Orthohantavirus hantanense
912,MT012578.1,L,partial,Orthohantavirus hantanense
913,MT012579.1,L,partial,Orthohantavirus hantanense
914,MT012580.1,L,partial,Orthohantavirus hantanense
915,MT012581.1,L,partial,Orthohantavirus hantanense
916,MN624149.1,L,partial,Orthohantavirus hantanense
917,MN624150.1,L,partial,Orthohantavirus hantanense
918,MN624151.1,L,partial,Orthohantavirus hantanense
919,MN624152.1,L,partial,Orthohantavirus hantanense
920,MN624153.1,L,partial,Orthohantavirus hantanense
921,MN624154.1,L,partial,Orthohantavirus hantanense
922,MN624155.1,L,partial,Orthohantavirus hantanense
923,MN624156.1,L,partial,Orthohantavirus hantanense
924,MN624157.1,L,partial,Orthohantavirus hantanense
925,MN624158.1,L,partial,Orthohantavirus hantanense
926,MN624159.1,L,partial,Orthohantavirus hantanense
927,MN624160.1,L,partial,Orthohantavirus hantanense
928,MN624161.1,L,partial,Orthohantavirus hantanense
929,MN624162.1,L,partial,Orthohantavirus hantanense
930,MN624163.1,L,partial,Orthohantavirus hantanense
931,MN624164.1,L,partial,Orthohantavirus hantanense
932,MN624165.1,L,partial,Orthohantavirus hantanense
933,MN608058.1,S,partial,Orthohantavirus hantanense
934,MN608059.1,S,partial,Orthohantavirus hantanense
935,MN608060.1,S,partial,Orthohantavirus hantanense
936,MN608061.1,S,partial,Orthohantavirus hantanense
937,MN608062.1,S,partial,Orthohantavirus hantanense
938,MN608063.1,S,partial,Orthohantavirus hantanense
939,MN608064.1,S,partial,Orthohantavirus hantanense
940,MN608065.1,S,partial,Orthohantavirus hantanense
941,MN608066.1,S,partial,Orthohantavirus hantanense
942,MN608067.1,S,partial,Orthohantavirus hantanense
943,MN608068.1,S,partial,Orthohantavirus hantanense
944,MN608069.1,M,partial,Orthohantavirus hantanense
945,MN608070.1,M,partial,Orthohantavirus hantanense
946,MN608071.1,M,partial,Orthohantavirus hantanense
947,MN608072.1,M,partial,Orthohantavirus hantanense
948,MN608073.1,M,partial,Orthohantavirus hantanense
949,MN608074.1,M,partial,Orthohantavirus hantanense
950,MN608075.1,M,partial,Orthohantavirus hantanense
951,MN608076.1,M,partial,Orthohantavirus hantanense
952,MN608077.1,M,partial,Orthohantavirus hantanense
953,MN608078.1,M,partial,Orthohantavirus hantanense
954,MN608079.1,M,partial,Orthohantavirus hantanense
955,MN608080.1,L,partial,Orthohantavirus hantanense
956,MN608081.1,L,partial,Orthohantavirus hantanense
957,MN608082.1,L,partial,Orthohantavirus hantanense
958,MN608083.1,L,partial,Orthohantavirus hantanense
959,MN608084.1,L,partial,Orthohantavirus hantanense
960,MN608085.1,L,partial,Orthohantavirus hantanense
961,MN608086.1,L,partial,Orthohantavirus hantanense
962,MN608087.1,L,partial,Orthohantavirus hantanense
963,MN608088.1,L,partial,Orthohantavirus hantanense
964,MN608089.1,L,partial,Orthohantavirus hantanense
965,MN608090.1,L,partial,Orthohantavirus hantanense
966,MN608091.1,S,partial,Orthohantavirus hantanense
967,MN608092.1,S,partial,Orthohantavirus hantanense
968,MN608093.1,S,partial,Orthohantavirus hantanense
969,MN608094.1,S,partial,Orthohantavirus hantanense
970,MN608095.1,S,partial,Orthohantavirus hantanense
971,MN608096.1,S,partial,Orthohantavirus hantanense
972,MN608097.1,S,partial,Orthohantavirus hantanense
973,MN608098.1,M,partial,Orthohantavirus hantanense
974,MN608099.1,M,partial,Orthohantavirus hantanense
975,MN608100.1,M,partial,Orthohantavirus hantanense
976,MN608101.1,M,partial,Orthohantavirus hantanense
977,MN608102.1,M,partial,Orthohantavirus hantanense
978,MN608103.1,M,partial,Orthohantavirus hantanense
979,MN608104.1,M,partial,Orthohantavirus hantanense
980,MN608105.1,L,partial,Orthohantavirus hantanense
981,MN608106.1,L,partial,Orthohantavirus hantanense
982,MN608107.1,L,partial,Orthohantavirus hantanense
983,MN608108.1,L,partial,Orthohantavirus hantanense
984,MN608109.1,L,partial,Orthohantavirus hantanense
985,MN608110.1,L,partial,Orthohantavirus hantanense
986,MN608111.1,L,partial,Orthohantavirus hantanense
987,MK548646.1,S,complete,Orthohantavirus hantanense
988,MK548649.1,S,complete,Orthohantavirus hantanense
989,MK548650.1,S,complete,Orthohantavirus hantanense
990,MK548651.1,S,complete,Orthohantavirus hantanense
991,MK548655.1,M,complete,Orthohantavirus hantanense
992,MK548658.1,M,complete,Orthohantavirus hantanense
993,MK548659.1,M,complete,Orthohantavirus hantanense
994,MK548660.1,M,complete,Orthohantavirus hantanense
995,MK548664.1,L,complete,Orthohantavirus hantanense
996,MK548667.1,L,complete,Orthohantavirus hantanense
997,MK548668.1,L,complete,Orthohantavirus hantanense
998,MK548669.1,L,complete,Orthohantavirus hantanense
999,MK548673.1,S,complete,Orthohantavirus hantanense
1000,MK548674.1,S,complete,Orthohantavirus hantanense
1001,MK548675.1,S,complete,Orthohantavirus hantanense
1002,MK548676.1,S,complete,Orthohantavirus hantanense
1003,MK548682.1,M,complete,Orthohantavirus hantanense
1004,MK548683.1,M,complete,Orthohantavirus hantanense
1005,MK548684.1,M,complete,Orthohantavirus hantanense
1006,MK548685.1,M,complete,Orthohantavirus hantanense
1007,MK548691.1,L,complete,Orthohantavirus hantanense
1008,MK548692.1,L,complete,Orthohantavirus hantanense
1009,MK548693.1,L,complete,Orthohantavirus hantanense
1010,MK548694.1,L,complete,Orthohantavirus hantanense
1011,MN478382.1,S,complete,Orthohantavirus hantanense
1012,MN478383.1,S,complete,Orthohantavirus hantanense
1013,MN478384.1,S,complete,Orthohantavirus hantanense
1014,MN478385.1,S,complete,Orthohantavirus hantanense
1015,MN478386.1,S,complete,Orthohantavirus hantanense
1016,MN478387.1,S,complete,Orthohantavirus hantanense
1017,MN478388.1,S,complete,Orthohantavirus hantanense
1018,MN478389.1,S,complete,Orthohantavirus hantanense
1019,MN478390.1,S,complete,Orthohantavirus hantanense
1020,MN478391.1,S,complete,Orthohantavirus hantanense
1021,MN478392.1,S,complete,Orthohantavirus hantanense
1022,MN478393.1,S,complete,Orthohantavirus hantanense
1023,MN478394.1,S,complete,Orthohantavirus hantanense
1024,MN478395.1,S,complete,Orthohantavirus hantanense
1025,MN478396.1,S,complete,Orthohantavirus hantanense
1026,MN478397.1,S,complete,Orthohantavirus hantanense
1027,MN478398.1,M,partial,Orthohantavirus hantanense
1028,MN478399.1,M,partial,Orthohantavirus hantanense
1029,MN478400.1,M,partial,Orthohantavirus hantanense
1030,MN478401.1,M,partial,Orthohantavirus hantanense
1031,MN478402.1,M,partial,Orthohantavirus hantanense
1032,MN478403.1,M,partial,Orthohantavirus hantanense
1033,MN478404.1,M,partial,Orthohantavirus hantanense
1034,MN478405.1,M,partial,Orthohantavirus hantanense
1035,MN478406.1,M,partial,Orthohantavirus hantanense
1036,MN478407.1,M,partial,Orthohantavirus hantanense
1037,MN478408.1,M,partial,Orthohantavirus hantanense
1038,MN478409.1,M,partial,Orthohantavirus hantanense
1039,MN478410.1,M,partial,Orthohantavirus hantanense
1040,MN478411.1,M,partial,Orthohantavirus hantanense
1041,MN478412.1,M,partial,Orthohantavirus hantanense
1042,MN478413.1,M,partial,Orthohantavirus hantanense
1043,MN507673.1,L,partial,Orthohantavirus hantanense
1044,MN507674.1,L,partial,Orthohantavirus hantanense
1045,MN507675.1,L,partial,Orthohantavirus hantanense
1046,MN507676.1,L,partial,Orthohantavirus hantanense
1047,MN507677.1,L,partial,Orthohantavirus hantanense
1048,MN507678.1,L,partial,Orthohantavirus hantanense
1049,MN507679.1,L,partial,Orthohantavirus hantanense
1050,MN507680.1,L,partial,Orthohantavirus hantanense
1051,MN507681.1,L,partial,Orthohantavirus hantanense
1052,MN507682.1,L,partial,Orthohantavirus hantanense
1053,MN507683.1,L,partial,Orthohantavirus hantanense
1054,MN507684.1,L,partial,Orthohantavirus hantanense
1055,MN507685.1,L,partial,Orthohantavirus hantanense
1056,MN507686.1,L,partial,Orthohantavirus hantanense
1057,MN507687.1,L,partial,Orthohantavirus hantanense
1058,MN507688.1,L,partial,Orthohantavirus hantanense
1059,MN507689.1,L,partial,Orthohantavirus hantanense
1060,MN507690.1,L,partial,Orthohantavirus hantanense
1061,MN507691.1,S,partial,Orthohantavirus hantanense
1062,MN507692.1,S,partial,Orthohantavirus hantanense
1063,MN507693.1,S,partial,Orthohantavirus hantanense
1064,MN507694.1,S,partial,Orthohantavirus hantanense
1065,MN507695.1,S,partial,Orthohantavirus hantanense
1066,MN507696.1,S,partial,Orthohantavirus hantanense
1067,MN507697.1,S,partial,Orthohantavirus hantanense
1068,MN507698.1,S,partial,Orthohantavirus hantanense
1069,MN507699.1,S,partial,Orthohantavirus hantanense
1070,MK548647.1,S,complete,Orthohantavirus hantanense
1071,MK548648.1,S,complete,Orthohantavirus hantanense
1072,MK548652.1,S,complete,Orthohantavirus hantanense
1073,MK548653.1,S,complete,Orthohantavirus hantanense
1074,MK548654.1,S,complete,Orthohantavirus hantanense
1075,MK548656.1,M,complete,Orthohantavirus hantanense
1076,MK548657.1,M,complete,Orthohantavirus hantanense
1077,MK548661.1,M,complete,Orthohantavirus hantanense
1078,MK548662.1,M,complete,Orthohantavirus hantanense
1079,MK548663.1,M,complete,Orthohantavirus hantanense
1080,MK548665.1,L,complete,Orthohantavirus hantanense
1081,MK548666.1,L,complete,Orthohantavirus hantanense
1082,MK548670.1,L,complete,Orthohantavirus hantanense
1083,MK548671.1,L,complete,Orthohantavirus hantanense
1084,MK548672.1,L,complete,Orthohantavirus hantanense
1085,MK548677.1,S,complete,Orthohantavirus hantanense
1086,MK548678.1,S,complete,Orthohantavirus hantanense
1087,MK548679.1,S,complete,Orthohantavirus hantanense
1088,MK548680.1,S,complete,Orthohantavirus hantanense
1089,MK548681.1,S,complete,Orthohantavirus hantanense
1090,MK548686.1,M,complete,Orthohantavirus hantanense
1091,MK548687.1,M,complete,Orthohantavirus hantanense
1092,MK548688.1,M,complete,Orthohantavirus hantanense
1093,MK548689.1,M,complete,Orthohantavirus hantanense
1094,MK548690.1,M,complete,Orthohantavirus hantanense
1095,MK548695.1,L,complete,Orthohantavirus hantanense
1096,MK548696.1,L,complete,Orthohantavirus hantanense
1097,MK548697.1,L,complete,Orthohantavirus hantanense
1098,MK548698.1,L,complete,Orthohantavirus hantanense
1099,MK548699.1,L,complete,Orthohantavirus hantanense
1100,MK189285.1,L,partial,Orthohantavirus hantanense
1101,MK189286.1,L,partial,Orthohantavirus hantanense
1102,MK189287.1,L,partial,Orthohantavirus hantanense
1103,MK189288.1,L,partial,Orthohantavirus hantanense
1104,MK189289.1,L,partial,Orthohantavirus hantanense
1105,MK189290.1,L,partial,Orthohantavirus hantanense
1106,MK189291.1,L,partial,Orthohantavirus hantanense
1107,MK189292.1,L,partial,Orthohantavirus hantanense
1108,MK189293.1,L,partial,Orthohantavirus hantanense
1109,MK189294.1,L,partial,Orthohantavirus hantanense
1110,MK189295.1,L,partial,Orthohantavirus hantanense
1111,MK189296.1,L,partial,Orthohantavirus hantanense
1112,MK189297.1,L,partial,Orthohantavirus hantanense
1113,MK189298.1,L,partial,Orthohantavirus hantanense
1114,MK189299.1,L,partial,Orthohantavirus hantanense
1115,MK189300.1,L,partial,Orthohantavirus hantanense
1116,MK636781.1,S,partial,Orthohantavirus hantanense
1117,MK636782.1,S,partial,Orthohantavirus hantanense
1118,MK636783.1,S,partial,Orthohantavirus hantanense
1119,MK636784.1,S,partial,Orthohantavirus hantanense
1120,MK636785.1,S,partial,Orthohantavirus hantanense
1121,MK636786.1,S,partial,Orthohantavirus hantanense
1122,MK636787.1,S,partial,Orthohantavirus hantanense
1123,MK636788.1,S,partial,Orthohantavirus hantanense
1124,MK636789.1,S,partial,Orthohantavirus hantanense
1125,MK636790.1,S,partial,Orthohantavirus hantanense
1126,MK636791.1,S,partial,Orthohantavirus hantanense
1127,MK636792.1,S,partial,Orthohantavirus hantanense
1128,MK636793.1,S,partial,Orthohantavirus hantanense
1129,MK636794.1,S,partial,Orthohantavirus hantanense
1130,MK636795.1,S,partial,Orthohantavirus hantanense
1131,MK636796.1,S,partial,Orthohantavirus hantanense
1132,MK636797.1,S,partial,Orthohantavirus hantanense
1133,MK636801.1,S,partial,Orthohantavirus hantanense
1134,MK158086.1,M,partial,Orthohantavirus hantanense
1135,MK158087.1,M,partial,Orthohantavirus hantanense
1136,MK158088.1,M,partial,Orthohantavirus hantanense
1137,MK158089.1,M,partial,Orthohantavirus hantanense
1138,MK158090.1,M,partial,Orthohantavirus hantanense
1139,MK158091.1,M,partial,Orthohantavirus hantanense
1140,MK158092.1,M,partial,Orthohantavirus hantanense
1141,MK158093.1,M,partial,Orthohantavirus hantanense
1142,MK158094.1,M,partial,Orthohantavirus hantanense
1143,MH598466.1,L,partial,Orthohantavirus hantanense
1144,MH598467.1,L,partial,Orthohantavirus hantanense
1145,MH598468.1,L,partial,Orthohantavirus hantanense
1146,MH598469.1,L,partial,Orthohantavirus hantanense
1147,MH598470.1,L,partial,Orthohantavirus hantanense
1148,MH598471.1,L,partial,Orthohantavirus hantanense
1149,MH598472.1,L,partial,Orthohantavirus hantanense
1150,MH598473.1,L,partial,Orthohantavirus hantanense
1151,MH598474.1,L,partial,Orthohantavirus hantanense
1152,MH598475.1,L,partial,Orthohantavirus hantanense
1153,MH598476.1,L,partial,Orthohantavirus hantanense
1154,MH598477.1,L,partial,Orthohantavirus hantanense
1155,MH598478.1,L,partial,Orthohantavirus hantanense
1156,MH598479.1,L,partial,Orthohantavirus hantanense
1157,MH598480.1,M,partial,Orthohantavirus hantanense
1158,MH598481.1,M,partial,Orthohantavirus hantanense
1159,MH598482.1,M,partial,Orthohantavirus hantanense
1160,MH598483.1,M,partial,Orthohantavirus hantanense
1161,MH598484.1,M,partial,Orthohantavirus hantanense
1162,MH598485.1,M,partial,Orthohantavirus hantanense
1163,MH598486.1,M,partial,Orthohantavirus hantanense
1164,MH598487.1,M,partial,Orthohantavirus hantanense
1165,MH598488.1,M,partial,Orthohantavirus hantanense
1166,MH598489.1,M,partial,Orthohantavirus hantanense
1167,MH598490.1,M,partial,Orthohantavirus hantanense
1168,MH598491.1,M,partial,Orthohantavirus hantanense
1169,MH598492.1,M,partial,Orthohantavirus hantanense
1170,MH598493.1,M,partial,Orthohantavirus hantanense
1171,MH598494.1,S,partial,Orthohantavirus hantanense
1172,MH598495.1,S,partial,Orthohantavirus hantanense
1173,MH598496.1,S,partial,Orthohantavirus hantanense
1174,MH598497.1,S,partial,Orthohantavirus hantanense
1175,MH598498.1,S,partial,Orthohantavirus hantanense
1176,MH598499.1,S,partial,Orthohantavirus hantanense
1177,MH598500.1,S,partial,Orthohantavirus hantanense
1178,MH598501.1,S,partial,Orthohantavirus hantanense
1179,MH598502.1,S,partial,Orthohantavirus hantanense
1180,MH598503.1,S,partial,Orthohantavirus hantanense
1181,MH598504.1,S,partial,Orthohantavirus hantanense
1182,MH598505.1,S,partial,Orthohantavirus hantanense
1183,MH598506.1,S,partial,Orthohantavirus hantanense
1184,MH598507.1,S,partial,Orthohantavirus hantanense
1185,MH251328.1,S,partial,Orthohantavirus hantanense
1186,MH251329.1,M,partial,Orthohantavirus hantanense
1187,MH251330.1,L,partial,Orthohantavirus hantanense
1188,MF141748.1,L,partial,Orthohantavirus hantanense
1189,MF141749.1,L,partial,Orthohantavirus hantanense
1190,MF141750.1,L,partial,Orthohantavirus hantanense
1191,MF141751.1,L,partial,Orthohantavirus hantanense
1192,MF141752.1,L,partial,Orthohantavirus hantanense
1193,MF141753.1,L,partial,Orthohantavirus hantanense
1194,MF141754.1,L,partial,Orthohantavirus hantanense
1195,MF141755.1,L,partial,Orthohantavirus hantanense
1196,MF141756.1,L,partial,Orthohantavirus hantanense
1197,MF141757.1,L,partial,Orthohantavirus hantanense
1198,MF141758.1,L,partial,Orthohantavirus hantanense
1199,MF141759.1,L,partial,Orthohantavirus hantanense
1200,MF141760.1,L,partial,Orthohantavirus hantanense
1201,MF141761.1,L,partial,Orthohantavirus hantanense
1202,MF141762.1,L,partial,Orthohantavirus hantanense
1203,MF141763.1,L,partial,Orthohantavirus hantanense
1204,MF141764.1,L,partial,Orthohantavirus hantanense
1205,MF141765.1,L,partial,Orthohantavirus hantanense
1206,MF141766.1,L,partial,Orthohantavirus hantanense
1207,MF141796.1,M,partial,Orthohantavirus hantanense
1208,MF141797.1,M,partial,Orthohantavirus hantanense
1209,MF141798.1,M,partial,Orthohantavirus hantanense
1210,MF141799.1,M,partial,Orthohantavirus hantanense
1211,MF141800.1,M,partial,Orthohantavirus hantanense
1212,MF141801.1,M,partial,Orthohantavirus hantanense
1213,MF141802.1,M,partial,Orthohantavirus hantanense
1214,MF141803.1,M,partial,Orthohantavirus hantanense
1215,MF141804.1,M,partial,Orthohantavirus hantanense
1216,MF141805.1,M,partial,Orthohantavirus hantanense
1217,MF141806.1,M,partial,Orthohantavirus hantanense
1218,MF141807.1,M,partial,Orthohantavirus hantanense
1219,MF141808.1,M,partial,Orthohantavirus hantanense
1220,MF141809.1,M,partial,Orthohantavirus hantanense
1221,MF141810.1,M,partial,Orthohantavirus hantanense
1222,MF141811.1,M,partial,Orthohantavirus hantanense
1223,MF141812.1,M,partial,Orthohantavirus hantanense
1224,MF141813.1,M,partial,Orthohantavirus hantanense
1225,MF141814.1,M,partial,Orthohantavirus hantanense
1226,MF141815.1,M,partial,Orthohantavirus hantanense
1227,MF141816.1,M,partial,Orthohantavirus hantanense
1228,MF141817.1,M,partial,Orthohantavirus hantanense
1229,MF141818.1,M,partial,Orthohantavirus hantanense
1230,MF141819.1,M,partial,Orthohantavirus hantanense
1231,MF141820.1,M,partial,Orthohantavirus hantanense
1232,MF141821.1,M,partial,Orthohantavirus hantanense
1233,MF141822.1,M,partial,Orthohantavirus hantanense
1234,MF141823.1,M,partial,Orthohantavirus hantanense
1235,MF141824.1,S,partial,Orthohantavirus hantanense
1236,MF141825.1,S,partial,Orthohantavirus hantanense
1237,MF141826.1,S,partial,Orthohantavirus hantanense
1238,MF141827.1,S,partial,Orthohantavirus hantanense
1239,MF141828.1,S,partial,Orthohantavirus hantanense
1240,MF141829.1,S,partial,Orthohantavirus hantanense
1241,MF141830.1,S,partial,Orthohantavirus hantanense
1242,MF141831.1,S,partial,Orthohantavirus hantanense
1243,MF141832.1,S,partial,Orthohantavirus hantanense
1244,MF141833.1,S,partial,Orthohantavirus hantanense
1245,MF141834.1,S,partial,Orthohantavirus hantanense
1246,MF141835.1,S,partial,Orthohantavirus hantanense
1247,MF141836.1,S,partial,Orthohantavirus hantanense
1248,MF141837.1,S,partial,Orthohantavirus hantanense
1249,MF141838.1,S,partial,Orthohantavirus hantanense
1250,MF141839.1,S,partial,Orthohantavirus hantanense
1251,KX119152.1,M,partial,Orthohantavirus hantanense
1252,KX119153.1,M,partial,Orthohantavirus hantanense
1253,KX119154.1,M,partial,Orthohantavirus hantanense
1254,KX119155.1,M,partial,Orthohantavirus hantanense
1255,KX119156.1,M,partial,Orthohantavirus hantanense
1256,KX119157.1,M,partial,Orthohantavirus hantanense
1257,KX119158.1,M,partial,Orthohantavirus hantanense
1258,KX119159.1,M,partial,Orthohantavirus hantanense
1259,KX119160.1,M,partial,Orthohantavirus hantanense
1260,KX119161.1,M,partial,Orthohantavirus hantanense
1261,KX119162.1,M,partial,Orthohantavirus hantanense
1262,KY978755.1,S,complete,Orthohantavirus hantanense
1263,KY978756.1,M,complete,Orthohantavirus hantanense
1264,KY978757.1,L,complete,Orthohantavirus hantanense
1265,MG663537.1,L,partial,Orthohantavirus hantanense
1266,MG663538.1,M,partial,Orthohantavirus hantanense
1267,MG663539.1,S,partial,Orthohantavirus hantanense
1268,KY817594.1,M,partial,Orthohantavirus hantanense
1269,KY817595.1,M,partial,Orthohantavirus hantanense
1270,KY817596.1,M,partial,Orthohantavirus hantanense
1271,KY817597.1,M,partial,Orthohantavirus hantanense
1272,KX775445.1,L,partial,Orthohantavirus hantanense
1273,KX775447.1,L,partial,Orthohantavirus hantanense
1274,KX775450.1,L,partial,Orthohantavirus hantanense
1275,KX775454.1,L,partial,Orthohantavirus hantanense
1276,KX775455.1,L,partial,Orthohantavirus hantanense
1277,KX775456.1,L,partial,Orthohantavirus hantanense
1278,KX775457.1,L,partial,Orthohantavirus hantanense
1279,KX775458.1,L,partial,Orthohantavirus hantanense
1280,KX775459.1,L,partial,Orthohantavirus hantanense
1281,KX775465.1,L,partial,Orthohantavirus hantanense
1282,KX775466.1,L,partial,Orthohantavirus hantanense
1283,KY468949.1,L,partial,Orthohantavirus hantanense
1284,KY468950.1,L,partial,Orthohantavirus hantanense
1285,KY468951.1,L,partial,Orthohantavirus hantanense
1286,KY468952.1,L,partial,Orthohantavirus hantanense
1287,KY468953.1,L,partial,Orthohantavirus hantanense
1288,KY468954.1,L,partial,Orthohantavirus hantanense
1289,KY468955.1,L,partial,Orthohantavirus hantanense
1290,KY468956.1,L,partial,Orthohantavirus hantanense
1291,KY468957.1,L,partial,Orthohantavirus hantanense
1292,KY283955.1,S,partial,Orthohantavirus hantanense
1293,KY283956.1,S,partial,Orthohantavirus hantanense
1294,LC209206.1,S,partial,Orthohantavirus hantanense
1295,LC209207.1,S,partial,Orthohantavirus hantanense
1296,LC209208.1,M,partial,Orthohantavirus hantanense
1297,LC209209.1,M,partial,Orthohantavirus hantanense
1298,LC209210.1,L,partial,Orthohantavirus hantanense
1299,LC209211.1,L,partial,Orthohantavirus hantanense
1300,KY807166.1,S,partial,Orthohantavirus hantanense
1301,KY807167.1,S,partial,Orthohantavirus hantanense
1302,KY807168.1,S,partial,Orthohantavirus hantanense
1303,KY807172.1,S,partial,Orthohantavirus hantanense
1304,KY131795.1,L,partial,Orthohantavirus hantanense
1305,KY594712.1,L,complete,Orthohantavirus hantanense
1306,KY594713.1,L,complete,Orthohantavirus hantanense
1307,KY594714.1,L,complete,Orthohantavirus hantanense
1308,KY594715.1,M,complete,Orthohantavirus hantanense
1309,KY594716.1,M,complete,Orthohantavirus hantanense
1310,KY594717.1,M,complete,Orthohantavirus hantanense
1311,KY594718.1,S,complete,Orthohantavirus hantanense
1312,KY594719.1,S,complete,Orthohantavirus hantanense
1313,KY594720.1,S,complete,Orthohantavirus hantanense
1314,KX601186.1,S,partial,Orthohantavirus hantanense
1344,KY357322.1,S,partial,Orthohantavirus hantanense
1345,KY357323.1,S,partial,Orthohantavirus hantanense
1346,KY357324.1,S,partial,Orthohantavirus hantanense
1347,KY357325.1,S,partial,Orthohantavirus hantanense
1348,KU207153.1,L,complete,Orthohantavirus hantanense
1349,KU207154.1,L,complete,Orthohantavirus hantanense
1350,KU207155.1,L,complete,Orthohantavirus hantanense
1351,KU207156.1,L,complete,Orthohantavirus hantanense
1352,KU207157.1,L,complete,Orthohantavirus hantanense
1353,KU207158.1,L,complete,Orthohantavirus hantanense
1354,KU207159.1,L,complete,Orthohantavirus hantanense
1355,KU207160.1,M,partial,Orthohantavirus hantanense
1356,KU207161.1,M,partial,Orthohantavirus hantanense
1357,KU207162.1,M,partial,Orthohantavirus hantanense
1358,KU207163.1,M,partial,Orthohantavirus hantanense
1359,KU207164.1,M,partial,Orthohantavirus hantanense
1360,KU207165.1,M,partial,Orthohantavirus hantanense
1361,KU207166.1,M,partial,Orthohantavirus hantanense
1362,KU207167.1,S,partial,Orthohantavirus hantanense
1363,KU207168.1,S,partial,Orthohantavirus hantanense
1364,KU207169.1,S,partial,Orthohantavirus hantanense
1365,KU207170.1,S,partial,Orthohantavirus hantanense
1366,KU207171.1,S,partial,Orthohantavirus hantanense
1367,KU207172.1,S,partial,Orthohantavirus hantanense
1368,KU207173.1,S,partial,Orthohantavirus hantanense
1369,KX687227.1,M,complete,Orthohantavirus hantanense
1370,KX687228.1,M,complete,Orthohantavirus hantanense
1371,KX687229.1,M,complete,Orthohantavirus hantanense
1372,KX687230.1,M,complete,Orthohantavirus hantanense
1373,KX687231.1,M,complete,Orthohantavirus hantanense
1374,KX687232.1,S,complete,Orthohantavirus hantanense
1375,KX687233.1,S,complete,Orthohantavirus hantanense
1376,KX687234.1,S,complete,Orthohantavirus hantanense
1377,KX687235.1,S,complete,Orthohantavirus hantanense
1378,KX687236.1,S,complete,Orthohantavirus hantanense
1379,KX687237.1,L,complete,Orthohantavirus hantanense
1380,KX687238.1,L,complete,Orthohantavirus hantanense
1381,KX687239.1,L,complete,Orthohantavirus hantanense
1382,KX687240.1,L,complete,Orthohantavirus hantanense
1383,KX687241.1,L,complete,Orthohantavirus hantanense
1384,KT893875.1,M,partial,Orthohantavirus hantanense
1385,KT893876.1,M,partial,Orthohantavirus hantanense
1386,KT893877.1,M,partial,Orthohantavirus hantanense
1387,KT893878.1,M,partial,Orthohantavirus hantanense
1388,KT893879.1,M,partial,Orthohantavirus hantanense
1389,KT893880.1,M,partial,Orthohantavirus hantanense
1390,KT893881.1,M,partial,Orthohantavirus hantanense
1391,KT893882.1,M,partial,Orthohantavirus hantanense
1392,KT893883.1,M,partial,Orthohantavirus hantanense
1393,KT893884.1,M,partial,Orthohantavirus hantanense
1394,KT893885.1,M,partial,Orthohantavirus hantanense
1395,KT893886.1,M,partial,Orthohantavirus hantanense
1396,KT893887.1,M,partial,Orthohantavirus hantanense
1397,KT893888.1,M,partial,Orthohantavirus hantanense
1398,KT893889.1,M,partial,Orthohantavirus hantanense
1399,KT893890.1,M,partial,Orthohantavirus hantanense
1400,KT893891.1,M,partial,Orthohantavirus hantanense
1401,KT893892.1,M,partial,Orthohantavirus hantanense
1402,KT893893.1,M,partial,Orthohantavirus hantanense
1403,KT893894.1,M,partial,Orthohantavirus hantanense
1404,KT893895.1,M,partial,Orthohantavirus hantanense
1405,KT893896.1,M,partial,Orthohantavirus hantanense
1406,KU207174.1,L,partial,Orthohantavirus hantanense
1407,KU207175.1,L,partial,Orthohantavirus hantanense
1408,KU207176.1,L,partial,Orthohantavirus hantanense
1409,KU207177.1,L,partial,Orthohantavirus hantanense
1410,KU207178.1,L,partial,Orthohantavirus hantanense
1411,KU207179.1,L,partial,Orthohantavirus hantanense
1412,KU207180.1,L,partial,Orthohantavirus hantanense
1413,KU207181.1,L,partial,Orthohantavirus hantanense
1414,KU207182.1,M,partial,Orthohantavirus hantanense
1415,KU207183.1,M,partial,Orthohantavirus hantanense
1416,KU207184.1,M,partial,Orthohantavirus hantanense
1417,KU207185.1,M,partial,Orthohantavirus hantanense
1418,KU207186.1,M,partial,Orthohantavirus hantanense
1419,KU207187.1,M,partial,Orthohantavirus hantanense
1420,KU207188.1,M,partial,Orthohantavirus hantanense
1421,KU207189.1,M,partial,Orthohantavirus hantanense
1422,KU207190.1,S,partial,Orthohantavirus hantanense
1423,KU207191.1,S,partial,Orthohantavirus hantanense
1424,KU207192.1,S,partial,Orthohantavirus hantanense
1425,KU207193.1,S,partial,Orthohantavirus hantanense
1426,KU207194.1,S,partial,Orthohantavirus hantanense
1427,KU207195.1,S,partial,Orthohantavirus hantanense
1428,KU207196.1,S,partial,Orthohantavirus hantanense
1429,KU207197.1,S,partial,Orthohantavirus hantanense
1430,KU207198.1,L,partial,Orthohantavirus hantanense
1431,KU207199.1,L,partial,Orthohantavirus hantanense
1432,KU207200.1,L,partial,Orthohantavirus hantanense
1433,KU207201.1,L,partial,Orthohantavirus hantanense
1434,KU207202.1,M,partial,Orthohantavirus hantanense
1435,KU207203.1,M,partial,Orthohantavirus hantanense
1436,KU207204.1,M,partial,Orthohantavirus hantanense
1437,KU207205.1,M,partial,Orthohantavirus hantanense
1438,KU207206.1,S,partial,Orthohantavirus hantanense
1439,KU207207.1,S,partial,Orthohantavirus hantanense
1440,KU207208.1,S,partial,Orthohantavirus hantanense
1441,KU207209.1,S,partial,Orthohantavirus hantanense
1442,KU215675.1,L,complete,Orthohantavirus hantanense
1443,KT934956.1,L,complete,Orthohantavirus hantanense
1444,KT934957.1,L,complete,Orthohantavirus hantanense
1445,KT934958.1,L,complete,Orthohantavirus hantanense
1446,KT934959.1,L,complete,Orthohantavirus hantanense
1447,KT934960.1,L,complete,Orthohantavirus hantanense
1448,KT934961.1,L,complete,Orthohantavirus hantanense
1449,KT934962.1,L,complete,Orthohantavirus hantanense
1450,KT934963.1,L,complete,Orthohantavirus hantanense
1451,KT934964.1,L,complete,Orthohantavirus hantanense
1452,KT934965.1,L,complete,Orthohantavirus hantanense
1453,KT934966.1,L,complete,Orthohantavirus hantanense
1454,KT934967.1,L,complete,Orthohantavirus hantanense
1455,KT934968.1,L,complete,Orthohantavirus hantanense
1456,KT934969.1,L,complete,Orthohantavirus hantanense
1457,KT934970.1,L,complete,Orthohantavirus hantanense
1458,KT934971.1,L,complete,Orthohantavirus hantanense
1459,KT934972.1,L,complete,Orthohantavirus hantanense
1460,KT934973.1,L,complete,Orthohantavirus hantanense
1461,KT934974.1,L,complete,Orthohantavirus hantanense
1462,KT934975.1,L,complete,Orthohantavirus hantanense
1463,KT934976.1,L,complete,Orthohantavirus hantanense
1464,KT934977.1,L,complete,Orthohantavirus hantanense
1465,KT934978.1,L,complete,Orthohantavirus hantanense
1466,KT934979.1,L,complete,Orthohantavirus hantanense
1467,KT934980.1,L,complete,Orthohantavirus hantanense
1468,KT934981.1,L,complete,Orthohantavirus hantanense
1469,KT934982.1,L,complete,Orthohantavirus hantanense
1470,KT934983.1,L,complete,Orthohantavirus hantanense
1471,KT934984.1,L,complete,Orthohantavirus hantanense
1472,KT934985.1,L,complete,Orthohantavirus hantanense
1473,KT934986.1,L,complete,Orthohantavirus hantanense
1474,KT934987.1,L,complete,Orthohantavirus hantanense
1475,KT934988.1,L,complete,Orthohantavirus hantanense
1476,KT934989.1,L,complete,Orthohantavirus hantanense
1477,KT934990.1,M,partial,Orthohantavirus hantanense
1478,KT934991.1,M,partial,Orthohantavirus hantanense
1479,KT934992.1,M,partial,Orthohantavirus hantanense
1480,KT934993.1,M,partial,Orthohantavirus hantanense
1481,KT934994.1,M,partial,Orthohantavirus hantanense
1482,KT934995.1,M,partial,Orthohantavirus hantanense
1483,KT934996.1,M,partial,Orthohantavirus hantanense
1484,KT934997.1,M,partial,Orthohantavirus hantanense
1485,KT934998.1,M,partial,Orthohantavirus hantanense
1486,KT934999.1,M,partial,Orthohantavirus hantanense
1487,KT935000.1,M,partial,Orthohantavirus hantanense
1488,KT935001.1,M,partial,Orthohantavirus hantanense
1489,KT935002.1,M,partial,Orthohantavirus hantanense
1490,KT935003.1,M,partial,Orthohantavirus hantanense
1491,KT935004.1,M,partial,Orthohantavirus hantanense
1492,KT935005.1,M,partial,Orthohantavirus hantanense
1493,KT935006.1,M,partial,Orthohantavirus hantanense
1494,KT935007.1,M,partial,Orthohantavirus hantanense
1495,KT935008.1,M,partial,Orthohantavirus hantanense
1496,KT935009.1,M,partial,Orthohantavirus hantanense
1497,KT935010.1,M,partial,Orthohantavirus hantanense
1498,KT935011.1,M,partial,Orthohantavirus hantanense
1499,KT935012.1,M,partial,Orthohantavirus hantanense
1500,KT935013.1,M,partial,Orthohantavirus hantanense
1501,KT935014.1,M,partial,Orthohantavirus hantanense
1502,KT935015.1,M,partial,Orthohantavirus hantanense
1503,KT935016.1,M,partial,Orthohantavirus hantanense
1504,KT935017.1,M,partial,Orthohantavirus hantanense
1505,KT935018.1,M,partial,Orthohantavirus hantanense
1506,KT935019.1,M,partial,Orthohantavirus hantanense
1507,KT935020.1,M,partial,Orthohantavirus hantanense
1508,KT935021.1,M,partial,Orthohantavirus hantanense
1509,KT935022.1,M,partial,Orthohantavirus hantanense
1510,KT935023.1,M,partial,Orthohantavirus hantanense
1511,KT935024.1,S,partial,Orthohantavirus hantanense
1512,KT935025.1,S,partial,Orthohantavirus hantanense
1513,KT935026.1,S,partial,Orthohantavirus hantanense
1514,KT935027.1,S,partial,Orthohantavirus hantanense
1515,KT935028.1,S,partial,Orthohantavirus hantanense
1516,KT935029.1,S,partial,Orthohantavirus hantanense
1517,KT935030.1,S,partial,Orthohantavirus hantanense
1518,KT935031.1,S,partial,Orthohantavirus hantanense
1519,KT935032.1,S,partial,Orthohantavirus hantanense
1520,KT935033.1,S,partial,Orthohantavirus hantanense
1521,KT935034.1,S,partial,Orthohantavirus hantanense
1522,KT935035.1,S,partial,Orthohantavirus hantanense
1523,KT935036.1,S,partial,Orthohantavirus hantanense
1524,KT935037.1,S,partial,Orthohantavirus hantanense
1525,KT935038.1,S,partial,Orthohantavirus hantanense
1526,KT935039.1,S,partial,Orthohantavirus hantanense
1527,KT935040.1,S,partial,Orthohantavirus hantanense
1528,KT935041.1,S,partial,Orthohantavirus hantanense
1529,KT935042.1,S,partial,Orthohantavirus hantanense
1530,KT935043.1,S,partial,Orthohantavirus hantanense
1531,KT935044.1,S,partial,Orthohantavirus hantanense
1532,KT935045.1,S,partial,Orthohantavirus hantanense
1533,KT935046.1,S,partial,Orthohantavirus hantanense
1534,KT935047.1,S,partial,Orthohantavirus hantanense
1535,KT935048.1,S,partial,Orthohantavirus hantanense
1536,KT935049.1,S,partial,Orthohantavirus hantanense
1537,KT935050.1,S,partial,Orthohantavirus hantanense
1538,KT935051.1,S,partial,Orthohantavirus hantanense
1539,KT935052.1,S,partial,Orthohantavirus hantanense
1540,KT935053.1,S,partial,Orthohantavirus hantanense
1541,KT935054.1,S,partial,Orthohantavirus hantanense
1542,KT935055.1,S,partial,Orthohantavirus hantanense
1543,KT935056.1,S,partial,Orthohantavirus hantanense
1544,KT935057.1,S,partial,Orthohantavirus hantanense
1545,KP970560.1,M,partial,Orthohantavirus hantanense
1546,KP970561.1,M,partial,Orthohantavirus hantanense
1547,KP970562.1,M,partial,Orthohantavirus hantanense
1548,KP970563.1,M,partial,Orthohantavirus hantanense
1549,KP970564.1,M,partial,Orthohantavirus hantanense
1550,KP970565.1,M,partial,Orthohantavirus hantanense
1551,KP970566.1,M,partial,Orthohantavirus hantanense
1552,KP970567.1,M,partial,Orthohantavirus hantanense
1553,KP970568.1,M,partial,Orthohantavirus hantanense
1554,KP970569.1,M,partial,Orthohantavirus hantanense
1555,KP970570.1,M,partial,Orthohantavirus hantanense
1556,KP970571.1,M,partial,Orthohantavirus hantanense
1557,KP970572.1,S,partial,Orthohantavirus hantanense
1558,KP970573.1,S,partial,Orthohantavirus hantanense
1559,KP970574.1,S,partial,Orthohantavirus hantanense
1560,KP970575.1,S,partial,Orthohantavirus hantanense
1561,KP970576.1,S,partial,Orthohantavirus hantanense
1562,KP970577.1,S,partial,Orthohantavirus hantanense
1563,KP970578.1,S,partial,Orthohantavirus hantanense
1564,KP970579.1,S,partial,Orthohantavirus hantanense
1565,KP970580.1,S,partial,Orthohantavirus hantanense
1566,KP970581.1,S,partial,Orthohantavirus hantanense
1567,KP970582.1,S,partial,Orthohantavirus hantanense
1568,KP970583.1,S,partial,Orthohantavirus hantanense
1569,KT885159.1,M,partial,Orthohantavirus hantanense
1570,KT885160.1,M,partial,Orthohantavirus hantanense
1571,KT885161.1,M,partial,Orthohantavirus hantanense
1572,KT885162.1,M,partial,Orthohantavirus hantanense
1573,KT885163.1,M,partial,Orthohantavirus hantanense
1574,KT885164.1,M,partial,Orthohantavirus hantanense
1575,KT885165.1,M,partial,Orthohantavirus hantanense
1576,KT885166.1,M,partial,Orthohantavirus hantanense
1577,KT885167.1,M,partial,Orthohantavirus hantanense
1578,KT885168.1,M,partial,Orthohantavirus hantanense
1579,KU821027.1,L,partial,Orthohantavirus hantanense
1580,KU821028.1,L,partial,Orthohantavirus hantanense
1581,KT223834.1,L,partial,Orthohantavirus hantanense
1582,KT223835.1,L,partial,Orthohantavirus hantanense
1583,KT223836.1,L,partial,Orthohantavirus hantanense
1584,KT213421.1,L,partial,Orthohantavirus hantanense
1585,KT213422.1,L,partial,Orthohantavirus hantanense
1586,KT213424.1,L,partial,Orthohantavirus hantanense
1587,KT213425.1,L,partial,Orthohantavirus hantanense
1588,KT213426.1,L,partial,Orthohantavirus hantanense
1589,KT213427.1,L,partial,Orthohantavirus hantanense
1590,KT213428.1,L,partial,Orthohantavirus hantanense
1591,KT213429.1,L,partial,Orthohantavirus hantanense
1592,KT213430.1,L,partial,Orthohantavirus hantanense
1593,KT213431.1,L,partial,Orthohantavirus hantanense
1594,KT213432.1,L,partial,Orthohantavirus hantanense
1595,KT213433.1,L,partial,Orthohantavirus hantanense
1596,KT213434.1,L,partial,Orthohantavirus hantanense
1597,KT213435.1,L,partial,Orthohantavirus hantanense
1598,KT213436.1,L,partial,Orthohantavirus hantanense
1599,KT213438.1,L,partial,Orthohantavirus hantanense
1600,KT885047.1,L,complete,Orthohantavirus hantanense
1601,KT885048.1,M,complete,Orthohantavirus hantanense
1602,KT885049.1,S,complete,Orthohantavirus hantanense
1603,KP896307.1,L,partial,Orthohantavirus hantanense
1604,KP896308.1,L,partial,Orthohantavirus hantanense
1605,KP896309.1,L,partial,Orthohantavirus hantanense
1606,KP896310.1,L,partial,Orthohantavirus hantanense
1607,KP896311.1,L,partial,Orthohantavirus hantanense
1608,KP896312.1,L,partial,Orthohantavirus hantanense
1609,KP896313.1,L,partial,Orthohantavirus hantanense
1610,KP896314.1,L,partial,Orthohantavirus hantanense
1611,KP896315.1,L,partial,Orthohantavirus hantanense
1612,KP896316.1,L,partial,Orthohantavirus hantanense
1613,KP896317.1,L,partial,Orthohantavirus hantanense
1614,KP896318.1,L,partial,Orthohantavirus hantanense
1615,KP178195.1,S,partial,Orthohantavirus hantanense
1616,KP178196.1,S,partial,Orthohantavirus hantanense
1617,KM894148.1,M,partial,Orthohantavirus hantanense
1618,KM279662.1,M,partial,Orthohantavirus hantanense
1619,KM279663.1,M,partial,Orthohantavirus hantanense
1620,KM279664.1,M,partial,Orthohantavirus hantanense
1621,KM279665.1,M,partial,Orthohantavirus hantanense
1622,KM279666.1,M,partial,Orthohantavirus hantanense
1623,KM279667.1,M,partial,Orthohantavirus hantanense
1624,KM279668.1,M,partial,Orthohantavirus hantanense
1625,KM279669.1,M,partial,Orthohantavirus hantanense
1626,KM279670.1,M,partial,Orthohantavirus hantanense
1627,KM279671.1,M,partial,Orthohantavirus hantanense
1628,KM279672.1,M,partial,Orthohantavirus hantanense
1629,KM279673.1,M,partial,Orthohantavirus hantanense
1630,KM355414.1,S,partial,Orthohantavirus hantanense
1631,KJ857317.1,L,partial,Orthohantavirus hantanense
1632,KJ857318.1,L,partial,Orthohantavirus hantanense
1633,KJ857319.1,L,partial,Orthohantavirus hantanense
1634,KJ857334.1,M,partial,Orthohantavirus hantanense
1635,KJ857335.1,M,partial,Orthohantavirus hantanense
1636,KJ857336.1,M,partial,Orthohantavirus hantanense
1637,KJ857347.1,S,partial,Orthohantavirus hantanense
1638,KJ857348.1,S,partial,Orthohantavirus hantanense
1639,KJ857349.1,S,partial,Orthohantavirus hantanense
1640,KC570377.1,M,partial,Orthohantavirus hantanense
1641,KC570378.1,M,partial,Orthohantavirus hantanense
1642,KC570379.1,M,partial,Orthohantavirus hantanense
1643,KC570380.1,M,partial,Orthohantavirus hantanense
1644,KC570381.1,M,partial,Orthohantavirus hantanense
1645,KC570382.1,M,partial,Orthohantavirus hantanense
1646,KC570383.1,M,partial,Orthohantavirus hantanense
1647,KC570384.1,S,partial,Orthohantavirus hantanense
1648,KC570385.1,S,partial,Orthohantavirus hantanense
1649,KC570386.1,S,partial,Orthohantavirus hantanense
1650,KC570387.1,S,partial,Orthohantavirus hantanense
1651,KC570388.1,S,partial,Orthohantavirus hantanense
1652,KC570389.1,S,partial,Orthohantavirus hantanense
1653,KC570390.1,S,partial,Orthohantavirus hantanense
1654,KC570391.1,S,partial,Orthohantavirus hantanense
1655,KC570392.1,S,partial,Orthohantavirus hantanense
1656,KC570393.1,S,partial,Orthohantavirus hantanense
1657,KC570394.1,S,partial,Orthohantavirus hantanense
1658,KC570395.1,S,partial,Orthohantavirus hantanense
1659,KC570396.1,S,partial,Orthohantavirus hantanense
1660,KC570397.1,S,partial,Orthohantavirus hantanense
1661,KC570398.1,S,partial,Orthohantavirus hantanense
1662,KC570399.1,S,partial,Orthohantavirus hantanense
1663,KC570400.1,S,partial,Orthohantavirus hantanense
1664,KC570401.1,S,partial,Orthohantavirus hantanense
1665,KC570402.1,S,partial,Orthohantavirus hantanense
1666,KC570403.1,S,partial,Orthohantavirus hantanense
1667,KC570404.1,S,partial,Orthohantavirus hantanense
1668,KC570405.1,S,partial,Orthohantavirus hantanense
1669,KC570406.1,S,partial,Orthohantavirus hantanense
1670,KC570407.1,S,partial,Orthohantavirus hantanense
1671,JX177435.1,M,partial,Orthohantavirus hantanense
1672,JX177436.1,M,partial,Orthohantavirus hantanense
1673,JX177437.1,M,partial,Orthohantavirus hantanense
1674,JX177438.1,M,partial,Orthohantavirus hantanense
1675,JX177439.1,M,partial,Orthohantavirus hantanense
1676,JX177440.1,M,partial,Orthohantavirus hantanense
1677,JX177441.1,M,partial,Orthohantavirus hantanense
1678,JX177442.1,M,partial,Orthohantavirus hantanense
1679,JX177443.1,M,partial,Orthohantavirus hantanense
1680,JX177444.1,M,partial,Orthohantavirus hantanense
1681,JX177445.1,M,partial,Orthohantavirus hantanense
1682,JX177446.1,M,partial,Orthohantavirus hantanense
1683,KC215254.1,L,partial,Orthohantavirus hantanense
1684,KF477195.1,M,partial,Orthohantavirus hantanense
1685,KF477196.1,M,partial,Orthohantavirus hantanense
1686,JQ912697.1,S,partial,Orthohantavirus hantanense
1687,JQ912698.1,S,partial,Orthohantavirus hantanense
1688,JQ912699.1,S,partial,Orthohantavirus hantanense
1689,JQ912700.1,S,partial,Orthohantavirus hantanense
1690,JQ912701.1,S,partial,Orthohantavirus hantanense
1691,JQ912702.1,S,partial,Orthohantavirus hantanense
1692,JQ912703.1,S,partial,Orthohantavirus hantanense
1693,JQ912704.1,S,partial,Orthohantavirus hantanense
1694,JQ912705.1,S,partial,Orthohantavirus hantanense
1695,JQ912706.1,S,partial,Orthohantavirus hantanense
1696,JQ912707.1,S,partial,Orthohantavirus hantanense
1697,JQ912708.1,S,partial,Orthohantavirus hantanense
1698,JQ912709.1,S,partial,Orthohantavirus hantanense
1699,JQ912710.1,S,partial,Orthohantavirus hantanense
1700,JQ912711.1,S,partial,Orthohantavirus hantanense
1701,JQ912712.1,S,partial,Orthohantavirus hantanense
1702,JQ912713.1,S,partial,Orthohantavirus hantanense
1703,JQ912714.1,S,partial,Orthohantavirus hantanense
1704,JQ912715.1,S,partial,Orthohantavirus hantanense
1705,JQ912716.1,S,partial,Orthohantavirus hantanense
1706,JQ912717.1,S,partial,Orthohantavirus hantanense
1707,JQ912718.1,S,partial,Orthohantavirus hantanense
1708,JQ912719.1,S,partial,Orthohantavirus hantanense
1709,JQ912720.1,S,partial,Orthohantavirus hantanense
1710,JQ912721.1,S,partial,Orthohantavirus hantanense
1711,JQ912722.1,S,partial,Orthohantavirus hantanense
1712,JQ912723.1,S,partial,Orthohantavirus hantanense
1713,JQ912724.1,S,partial,Orthohantavirus hantanense
1714,JQ912725.1,S,partial,Orthohantavirus hantanense
1715,JQ912726.1,S,partial,Orthohantavirus hantanense
1716,JQ912727.1,S,partial,Orthohantavirus hantanense
1717,JQ912728.1,S,partial,Orthohantavirus hantanense
1718,JQ912729.1,S,partial,Orthohantavirus hantanense
1719,JQ912730.1,S,partial,Orthohantavirus hantanense
1720,JQ912731.1,S,partial,Orthohantavirus hantanense
1721,JQ912732.1,S,partial,Orthohantavirus hantanense
1722,JQ912733.1,S,partial,Orthohantavirus hantanense
1723,JQ912734.1,S,partial,Orthohantavirus hantanense
1724,JQ912735.1,S,partial,Orthohantavirus hantanense
1725,JQ912736.1,S,partial,Orthohantavirus hantanense
1726,JQ912737.1,S,partial,Orthohantavirus hantanense
1727,JQ912738.1,S,partial,Orthohantavirus hantanense
1728,JQ912739.1,S,partial,Orthohantavirus hantanense
1729,JQ912740.1,S,partial,Orthohantavirus hantanense
1730,JQ912741.1,S,partial,Orthohantavirus hantanense
1731,JQ912742.1,S,partial,Orthohantavirus hantanense
1732,JQ912743.1,S,partial,Orthohantavirus hantanense
1733,JQ912744.1,S,partial,Orthohantavirus hantanense
1734,JQ912745.1,S,partial,Orthohantavirus hantanense
1735,JQ912746.1,S,partial,Orthohantavirus hantanense
1736,JQ912747.1,S,partial,Orthohantavirus hantanense
1737,JQ912748.1,S,partial,Orthohantavirus hantanense
1738,JQ912749.1,S,partial,Orthohantavirus hantanense
1739,JQ912750.1,S,partial,Orthohantavirus hantanense
1740,JQ912751.1,S,partial,Orthohantavirus hantanense
1741,JQ912752.1,S,partial,Orthohantavirus hantanense
1742,JQ912753.1,S,partial,Orthohantavirus hantanense
1743,JQ912754.1,S,partial,Orthohantavirus hantanense
1744,JQ912755.1,S,partial,Orthohantavirus hantanense
1745,JQ912756.1,S,partial,Orthohantavirus hantanense
1746,JQ912757.1,S,partial,Orthohantavirus hantanense
1747,JQ912758.1,S,partial,Orthohantavirus hantanense
1748,JQ912759.1,S,partial,Orthohantavirus hantanense
1749,JQ912760.1,S,partial,Orthohantavirus hantanense
1750,JQ912761.1,S,partial,Orthohantavirus hantanense
1751,JQ912763.1,S,partial,Orthohantavirus hantanense
1752,JQ912764.1,S,partial,Orthohantavirus hantanense
1753,JQ912765.1,S,partial,Orthohantavirus hantanense
1754,JQ912766.1,S,partial,Orthohantavirus hantanense
1755,JQ912767.1,S,partial,Orthohantavirus hantanense
1756,JQ912768.1,S,partial,Orthohantavirus hantanense
1757,JQ912769.1,S,partial,Orthohantavirus hantanense
1758,JQ912770.1,S,partial,Orthohantavirus hantanense
1759,JQ912803.1,M,partial,Orthohantavirus hantanense
1760,JQ912804.1,M,partial,Orthohantavirus hantanense
1761,JQ912805.1,M,partial,Orthohantavirus hantanense
1762,JQ912806.1,M,partial,Orthohantavirus hantanense
1763,JQ912807.1,M,partial,Orthohantavirus hantanense
1764,JQ912808.1,M,partial,Orthohantavirus hantanense
1765,JQ912809.1,M,partial,Orthohantavirus hantanense
1766,JQ912810.1,M,partial,Orthohantavirus hantanense
1767,JQ912811.1,M,partial,Orthohantavirus hantanense
1768,JQ912812.1,M,partial,Orthohantavirus hantanense
1769,JQ912813.1,M,partial,Orthohantavirus hantanense
1770,JQ912814.1,M,partial,Orthohantavirus hantanense
1771,JQ912815.1,M,partial,Orthohantavirus hantanense
1772,JQ912816.1,M,partial,Orthohantavirus hantanense
1773,JQ912817.1,M,partial,Orthohantavirus hantanense
1774,JQ912818.1,M,partial,Orthohantavirus hantanense
1775,JQ912819.1,M,partial,Orthohantavirus hantanense
1776,JQ912820.1,M,partial,Orthohantavirus hantanense
1777,JQ912821.1,M,partial,Orthohantavirus hantanense
1778,JQ912822.1,M,partial,Orthohantavirus hantanense
1779,JQ912823.1,M,partial,Orthohantavirus hantanense
1780,JQ912824.1,M,partial,Orthohantavirus hantanense
1781,JQ912825.1,M,partial,Orthohantavirus hantanense
1782,JQ912826.1,M,partial,Orthohantavirus hantanense
1783,JQ912827.1,M,partial,Orthohantavirus hantanense
1784,JQ912828.1,M,partial,Orthohantavirus hantanense
1785,JQ912829.1,M,partial,Orthohantavirus hantanense
1786,JQ912830.1,M,partial,Orthohantavirus hantanense
1787,JQ912831.1,M,partial,Orthohantavirus hantanense
1788,JQ912832.1,M,partial,Orthohantavirus hantanense
1789,JQ912833.1,M,partial,Orthohantavirus hantanense
1790,JQ912834.1,M,partial,Orthohantavirus hantanense
1791,JQ912835.1,M,partial,Orthohantavirus hantanense
1792,JQ912836.1,M,partial,Orthohantavirus hantanense
1793,JQ912837.1,M,partial,Orthohantavirus hantanense
1794,JQ912838.1,M,partial,Orthohantavirus hantanense
1795,JQ912839.1,M,partial,Orthohantavirus hantanense
1796,JQ912840.1,M,partial,Orthohantavirus hantanense
1797,JQ912841.1,M,partial,Orthohantavirus hantanense
1798,JQ912842.1,M,partial,Orthohantavirus hantanense
1799,JQ912843.1,M,partial,Orthohantavirus hantanense
1800,JQ912844.1,M,partial,Orthohantavirus hantanense
1801,JQ912845.1,M,partial,Orthohantavirus hantanense
1802,JQ912846.1,M,partial,Orthohantavirus hantanense
1803,JQ912847.1,M,partial,Orthohantavirus hantanense
1804,JQ912848.1,M,partial,Orthohantavirus hantanense
1805,JQ912849.1,M,partial,Orthohantavirus hantanense
1806,JQ912850.1,M,partial,Orthohantavirus hantanense
1807,JQ912851.1,M,partial,Orthohantavirus hantanense
1808,JQ912852.1,M,partial,Orthohantavirus hantanense
1809,JQ912853.1,M,partial,Orthohantavirus hantanense
1810,JQ912854.1,M,partial,Orthohantavirus hantanense
1811,JQ912855.1,M,partial,Orthohantavirus hantanense
1812,JQ912856.1,M,partial,Orthohantavirus hantanense
1813,JQ912857.1,M,partial,Orthohantavirus hantanense
1814,JQ912858.1,M,partial,Orthohantavirus hantanense
1815,JQ912859.1,M,partial,Orthohantavirus hantanense
1816,JQ912860.1,M,partial,Orthohantavirus hantanense
1817,JQ912861.1,M,partial,Orthohantavirus hantanense
1818,JQ912862.1,M,partial,Orthohantavirus hantanense
1819,JQ912863.1,M,partial,Orthohantavirus hantanense
1820,JQ912864.1,M,partial,Orthohantavirus hantanense
1821,JQ912865.1,M,partial,Orthohantavirus hantanense
1822,JQ912866.1,M,partial,Orthohantavirus hantanense
1823,JQ912867.1,M,partial,Orthohantavirus hantanense
1824,JQ912868.1,M,partial,Orthohantavirus hantanense
1825,JQ912869.1,M,partial,Orthohantavirus hantanense
1826,JQ912870.1,M,partial,Orthohantavirus hantanense
1827,JQ912871.1,M,partial,Orthohantavirus hantanense
1828,JQ912872.1,M,partial,Orthohantavirus hantanense
1829,JQ912873.1,M,partial,Orthohantavirus hantanense
1830,JQ912874.1,M,partial,Orthohantavirus hantanense
1831,JQ912875.1,M,partial,Orthohantavirus hantanense
1832,KC344236.1,S,complete,Orthohantavirus hantanense
1833,KC344237.1,S,partial,Orthohantavirus hantanense
1834,KC344238.1,S,partial,Orthohantavirus hantanense
1835,KC344239.1,S,partial,Orthohantavirus hantanense
1836,KC344240.1,S,partial,Orthohantavirus hantanense
1837,KC344241.1,S,partial,Orthohantavirus hantanense
1838,KC344242.1,S,partial,Orthohantavirus hantanense
1839,KC344243.1,S,partial,Orthohantavirus hantanense
1840,KC344244.1,S,partial,Orthohantavirus hantanense
1841,KC344245.1,S,partial,Orthohantavirus hantanense
1842,KC344246.1,S,partial,Orthohantavirus hantanense
1843,KC344247.1,S,partial,Orthohantavirus hantanense
1844,KC344248.1,S,partial,Orthohantavirus hantanense
1845,KC344249.1,S,partial,Orthohantavirus hantanense
1846,KC344253.1,M,partial,Orthohantavirus hantanense
1847,KC344254.1,M,partial,Orthohantavirus hantanense
1848,KC344255.1,M,partial,Orthohantavirus hantanense
1849,KC344256.1,M,partial,Orthohantavirus hantanense
1850,KC344257.1,M,partial,Orthohantavirus hantanense
1851,KC344258.1,M,partial,Orthohantavirus hantanense
1852,KC344259.1,M,partial,Orthohantavirus hantanense
1853,KC344260.1,M,partial,Orthohantavirus hantanense
1854,KC344261.1,M,partial,Orthohantavirus hantanense
1855,KC344262.1,M,partial,Orthohantavirus hantanense
1856,KC344263.1,M,partial,Orthohantavirus hantanense
1857,KC344264.1,M,partial,Orthohantavirus hantanense
1858,KC344265.1,M,partial,Orthohantavirus hantanense
1859,KC344266.1,M,partial,Orthohantavirus hantanense
1860,KC844226.1,S,partial,Orthohantavirus hantanense
1861,KC844227.1,S,partial,Orthohantavirus hantanense
1862,KC844228.1,S,partial,Orthohantavirus hantanense
1863,KC576786.1,M,partial,Orthohantavirus hantanense
1864,KC576787.1,M,partial,Orthohantavirus hantanense
1868,KC136242.1,L,partial,Orthohantavirus hantanense
1869,KC136243.1,M,partial,Orthohantavirus hantanense
1870,KC136244.1,S,partial,Orthohantavirus hantanense
1871,JX119008.1,L,partial,Orthohantavirus hantanense
1872,JX119009.1,M,partial,Orthohantavirus hantanense
1873,JX119010.1,S,partial,Orthohantavirus hantanense
1874,JX473002.1,L,partial,Orthohantavirus hantanense
1875,JX473003.1,M,partial,Orthohantavirus hantanense
1876,JX473004.1,S,partial,Orthohantavirus hantanense
1877,JQ665881.1,M,partial,Orthohantavirus hantanense
1878,JQ665882.1,M,partial,Orthohantavirus hantanense
1879,JQ665883.1,M,partial,Orthohantavirus hantanense
1880,JQ665884.1,M,partial,Orthohantavirus hantanense
1881,JQ665885.1,M,partial,Orthohantavirus hantanense
1882,JQ665905.1,S,partial,Orthohantavirus hantanense
1883,JQ665906.1,S,partial,Orthohantavirus hantanense
1884,JQ665907.1,S,partial,Orthohantavirus hantanense
1885,JQ665908.1,S,partial,Orthohantavirus hantanense
1886,JQ665909.1,S,partial,Orthohantavirus hantanense
1887,JQ083393.1,L,complete,Orthohantavirus hantanense
1888,JQ083394.1,M,complete,Orthohantavirus hantanense
1889,JQ083395.1,S,complete,Orthohantavirus hantanense
1890,JQ083396.1,S,partial,Orthohantavirus hantanense
1891,JQ083397.1,S,partial,Orthohantavirus hantanense
1892,JQ083402.1,S,partial,Orthohantavirus hantanense
1893,JQ083403.1,S,partial,Orthohantavirus hantanense
1894,JQ061291.1,S,partial,Orthohantavirus hantanense
1895,JN712306.1,S,partial,Orthohantavirus hantanense
1896,HQ655952.1,M,partial,Orthohantavirus hantanense
1897,HQ655953.1,M,partial,Orthohantavirus hantanense
1898,HQ655954.1,M,partial,Orthohantavirus hantanense
1899,HQ655955.1,M,partial,Orthohantavirus hantanense
1900,HQ655956.1,M,partial,Orthohantavirus hantanense
1901,HQ655957.1,M,partial,Orthohantavirus hantanense
1902,HQ655987.1,S,partial,Orthohantavirus hantanense
1903,HQ655988.1,S,partial,Orthohantavirus hantanense
1904,HQ655989.1,S,partial,Orthohantavirus hantanense
1905,HQ655990.1,S,partial,Orthohantavirus hantanense
1906,HQ655991.1,S,partial,Orthohantavirus hantanense
1907,HQ655992.1,S,partial,Orthohantavirus hantanense
1908,JN542542.1,L,partial,Orthohantavirus hantanense
1909,HQ834499.1,S,partial,Orthohantavirus hantanense
1910,HQ834500.1,S,partial,Orthohantavirus hantanense
1911,HQ834501.1,S,partial,Orthohantavirus hantanense
1912,HQ834502.1,S,partial,Orthohantavirus hantanense
1913,HQ834503.1,S,partial,Orthohantavirus hantanense
1914,HQ834504.1,S,partial,Orthohantavirus hantanense
1915,HQ834505.1,S,partial,Orthohantavirus hantanense
1916,HQ834506.1,S,partial,Orthohantavirus hantanense
1917,HQ834507.1,S,partial,Orthohantavirus hantanense
1918,HQ611981.1,S,partial,Orthohantavirus hantanense
1919,HM172504.1,M,partial,Orthohantavirus hantanense
1920,HM172505.1,M,partial,Orthohantavirus hantanense
1921,HM172506.1,M,partial,Orthohantavirus hantanense
1922,HM172507.1,M,partial,Orthohantavirus hantanense
1923,HM172508.1,M,partial,Orthohantavirus hantanense
1924,HM172509.1,M,partial,Orthohantavirus hantanense
1925,HM172510.1,M,partial,Orthohantavirus hantanense
1926,HM172511.1,M,partial,Orthohantavirus hantanense
1927,HM172512.1,M,partial,Orthohantavirus hantanense
1928,HM172513.1,M,partial,Orthohantavirus hantanense
1929,HM172514.1,M,partial,Orthohantavirus hantanense
1930,FJ844368.1,M,partial,Orthohantavirus hantanense
1931,FJ844369.1,M,partial,Orthohantavirus hantanense
1932,FJ844370.1,M,partial,Orthohantavirus hantanense
1933,FJ844371.1,M,partial,Orthohantavirus hantanense
1934,FJ844372.1,M,partial,Orthohantavirus hantanense
1935,FJ844373.1,M,partial,Orthohantavirus hantanense
1936,FJ844374.1,M,partial,Orthohantavirus hantanense
1937,FJ844375.1,M,partial,Orthohantavirus hantanense
1938,FJ844376.1,M,partial,Orthohantavirus hantanense
1939,FJ844377.1,M,partial,Orthohantavirus hantanense
1940,FJ844378.1,M,partial,Orthohantavirus hantanense
1941,FJ844379.1,M,partial,Orthohantavirus hantanense
1942,FJ844380.1,M,partial,Orthohantavirus hantanense
1943,FJ844381.1,M,partial,Orthohantavirus hantanense
1944,FJ844382.1,M,partial,Orthohantavirus hantanense
1945,FJ844383.1,M,partial,Orthohantavirus hantanense
1946,FJ844384.1,M,partial,Orthohantavirus hantanense
1947,FJ844385.1,M,partial,Orthohantavirus hantanense
1948,FJ844386.1,M,partial,Orthohantavirus hantanense
1949,FJ844387.1,M,partial,Orthohantavirus hantanense
1950,FJ844388.1,M,partial,Orthohantavirus hantanense
1951,FJ844389.1,M,partial,Orthohantavirus hantanense
1952,FJ844390.1,M,partial,Orthohantavirus hantanense
1953,FJ844391.1,M,partial,Orthohantavirus hantanense
1954,FJ844392.1,M,partial,Orthohantavirus hantanense
1955,FJ844393.1,M,partial,Orthohantavirus hantanense
1956,FJ844394.1,M,partial,Orthohantavirus hantanense
1957,FJ844395.1,M,partial,Orthohantavirus hantanense
1958,AB620028.1,S,partial,Orthohantavirus hantanense
1959,AB620029.1,M,partial,Orthohantavirus hantanense
1960,AB620030.1,L,partial,Orthohantavirus hantanense
1961,AB620031.1,S,partial,Orthohantavirus hantanense
1962,AB620032.1,M,partial,Orthohantavirus hantanense
1963,AB620033.1,L,partial,Orthohantavirus hantanense
1964,FJ841987.1,M,partial,Orthohantavirus hantanense
1965,FJ841988.1,M,partial,Orthohantavirus hantanense
1966,FJ841989.1,M,partial,Orthohantavirus hantanense
1967,FJ841990.1,M,partial,Orthohantavirus hantanense
1968,FJ841991.1,M,partial,Orthohantavirus hantanense
1969,FJ841992.1,M,partial,Orthohantavirus hantanense
1970,FJ841993.1,M,partial,Orthohantavirus hantanense
1971,FJ841994.1,M,partial,Orthohantavirus hantanense
1972,FJ841995.1,M,partial,Orthohantavirus hantanense
1973,FJ841996.1,M,partial,Orthohantavirus hantanense
1974,FJ841997.1,M,partial,Orthohantavirus hantanense
1975,FJ841998.1,M,partial,Orthohantavirus hantanense
1976,FJ841999.1,M,partial,Orthohantavirus hantanense
1977,FJ842000.1,M,partial,Orthohantavirus hantanense
1978,FJ842001.1,M,partial,Orthohantavirus hantanense
1979,FJ842002.1,M,partial,Orthohantavirus hantanense
1980,FJ842003.1,M,partial,Orthohantavirus hantanense
1981,FJ842004.1,M,partial,Orthohantavirus hantanense
1994,GU329991.1,S,partial,Orthohantavirus hantanense
1995,GU329992.1,M,partial,Orthohantavirus hantanense
1996,GU329993.1,L,partial,Orthohantavirus hantanense
1997,FJ479710.1,S,partial,Orthohantavirus hantanense
1998,FJ479711.1,S,partial,Orthohantavirus hantanense
1999,FJ479712.1,S,partial,Orthohantavirus hantanense
2000,FJ479713.1,S,partial,Orthohantavirus hantanense
2001,FJ479714.1,S,partial,Orthohantavirus hantanense
2002,FJ479715.1,S,partial,Orthohantavirus hantanense
2003,FJ479716.1,S,partial,Orthohantavirus hantanense
2004,FJ479717.1,S,partial,Orthohantavirus hantanense
2005,FJ479718.1,S,partial,Orthohantavirus hantanense
2006,FJ479719.1,S,partial,Orthohantavirus hantanense
2007,GQ120966.1,M,complete,Orthohantavirus hantanense
2028,FJ753396.1,S,partial,Orthohantavirus hantanense
2029,FJ753397.1,M,partial,Orthohantavirus hantanense
2030,FJ753398.1,S,partial,Orthohantavirus hantanense
2031,FJ753399.1,M,partial,Orthohantavirus hantanense
2032,EU557061.1,S,partial,Orthohantavirus hantanense
2033,FJ561275.1,M,partial,Orthohantavirus hantanense
2034,FJ561276.1,M,partial,Orthohantavirus hantanense
2035,FJ561277.1,M,partial,Orthohantavirus hantanense
2036,FJ561278.1,M,partial,Orthohantavirus hantanense
2037,FJ514543.1,S,partial,Orthohantavirus hantanense
2038,FJ514544.1,S,partial,Orthohantavirus hantanense
2039,FJ514545.1,S,partial,Orthohantavirus hantanense
2040,FJ514546.1,S,partial,Orthohantavirus hantanense
2045,EU837270.1,L,partial,Orthohantavirus hantanense
2046,EU837271.1,L,partial,Orthohantavirus hantanense
2047,EU837272.1,L,partial,Orthohantavirus hantanense
2048,EU837273.1,L,partial,Orthohantavirus hantanense
2049,EU837274.1,L,partial,Orthohantavirus hantanense
2050,EU837275.1,L,partial,Orthohantavirus hantanense
2051,EU092230.1,L,partial,Orthohantavirus hantanense
2052,EU363808.1,S,partial,Orthohantavirus hantanense
2053,EU363809.1,S,partial,Orthohantavirus hantanense
2054,EU363810.1,S,partial,Orthohantavirus hantanense
2055,EU363811.1,S,partial,Orthohantavirus hantanense
2056,EU363812.1,S,partial,Orthohantavirus hantanense
2057,EU363813.1,S,partial,Orthohantavirus hantanense
2058,EU363814.1,M,partial,Orthohantavirus hantanense
2059,EU363815.1,M,partial,Orthohantavirus hantanense
2060,EU363816.1,M,partial,Orthohantavirus hantanense
2061,EU363817.1,M,partial,Orthohantavirus hantanense
2062,EU363818.1,M,partial,Orthohantavirus hantanense
2063,EU363819.1,M,partial,Orthohantavirus hantanense
2064,EF990904.1,S,complete,Orthohantavirus hantanense
2065,EF990905.1,S,complete,Orthohantavirus hantanense
2066,EF990906.1,S,complete,Orthohantavirus hantanense
2067,EF990907.1,S,complete,Orthohantavirus hantanense
2068,EF990908.1,S,complete,Orthohantavirus hantanense
2069,EF990909.1,S,complete,Orthohantavirus hantanense
2070,EF990910.1,S,complete,Orthohantavirus hantanense
2071,EF990911.1,S,complete,Orthohantavirus hantanense
2072,EF990912.1,S,complete,Orthohantavirus hantanense
2073,EF990913.1,S,complete,Orthohantavirus hantanense
2074,EF990914.1,S,complete,Orthohantavirus hantanense
2075,EF990915.1,S,complete,Orthohantavirus hantanense
2076,EF990918.1,M,complete,Orthohantavirus hantanense
2077,EF990919.1,M,complete,Orthohantavirus hantanense
2078,EF990920.1,M,complete,Orthohantavirus hantanense
2079,EF990921.1,M,complete,Orthohantavirus hantanense
2080,EF990922.1,M,complete,Orthohantavirus hantanense
2081,EF990923.1,M,complete,Orthohantavirus hantanense
2082,EF990924.1,M,complete,Orthohantavirus hantanense
2083,EF990925.1,M,complete,Orthohantavirus hantanense
2084,EF990926.1,M,complete,Orthohantavirus hantanense
2085,EF990927.1,M,complete,Orthohantavirus hantanense
2086,EF990928.1,M,complete,Orthohantavirus hantanense
2087,EF990929.1,M,complete,Orthohantavirus hantanense
2088,EF990932.1,L,partial,Orthohantavirus hantanense
2089,EF990933.1,L,partial,Orthohantavirus hantanense
2090,EF990934.1,L,partial,Orthohantavirus hantanense
2091,EF990935.1,L,partial,Orthohantavirus hantanense
2092,EF990936.1,L,partial,Orthohantavirus hantanense
2093,EF990937.1,L,partial,Orthohantavirus hantanense
2094,EF990938.1,L,partial,Orthohantavirus hantanense
2095,EF990939.1,L,partial,Orthohantavirus hantanense
2096,EF990940.1,L,partial,Orthohantavirus hantanense
2097,EF990941.1,L,partial,Orthohantavirus hantanense
2098,EF990942.1,L,partial,Orthohantavirus hantanense
2099,EF990943.1,L,partial,Orthohantavirus hantanense
2100,EU092218.1,S,partial,Orthohantavirus hantanense
2101,EU092219.1,S,partial,Orthohantavirus hantanense
2102,EU092220.1,S,partial,Orthohantavirus hantanense
2103,EU092221.1,S,partial,Orthohantavirus hantanense
2104,EU092222.1,M,partial,Orthohantavirus hantanense
2105,EU092223.1,M,partial,Orthohantavirus hantanense
2106,EU092224.1,M,partial,Orthohantavirus hantanense
2107,EU092225.1,M,partial,Orthohantavirus hantanense
2108,EU092226.1,L,partial,Orthohantavirus hantanense
2109,EU092227.1,L,partial,Orthohantavirus hantanense
2110,EU092228.1,L,partial,Orthohantavirus hantanense
2111,EU092229.1,L,partial,Orthohantavirus hantanense
2116,EU328399.1,M,partial,Orthohantavirus hantanense
2117,EU328400.1,M,partial,Orthohantavirus hantanense
2118,EU074672.1,M,partial,Orthohantavirus hantanense
2119,EU074224.1,M,partial,Orthohantavirus hantanense
2120,EF683596.1,M,partial,Orthohantavirus hantanense
2121,EF595840.1,S,partial,Orthohantavirus hantanense
2122,EF208929.1,S,complete,Orthohantavirus hantanense
2123,EF208930.1,M,complete,Orthohantavirus hantanense
2124,EF208931.1,S,partial,Orthohantavirus hantanense
2125,EF208932.1,S,partial,Orthohantavirus hantanense
2126,EF208933.1,S,partial,Orthohantavirus hantanense
2127,EF208934.1,S,partial,Orthohantavirus hantanense
2128,EF208935.1,S,partial,Orthohantavirus hantanense
2129,EF208936.1,S,partial,Orthohantavirus hantanense
2130,EF208937.1,S,partial,Orthohantavirus hantanense
2131,EF208938.1,S,partial,Orthohantavirus hantanense
2132,EF208939.1,S,partial,Orthohantavirus hantanense
2133,EF208940.1,S,partial,Orthohantavirus hantanense
2134,EF208941.1,S,partial,Orthohantavirus hantanense
2135,EF208942.1,M,partial,Orthohantavirus hantanense
2136,EF208943.1,M,partial,Orthohantavirus hantanense
2137,EF208944.1,M,partial,Orthohantavirus hantanense
2138,EF208945.1,M,partial,Orthohantavirus hantanense
2139,EF208946.1,M,partial,Orthohantavirus hantanense
2140,EF208947.1,M,partial,Orthohantavirus hantanense
2141,EF208948.1,M,partial,Orthohantavirus hantanense
2142,EF208949.1,M,partial,Orthohantavirus hantanense
2143,EF208950.1,M,partial,Orthohantavirus hantanense
2144,EF208951.1,M,partial,Orthohantavirus hantanense
2145,EF208952.1,M,partial,Orthohantavirus hantanense
2146,EF208953.1,S,partial,Orthohantavirus hantanense
2147,EF208954.1,M,partial,Orthohantavirus hantanense
2148,EF371454.1,M,complete,Orthohantavirus hantanense
2149,EF210126.1,M,partial,Orthohantavirus hantanense
2150,EF210132.1,S,partial,Orthohantavirus hantanense
2151,EF121324.1,S,complete,Orthohantavirus hantanense
2152,EF077656.1,M,partial,Orthohantavirus hantanense
2153,DQ914791.1,M,partial,Orthohantavirus hantanense
2154,DQ914792.1,S,partial,Orthohantavirus hantanense
2155,DQ989237.1,L,complete,Orthohantavirus hantanense
2156,DQ658415.1,S,partial,Orthohantavirus hantanense
2157,DQ371905.1,M,complete,Orthohantavirus hantanense
2158,DQ371906.1,L,complete,Orthohantavirus hantanense
2159,DQ496249.1,M,partial,Orthohantavirus hantanense
2160,AY748307.1,M,partial,Orthohantavirus hantanense
2161,AY748308.1,S,partial,Orthohantavirus hantanense
2162,AY748309.1,S,partial,Orthohantavirus hantanense
2163,DQ081717.1,S,partial,Orthohantavirus hantanense
2164,DQ081718.1,S,partial,Orthohantavirus hantanense
2165,DQ056290.1,M,partial,Orthohantavirus hantanense
2166,DQ056291.1,M,partial,Orthohantavirus hantanense
2167,DQ056292.1,L,partial,Orthohantavirus hantanense
2168,DQ056293.1,M,partial,Orthohantavirus hantanense
2169,DQ056294.1,M,partial,Orthohantavirus hantanense
2170,DQ056295.1,M,partial,Orthohantavirus hantanense
2171,AY839871.1,S,partial,Orthohantavirus hantanense
2172,AY675349.1,S,partial,Orthohantavirus hantanense
2173,AY675350.1,S,partial,Orthohantavirus hantanense
2174,AY675352.1,S,partial,Orthohantavirus hantanense
2175,AY675353.1,M,partial,Orthohantavirus hantanense
2176,AY675354.1,L,partial,Orthohantavirus hantanense
2177,AB127993.1,M,partial,Orthohantavirus hantanense
2178,AB127994.1,M,partial,Orthohantavirus hantanense
2179,AB127995.1,M,partial,Orthohantavirus hantanense
2180,AB127996.1,S,partial,Orthohantavirus hantanense
2181,AB127997.1,S,partial,Orthohantavirus hantanense
2182,AB127998.1,S,partial,Orthohantavirus hantanense
2183,AY425612.1,S,partial,Orthohantavirus hantanense
2184,AB086619.1,M,partial,Orthohantavirus hantanense
2185,AB086620.1,M,partial,Orthohantavirus hantanense
2186,AB086621.1,M,partial,Orthohantavirus hantanense
2187,AF288644.1,S,partial,Orthohantavirus hantanense
2188,AF288645.1,M,partial,Orthohantavirus hantanense
2189,AF288646.1,S,partial,Orthohantavirus hantanense
2190,AF288656.1,M,partial,Orthohantavirus hantanense
2191,AF288657.1,S,partial,Orthohantavirus hantanense
2192,AF288658.1,M,partial,Orthohantavirus hantanense
2193,AF288659.1,S,partial,Orthohantavirus hantanense
2194,AF427318.1,S,partial,Orthohantavirus hantanense
2195,AF427319.1,S,partial,Orthohantavirus hantanense
2196,AF427320.1,S,partial,Orthohantavirus hantanense
2197,AF427321.1,S,partial,Orthohantavirus hantanense
2198,AF427322.1,S,partial,Orthohantavirus hantanense
2199,AF427323.1,S,partial,Orthohantavirus hantanense
2200,AF427324.1,S,partial,Orthohantavirus hantanense
2201,AF427325.1,M,partial,Orthohantavirus hantanense
2202,AF427326.1,M,partial,Orthohantavirus hantanense
2203,AF427327.1,M,partial,Orthohantavirus hantanense
2204,AF427328.1,M,partial,Orthohantavirus hantanense
2205,AF427329.1,M,partial,Orthohantavirus hantanense
2206,AF427330.1,M,partial,Orthohantavirus hantanense
2207,AF427331.1,M,partial,Orthohantavirus hantanense
2208,AF332569.1,M,partial,Orthohantavirus hantanense
2209,AF332570.1,M,partial,Orthohantavirus hantanense
2210,AF332571.1,M,partial,Orthohantavirus hantanense
2211,AF332572.1,S,partial,Orthohantavirus hantanense
2212,AF332573.1,S,partial,Orthohantavirus hantanense
2213,AB071183.1,S,partial,Orthohantavirus hantanense
2214,AB071184.1,S,partial,Orthohantavirus hantanense
2215,AB071185.1,M,partial,Orthohantavirus hantanense
2216,AB071186.1,M,partial,Orthohantavirus hantanense
2217,AB071187.1,M,partial,Orthohantavirus hantanense
2218,AB071188.1,M,partial,Orthohantavirus hantanense
2219,AF366568.1,S,partial,Orthohantavirus hantanense
2220,AF366569.1,M,partial,Orthohantavirus hantanense
2221,AF345636.2,M,partial,Orthohantavirus hantanense
2222,AF336826.1,L,partial,Orthohantavirus hantanense
2223,AY017064.1,S,complete,Orthohantavirus hantanense
2224,AF321094.1,S,partial,Orthohantavirus hantanense
2225,AF321095.1,S,partial,Orthohantavirus hantanense
2226,AF288292.1,L,partial,Orthohantavirus hantanense
2227,AF288293.1,M,partial,Orthohantavirus hantanense
2228,AF288294.1,S,partial,Orthohantavirus hantanense
2229,AF288296.1,S,partial,Orthohantavirus hantanense
2230,AF246981.1,M,partial,Orthohantavirus hantanense
2231,AF164206.1,M,partial,Orthohantavirus hantanense
2232,AF164207.1,M,partial,Orthohantavirus hantanense
2233,AF164208.1,M,partial,Orthohantavirus hantanense
2234,AF164209.1,M,partial,Orthohantavirus hantanense
2235,AF164210.1,M,partial,Orthohantavirus hantanense
2236,AF164211.1,M,partial,Orthohantavirus hantanense
2237,AF164212.1,M,partial,Orthohantavirus hantanense
2238,AF164213.1,M,partial,Orthohantavirus hantanense
2239,AF164214.1,M,partial,Orthohantavirus hantanense
2240,AF164215.1,M,partial,Orthohantavirus hantanense
2241,AF164216.1,M,partial,Orthohantavirus hantanense
2242,AB027055.1,M,partial,Orthohantavirus hantanense
2243,AB027056.1,M,partial,Orthohantavirus hantanense
2244,AB027057.1,M,partial,Orthohantavirus hantanense
2245,AB027058.1,M,partial,Orthohantavirus hantanense
2246,AB027059.1,M,partial,Orthohantavirus hantanense
2247,AB027061.1,M,partial,Orthohantavirus hantanense
2248,AB027062.1,M,partial,Orthohantavirus hantanense
2249,AB027063.1,M,partial,Orthohantavirus hantanense
2250,AB027064.1,M,partial,Orthohantavirus hantanense
2251,AB027065.1,M,partial,Orthohantavirus hantanense
2252,AB027066.1,M,partial,Orthohantavirus hantanense
2253,AB027067.1,M,partial,Orthohantavirus hantanense
2254,AB027068.1,M,partial,Orthohantavirus hantanense
2255,AB027069.1,M,partial,Orthohantavirus hantanense
2256,AB027070.1,M,partial,Orthohantavirus hantanense
2257,AB027071.1,M,partial,Orthohantavirus hantanense
2259,AB027073.1,M,partial,Orthohantavirus hantanense
2260,AB027074.1,M,partial,Orthohantavirus hantanense
2261,AB027075.1,M,partial,Orthohantavirus hantanense
2262,AB027076.1,M,partial,Orthohantavirus hantanense
2263,AB027077.1,M,partial,Orthohantavirus hantanense
2264,AB027078.1,M,partial,Orthohantavirus hantanense
2265,AB027079.1,M,partial,Orthohantavirus hantanense
2266,AB027080.1,M,partial,Orthohantavirus hantanense
2267,AB027081.1,M,partial,Orthohantavirus hantanense
2268,AB027082.1,M,partial,Orthohantavirus hantanense
2269,AB027083.1,M,partial,Orthohantavirus hantanense
2270,AB027084.1,M,partial,Orthohantavirus hantanense
2271,AB027085.1,M,partial,Orthohantavirus hantanense
2272,AB027086.1,M,partial,Orthohantavirus hantanense
2273,AB027087.1,M,partial,Orthohantavirus hantanense
2274,AB027088.1,M,partial,Orthohantavirus hantanense
2275,AB027089.1,M,partial,Orthohantavirus hantanense
2276,AB027090.1,M,partial,Orthohantavirus hantanense
2277,AB027091.1,M,partial,Orthohantavirus hantanense
2278,AB027092.1,M,partial,Orthohantavirus hantanense
2279,AB027093.1,S,partial,Orthohantavirus hantanense
2280,AB027094.1,S,partial,Orthohantavirus hantanense
2281,AB027095.1,S,partial,Orthohantavirus hantanense
2282,AB027096.1,S,partial,Orthohantavirus hantanense
2283,AB027097.1,S,partial,Orthohantavirus hantanense
2284,AB027098.1,S,partial,Orthohantavirus hantanense
2285,AB027099.1,S,partial,Orthohantavirus hantanense
2286,AB027100.1,S,partial,Orthohantavirus hantanense
2287,AB027101.1,S,partial,Orthohantavirus hantanense
2288,AB027102.1,S,partial,Orthohantavirus hantanense
2289,AB027103.1,S,partial,Orthohantavirus hantanense
2290,AB027104.1,S,partial,Orthohantavirus hantanense
2291,AB027105.1,S,partial,Orthohantavirus hantanense
2292,AB027106.1,S,partial,Orthohantavirus hantanense
2293,AB027107.1,S,partial,Orthohantavirus hantanense
2294,AB027108.1,S,partial,Orthohantavirus hantanense
2295,AB027109.1,S,partial,Orthohantavirus hantanense
2296,AB027110.1,S,partial,Orthohantavirus hantanense
2297,AB027111.1,S,partial,Orthohantavirus hantanense
2298,AB027112.1,S,partial,Orthohantavirus hantanense
2299,AB027113.1,S,partial,Orthohantavirus hantanense
2300,AB027114.1,S,partial,Orthohantavirus hantanense
2301,AB027115.2,M,partial,Orthohantavirus hantanense
2302,AB027523.1,S,partial,Orthohantavirus hantanense
2303,AF172422.1,M,partial,Orthohantavirus hantanense
2304,AF172423.1,M,partial,Orthohantavirus hantanense
2305,AF172424.1,M,partial,Orthohantavirus hantanense
2306,AB030232.1,M,partial,Orthohantavirus hantanense
2307,AF110773.1,M,partial,Orthohantavirus hantanense
2308,AF035831.1,M,partial,Orthohantavirus hantanense
2309,AF054973.1,M,partial,Orthohantavirus hantanense
2310,AF054974.1,S,partial,Orthohantavirus hantanense
2311,AF054975.1,S,partial,Orthohantavirus hantanense
2312,U71281.1,S,partial,Orthohantavirus hantanense
2313,U71282.1,S,partial,Orthohantavirus hantanense
2314,U71283.1,M,partial,Orthohantavirus hantanense
2315,U71369.1,M,partial,Orthohantavirus hantanense
2316,U71370.1,S,partial,Orthohantavirus hantanense
2317,U71371.1,S,partial,Orthohantavirus hantanense
2318,U71372.1,M,partial,Orthohantavirus hantanense
2319,U71373.1,M,partial,Orthohantavirus hantanense
2320,U38910.1,M,partial,Orthohantavirus hantanense
2321,U38911.1,M,partial,Orthohantavirus hantanense
2322,X95077.1,S,partial,Orthohantavirus hantanense
2323,U37729.1,M,partial,Orthohantavirus hantanense
2324,U37768.1,S,partial,Orthohantavirus hantanense
2325,U38177.1,M,partial,Orthohantavirus hantanense
2326,S74081.1,S,partial,Orthohantavirus hantanense
2327,D25528.1,L,partial,Orthohantavirus hantanense
2328,D25529.1,M,partial,Orthohantavirus hantanense
2329,D25530.1,S,partial,Orthohantavirus hantanense
2330,D25531.1,L,partial,Orthohantavirus hantanense
2331,D25532.1,M,partial,Orthohantavirus hantanense
2332,D25533.1,S,partial,Orthohantavirus hantanense
2333,L08753.1,M,partial,Orthohantavirus hantanense
2334,M14626.1,S,partial,Orthohantavirus hantanense
2335,M14627.1,M,partial,Orthohantavirus hantanense
2336,M57432.1,M,partial,Orthohantavirus hantanense
2337,M57637.1,M,partial,Orthohantavirus hantanense
2338,D00376.1,M,partial,Orthohantavirus hantanense
2339,D00377.1,M,partial,Orthohantavirus hantanense
2340,X55901.1,L,partial,Orthohantavirus hantanense
2341,Y00386.1,M,partial,Orthohantavirus hantanense
