,Accession,Segment,Nuc_Completeness,Species
0,NC_077666.1,M,complete,Orthohantavirus puumalaense
1,NC_077667.1,L,complete,Orthohantavirus puumalaense
2,NC_077668.1,S,complete,Orthohantavirus puumalaense
3,NC_005223.1,M,complete,Orthohantavirus puumalaense
4,NC_005224.1,S,complete,Orthohantavirus puumalaense
5,NC_005225.1,L,complete,Orthohantavirus puumalaense
6,PQ867783.1,S,partial,Orthohantavirus puumalaense
7,PQ867785.1,S,partial,Orthohantavirus puumalaense
8,PQ867788.1,S,partial,Orthohantavirus puumalaense
9,PQ867789.1,S,partial,Orthohantavirus puumalaense
10,PV276136.1,L,partial,Orthohantavirus puumalaense
11,PV276137.1,L,partial,Orthohantavirus puumalaense
12,PV276138.1,L,partial,Orthohantavirus puumalaense
13,PV276139.1,L,partial,Orthohantavirus puumalaense
14,PV276140.1,L,partial,Orthohantavirus puumalaense
15,PV276141.1,L,partial,Orthohantavirus puumalaense
16,PV276142.1,M,partial,Orthohantavirus puumalaense
17,PV276143.1,M,partial,Orthohantavirus puumalaense
18,PV276144.1,M,partial,Orthohantavirus puumalaense
19,PV276145.1,M,partial,Orthohantavirus puumalaense
20,PV276146.1,M,partial,Orthohantavirus puumalaense
21,PV276147.1,M,partial,Orthohantavirus puumalaense
22,PV276148.1,S,partial,Orthohantavirus puumalaense
23,PV276149.1,S,partial,Orthohantavirus puumalaense
24,PV276150.1,S,partial,Orthohantavirus puumalaense
25,PV276151.1,S,partial,Orthohantavirus puumalaense
26,PV276152.1,S,partial,Orthohantavirus puumalaense
27,PV276153.1,S,partial,Orthohantavirus puumalaense
28,PV254382.1,S,partial,Orthohantavirus puumalaense
29,PV254383.1,S,partial,Orthohantavirus puumalaense
30,PV254384.1,S,partial,Orthohantavirus puumalaense
31,PV254385.1,S,partial,Orthohantavirus puumalaense
32,PQ871465.1,S,partial,Orthohantavirus puumalaense
33,PQ683547.1,M,partial,Orthohantavirus puumalaense
34,PQ683548.1,M,partial,Orthohantavirus puumalaense
35,PQ683549.1,L,partial,Orthohantavirus puumalaense
36,PQ683550.1,L,partial,Orthohantavirus puumalaense
37,PQ683551.1,L,partial,Orthohantavirus puumalaense
38,PQ683552.1,L,partial,Orthohantavirus puumalaense
39,PQ723775.1,L,partial,Orthohantavirus puumalaense
40,PQ723776.1,L,partial,Orthohantavirus puumalaense
41,PQ723777.1,L,partial,Orthohantavirus puumalaense
42,PQ723778.1,L,partial,Orthohantavirus puumalaense
43,PQ723779.1,L,partial,Orthohantavirus puumalaense
44,PQ673794.1,M,partial,Orthohantavirus puumalaense
45,PQ673795.1,M,partial,Orthohantavirus puumalaense
46,PQ741736.1,M,partial,Orthohantavirus puumalaense
47,PQ660163.1,S,partial,Orthohantavirus puumalaense
48,PQ660164.1,S,partial,Orthohantavirus puumalaense
49,PQ660165.1,S,partial,Orthohantavirus puumalaense
50,PQ660166.1,S,partial,Orthohantavirus puumalaense
51,PQ660167.1,S,partial,Orthohantavirus puumalaense
52,PQ660168.1,S,partial,Orthohantavirus puumalaense
53,PQ660169.1,M,partial,Orthohantavirus puumalaense
54,PQ660170.1,M,partial,Orthohantavirus puumalaense
55,PQ660171.1,M,partial,Orthohantavirus puumalaense
56,PQ660172.1,M,partial,Orthohantavirus puumalaense
57,PQ653513.1,M,partial,Orthohantavirus puumalaense
58,PQ653514.1,M,partial,Orthohantavirus puumalaense
59,PQ653515.1,M,partial,Orthohantavirus puumalaense
60,PQ653516.1,M,partial,Orthohantavirus puumalaense
61,PQ653517.1,M,partial,Orthohantavirus puumalaense
62,PQ653518.1,M,partial,Orthohantavirus puumalaense
63,PQ653519.1,M,partial,Orthohantavirus puumalaense
64,PQ653520.1,M,partial,Orthohantavirus puumalaense
65,PQ653521.1,M,partial,Orthohantavirus puumalaense
66,PQ653522.1,M,partial,Orthohantavirus puumalaense
67,PQ653523.1,M,partial,Orthohantavirus puumalaense
68,PQ653524.1,M,partial,Orthohantavirus puumalaense
69,PQ653525.1,M,partial,Orthohantavirus puumalaense
70,PQ653526.1,M,partial,Orthohantavirus puumalaense
71,PQ653527.1,M,partial,Orthohantavirus puumalaense
72,PQ653528.1,M,partial,Orthohantavirus puumalaense
73,PQ653529.1,M,partial,Orthohantavirus puumalaense
74,PQ653530.1,M,partial,Orthohantavirus puumalaense
75,PQ634464.1,M,partial,Orthohantavirus puumalaense
76,PQ634465.1,M,partial,Orthohantavirus puumalaense
77,PQ641040.1,S,partial,Orthohantavirus puumalaense
78,PQ641041.1,S,partial,Orthohantavirus puumalaense
79,PQ641042.1,S,partial,Orthohantavirus puumalaense
80,PQ641043.1,S,partial,Orthohantavirus puumalaense
81,PQ641044.1,S,partial,Orthohantavirus puumalaense
82,PQ641045.1,S,partial,Orthohantavirus puumalaense
83,PQ641046.1,S,partial,Orthohantavirus puumalaense
84,PQ641047.1,S,partial,Orthohantavirus puumalaense
85,PQ641048.1,S,partial,Orthohantavirus puumalaense
86,PQ641049.1,S,partial,Orthohantavirus puumalaense
87,PQ641050.1,S,partial,Orthohantavirus puumalaense
88,PQ641051.1,S,partial,Orthohantavirus puumalaense
89,PQ641052.1,S,partial,Orthohantavirus puumalaense
90,PQ641053.1,S,partial,Orthohantavirus puumalaense
91,PQ641054.1,S,partial,Orthohantavirus puumalaense
92,PQ641055.1,S,partial,Orthohantavirus puumalaense
93,PQ641056.1,S,partial,Orthohantavirus puumalaense
94,PQ641057.1,S,partial,Orthohantavirus puumalaense
95,PQ641058.1,S,partial,Orthohantavirus puumalaense
96,PQ641059.1,S,partial,Orthohantavirus puumalaense
97,PQ641060.1,S,partial,Orthohantavirus puumalaense
98,PQ645099.1,L,partial,Orthohantavirus puumalaense
99,PQ645100.1,L,partial,Orthohantavirus puumalaense
100,PQ645101.1,L,partial,Orthohantavirus puumalaense
101,PQ645102.1,L,partial,Orthohantavirus puumalaense
102,PQ645103.1,L,partial,Orthohantavirus puumalaense
103,PQ645104.1,L,partial,Orthohantavirus puumalaense
104,PQ650618.1,L,partial,Orthohantavirus puumalaense
105,PQ650619.1,L,partial,Orthohantavirus puumalaense
106,PQ650620.1,L,partial,Orthohantavirus puumalaense
107,PQ650621.1,L,partial,Orthohantavirus puumalaense
108,PQ738269.1,L,partial,Orthohantavirus puumalaense
109,PQ738270.1,L,partial,Orthohantavirus puumalaense
110,PQ738271.1,L,partial,Orthohantavirus puumalaense
111,PQ738272.1,L,partial,Orthohantavirus puumalaense
112,PQ738273.1,L,partial,Orthohantavirus puumalaense
113,PQ738274.1,L,partial,Orthohantavirus puumalaense
114,PQ738275.1,L,partial,Orthohantavirus puumalaense
115,PQ738276.1,L,partial,Orthohantavirus puumalaense
116,PQ741974.1,L,partial,Orthohantavirus puumalaense
117,PQ629508.1,S,partial,Orthohantavirus puumalaense
118,PQ629509.1,S,partial,Orthohantavirus puumalaense
119,OR573657.1,S,complete,Orthohantavirus puumalaense
120,OR581027.1,S,partial,Orthohantavirus puumalaense
121,OR581028.1,S,partial,Orthohantavirus puumalaense
122,OR581029.1,S,partial,Orthohantavirus puumalaense
123,OR581030.1,S,partial,Orthohantavirus puumalaense
124,OR581031.1,S,partial,Orthohantavirus puumalaense
125,OR581032.1,S,partial,Orthohantavirus puumalaense
126,OR581033.1,S,partial,Orthohantavirus puumalaense
127,OR581034.1,S,partial,Orthohantavirus puumalaense
128,OR581035.1,S,partial,Orthohantavirus puumalaense
129,OR581037.1,M,partial,Orthohantavirus puumalaense
130,OR581040.1,L,partial,Orthohantavirus puumalaense
131,OR607515.1,L,partial,Orthohantavirus puumalaense
132,OR607516.1,L,partial,Orthohantavirus puumalaense
133,OR607517.1,L,partial,Orthohantavirus puumalaense
134,OR607518.1,L,partial,Orthohantavirus puumalaense
135,OR607519.1,L,partial,Orthohantavirus puumalaense
136,OR607520.1,L,partial,Orthohantavirus puumalaense
137,OR607521.1,L,partial,Orthohantavirus puumalaense
138,OR607522.1,L,partial,Orthohantavirus puumalaense
139,OR607523.1,L,partial,Orthohantavirus puumalaense
140,PQ256518.1,L,partial,Orthohantavirus puumalaense
141,PQ256519.1,L,partial,Orthohantavirus puumalaense
142,PQ256520.1,L,partial,Orthohantavirus puumalaense
143,PQ256521.1,L,partial,Orthohantavirus puumalaense
144,PQ256522.1,L,partial,Orthohantavirus puumalaense
145,PQ256523.1,L,partial,Orthohantavirus puumalaense
146,PQ256524.1,L,partial,Orthohantavirus puumalaense
147,PQ256525.1,L,partial,Orthohantavirus puumalaense
148,PQ256526.1,L,partial,Orthohantavirus puumalaense
149,PQ256527.1,L,partial,Orthohantavirus puumalaense
150,PQ256528.1,L,partial,Orthohantavirus puumalaense
151,PQ256529.1,L,partial,Orthohantavirus puumalaense
152,PQ256532.1,L,partial,Orthohantavirus puumalaense
153,PQ256533.1,L,partial,Orthohantavirus puumalaense
154,PQ256534.1,L,partial,Orthohantavirus puumalaense
155,PQ256535.1,L,partial,Orthohantavirus puumalaense
156,PQ256536.1,L,partial,Orthohantavirus puumalaense
157,PQ256537.1,L,partial,Orthohantavirus puumalaense
158,PQ256538.1,L,partial,Orthohantavirus puumalaense
159,PQ256539.1,L,partial,Orthohantavirus puumalaense
160,PQ256540.1,L,partial,Orthohantavirus puumalaense
161,PQ256541.1,L,partial,Orthohantavirus puumalaense
162,PQ256542.1,L,partial,Orthohantavirus puumalaense
163,PQ256543.1,L,partial,Orthohantavirus puumalaense
164,PQ256544.1,L,partial,Orthohantavirus puumalaense
165,PQ256545.1,L,partial,Orthohantavirus puumalaense
166,PQ256546.1,L,partial,Orthohantavirus puumalaense
167,PQ256547.1,L,partial,Orthohantavirus puumalaense
168,PQ256548.1,L,partial,Orthohantavirus puumalaense
169,PQ256549.1,L,partial,Orthohantavirus puumalaense
170,PQ256550.1,L,partial,Orthohantavirus puumalaense
171,PQ256551.1,L,partial,Orthohantavirus puumalaense
172,PQ256552.1,L,partial,Orthohantavirus puumalaense
173,PQ256553.1,L,partial,Orthohantavirus puumalaense
174,PQ256554.1,L,partial,Orthohantavirus puumalaense
175,PQ256555.1,L,partial,Orthohantavirus puumalaense
176,PQ256556.1,L,partial,Orthohantavirus puumalaense
177,PQ256557.1,L,partial,Orthohantavirus puumalaense
178,PQ256558.1,L,partial,Orthohantavirus puumalaense
179,PQ256559.1,L,partial,Orthohantavirus puumalaense
180,PQ256560.1,L,partial,Orthohantavirus puumalaense
181,PQ256561.1,L,partial,Orthohantavirus puumalaense
182,PQ256564.1,L,partial,Orthohantavirus puumalaense
183,PQ256565.1,L,partial,Orthohantavirus puumalaense
184,PQ256566.1,L,partial,Orthohantavirus puumalaense
185,PQ256567.1,L,partial,Orthohantavirus puumalaense
186,PQ256568.1,L,partial,Orthohantavirus puumalaense
187,PQ256569.1,L,partial,Orthohantavirus puumalaense
188,PQ256570.1,L,partial,Orthohantavirus puumalaense
189,PQ256571.1,L,partial,Orthohantavirus puumalaense
190,PQ256572.1,L,partial,Orthohantavirus puumalaense
191,PQ256573.1,L,partial,Orthohantavirus puumalaense
192,PQ256574.1,L,partial,Orthohantavirus puumalaense
193,PQ256575.1,L,partial,Orthohantavirus puumalaense
194,PQ256576.1,L,partial,Orthohantavirus puumalaense
195,PQ256577.1,L,partial,Orthohantavirus puumalaense
196,PQ256578.1,L,partial,Orthohantavirus puumalaense
197,PQ256579.1,L,partial,Orthohantavirus puumalaense
198,PQ256580.1,L,partial,Orthohantavirus puumalaense
199,PQ256586.1,L,partial,Orthohantavirus puumalaense
200,PQ256587.1,L,partial,Orthohantavirus puumalaense
201,PQ256588.1,L,partial,Orthohantavirus puumalaense
202,PQ256589.1,L,partial,Orthohantavirus puumalaense
203,PQ256590.1,L,partial,Orthohantavirus puumalaense
204,PQ256591.1,L,partial,Orthohantavirus puumalaense
205,PQ256592.1,L,partial,Orthohantavirus puumalaense
206,PQ256593.1,L,partial,Orthohantavirus puumalaense
207,PQ256594.1,L,partial,Orthohantavirus puumalaense
208,PQ256595.1,L,partial,Orthohantavirus puumalaense
209,PQ256596.1,L,partial,Orthohantavirus puumalaense
210,PQ256597.1,L,partial,Orthohantavirus puumalaense
211,PQ256598.1,L,partial,Orthohantavirus puumalaense
212,PQ256599.1,L,partial,Orthohantavirus puumalaense
213,PQ256600.1,L,partial,Orthohantavirus puumalaense
214,PQ256601.1,L,partial,Orthohantavirus puumalaense
215,PQ256602.1,L,partial,Orthohantavirus puumalaense
216,PQ256603.1,L,partial,Orthohantavirus puumalaense
217,PQ256604.1,L,partial,Orthohantavirus puumalaense
218,PQ256605.1,L,partial,Orthohantavirus puumalaense
219,PQ256606.1,L,partial,Orthohantavirus puumalaense
220,PQ256607.1,L,partial,Orthohantavirus puumalaense
221,PQ256608.1,L,partial,Orthohantavirus puumalaense
222,PQ256609.1,L,partial,Orthohantavirus puumalaense
223,PQ256610.1,L,partial,Orthohantavirus puumalaense
224,PQ256611.1,L,partial,Orthohantavirus puumalaense
225,PQ256612.1,L,partial,Orthohantavirus puumalaense
226,PQ256613.1,L,partial,Orthohantavirus puumalaense
227,PQ256614.1,L,partial,Orthohantavirus puumalaense
228,PQ256615.1,L,partial,Orthohantavirus puumalaense
229,PQ256616.1,L,partial,Orthohantavirus puumalaense
230,PQ256617.1,L,partial,Orthohantavirus puumalaense
231,PQ256618.1,L,partial,Orthohantavirus puumalaense
232,PQ256619.1,L,partial,Orthohantavirus puumalaense
233,PQ256620.1,L,partial,Orthohantavirus puumalaense
234,PQ256621.1,L,partial,Orthohantavirus puumalaense
235,PQ256622.1,L,partial,Orthohantavirus puumalaense
236,PQ256623.1,L,partial,Orthohantavirus puumalaense
237,PQ256624.1,L,partial,Orthohantavirus puumalaense
238,PQ256625.1,L,partial,Orthohantavirus puumalaense
239,PQ256626.1,L,partial,Orthohantavirus puumalaense
240,PQ256627.1,L,partial,Orthohantavirus puumalaense
241,PQ256628.1,L,partial,Orthohantavirus puumalaense
242,PQ256629.1,L,partial,Orthohantavirus puumalaense
243,OR915058.1,S,complete,Orthohantavirus puumalaense
244,OR915059.1,M,complete,Orthohantavirus puumalaense
245,OR915060.1,L,complete,Orthohantavirus puumalaense
246,OR915061.1,S,complete,Orthohantavirus puumalaense
247,OR915062.1,M,complete,Orthohantavirus puumalaense
248,OR915063.1,L,complete,Orthohantavirus puumalaense
249,OR915064.1,S,complete,Orthohantavirus puumalaense
250,OR915065.1,M,complete,Orthohantavirus puumalaense
251,OR915066.1,L,complete,Orthohantavirus puumalaense
252,OR915067.1,S,partial,Orthohantavirus puumalaense
253,OR915068.1,M,partial,Orthohantavirus puumalaense
254,OR915069.1,L,partial,Orthohantavirus puumalaense
255,OR915070.1,S,complete,Orthohantavirus puumalaense
256,OR915071.1,M,complete,Orthohantavirus puumalaense
257,OR915072.1,L,complete,Orthohantavirus puumalaense
258,OQ503846.1,L,partial,Orthohantavirus puumalaense
259,OQ503847.1,L,partial,Orthohantavirus puumalaense
260,OQ503848.1,L,partial,Orthohantavirus puumalaense
261,OQ503849.1,L,partial,Orthohantavirus puumalaense
262,OQ503850.1,L,partial,Orthohantavirus puumalaense
263,OQ606916.1,L,partial,Orthohantavirus puumalaense
264,OQ606917.1,M,partial,Orthohantavirus puumalaense
265,OQ606918.1,S,partial,Orthohantavirus puumalaense
266,OQ606919.1,L,partial,Orthohantavirus puumalaense
267,OQ606920.1,M,partial,Orthohantavirus puumalaense
268,OQ606921.1,S,partial,Orthohantavirus puumalaense
269,PP375538.1,L,partial,Orthohantavirus puumalaense
270,PP375539.1,L,partial,Orthohantavirus puumalaense
271,PP375540.1,L,partial,Orthohantavirus puumalaense
272,PP375552.1,L,partial,Orthohantavirus puumalaense
273,PP375553.1,L,partial,Orthohantavirus puumalaense
274,PP375554.1,L,partial,Orthohantavirus puumalaense
275,PP375555.1,M,partial,Orthohantavirus puumalaense
276,PP375556.1,M,partial,Orthohantavirus puumalaense
277,PP375557.1,M,partial,Orthohantavirus puumalaense
278,PP375558.1,S,partial,Orthohantavirus puumalaense
279,PP375559.1,S,partial,Orthohantavirus puumalaense
280,PP375560.1,S,partial,Orthohantavirus puumalaense
281,LC790458.1,S,partial,Orthohantavirus puumalaense
282,LC790459.1,S,partial,Orthohantavirus puumalaense
283,LC790460.1,S,partial,Orthohantavirus puumalaense
284,LC790461.1,S,partial,Orthohantavirus puumalaense
285,LC790462.1,M,partial,Orthohantavirus puumalaense
286,LC790463.1,M,partial,Orthohantavirus puumalaense
287,LC790464.1,M,partial,Orthohantavirus puumalaense
288,LC790465.1,M,partial,Orthohantavirus puumalaense
289,LC790466.1,M,partial,Orthohantavirus puumalaense
290,LC790467.1,L,partial,Orthohantavirus puumalaense
291,LC790468.1,L,partial,Orthohantavirus puumalaense
292,LC790469.1,L,partial,Orthohantavirus puumalaense
293,LC790470.1,L,partial,Orthohantavirus puumalaense
294,LC790471.1,L,partial,Orthohantavirus puumalaense
295,PP112638.1,S,partial,Orthohantavirus puumalaense
296,OR999067.1,S,partial,Orthohantavirus puumalaense
297,OR999068.1,S,partial,Orthohantavirus puumalaense
298,OR999069.1,S,partial,Orthohantavirus puumalaense
299,OR999070.1,S,partial,Orthohantavirus puumalaense
300,OR974340.1,S,partial,Orthohantavirus puumalaense
301,OR974341.1,S,partial,Orthohantavirus puumalaense
302,OR974342.1,S,partial,Orthohantavirus puumalaense
303,OR974343.1,S,partial,Orthohantavirus puumalaense
304,OR974344.1,S,partial,Orthohantavirus puumalaense
305,OR974345.1,S,partial,Orthohantavirus puumalaense
306,OR974357.1,S,partial,Orthohantavirus puumalaense
307,OR974358.1,S,partial,Orthohantavirus puumalaense
308,OR974359.1,S,partial,Orthohantavirus puumalaense
309,OR974360.1,S,partial,Orthohantavirus puumalaense
310,OR974361.1,S,partial,Orthohantavirus puumalaense
311,OR974362.1,S,partial,Orthohantavirus puumalaense
312,OR974363.1,S,partial,Orthohantavirus puumalaense
313,OR974364.1,S,partial,Orthohantavirus puumalaense
314,OR974366.1,S,partial,Orthohantavirus puumalaense
315,OR974367.1,M,partial,Orthohantavirus puumalaense
316,OR974376.1,M,partial,Orthohantavirus puumalaense
317,OR974385.1,M,partial,Orthohantavirus puumalaense
318,OR974388.1,M,partial,Orthohantavirus puumalaense
319,OR420714.1,S,partial,Orthohantavirus puumalaense
320,OR420715.1,S,partial,Orthohantavirus puumalaense
321,OR420716.1,S,partial,Orthohantavirus puumalaense
322,OR420717.1,S,partial,Orthohantavirus puumalaense
323,OR420718.1,S,partial,Orthohantavirus puumalaense
324,OR420719.1,S,partial,Orthohantavirus puumalaense
325,OR420720.1,S,partial,Orthohantavirus puumalaense
326,OR420721.1,S,partial,Orthohantavirus puumalaense
327,OR420722.1,S,partial,Orthohantavirus puumalaense
328,OR420723.1,S,partial,Orthohantavirus puumalaense
329,OR420724.1,S,partial,Orthohantavirus puumalaense
330,OQ714392.1,S,partial,Orthohantavirus puumalaense
331,OQ714395.1,S,partial,Orthohantavirus puumalaense
332,OQ714397.1,S,partial,Orthohantavirus puumalaense
333,OQ714398.1,S,partial,Orthohantavirus puumalaense
334,OP561818.1,S,partial,Orthohantavirus puumalaense
335,OP561819.1,S,partial,Orthohantavirus puumalaense
336,OP561820.1,S,partial,Orthohantavirus puumalaense
337,OP561821.1,S,partial,Orthohantavirus puumalaense
338,OP561822.1,S,partial,Orthohantavirus puumalaense
339,OP561823.1,S,partial,Orthohantavirus puumalaense
340,OP561824.1,S,partial,Orthohantavirus puumalaense
341,OP561825.1,L,partial,Orthohantavirus puumalaense
342,OP561826.1,M,partial,Orthohantavirus puumalaense
343,OP561827.1,S,partial,Orthohantavirus puumalaense
344,OP561828.1,L,partial,Orthohantavirus puumalaense
345,OP561829.1,M,partial,Orthohantavirus puumalaense
346,OP561830.1,S,partial,Orthohantavirus puumalaense
347,OP561831.1,L,partial,Orthohantavirus puumalaense
348,OP561832.1,M,partial,Orthohantavirus puumalaense
349,OP561833.1,S,partial,Orthohantavirus puumalaense
350,OP561834.1,L,partial,Orthohantavirus puumalaense
351,OP561835.1,M,partial,Orthohantavirus puumalaense
352,OP561836.1,S,partial,Orthohantavirus puumalaense
353,OP561837.1,L,partial,Orthohantavirus puumalaense
354,OP561838.1,M,partial,Orthohantavirus puumalaense
355,OP561839.1,S,partial,Orthohantavirus puumalaense
356,OP561840.1,L,partial,Orthohantavirus puumalaense
357,OP561841.1,M,partial,Orthohantavirus puumalaense
358,OP561842.1,S,partial,Orthohantavirus puumalaense
359,OP561843.1,L,partial,Orthohantavirus puumalaense
360,OP561844.1,M,partial,Orthohantavirus puumalaense
361,OP561845.1,S,partial,Orthohantavirus puumalaense
362,OP561846.1,L,partial,Orthohantavirus puumalaense
363,OP561847.1,M,partial,Orthohantavirus puumalaense
364,OP561848.1,S,partial,Orthohantavirus puumalaense
365,OP561849.1,L,partial,Orthohantavirus puumalaense
366,OP561850.1,M,partial,Orthohantavirus puumalaense
367,OP561851.1,S,partial,Orthohantavirus puumalaense
368,OP561852.1,L,partial,Orthohantavirus puumalaense
369,OP561853.1,M,partial,Orthohantavirus puumalaense
370,OP561854.1,S,partial,Orthohantavirus puumalaense
371,OQ067390.1,S,partial,Orthohantavirus puumalaense
372,OQ067391.1,S,partial,Orthohantavirus puumalaense
373,OQ067392.1,S,partial,Orthohantavirus puumalaense
374,OQ067393.1,S,partial,Orthohantavirus puumalaense
375,OQ067394.1,S,partial,Orthohantavirus puumalaense
376,OP484974.1,M,partial,Orthohantavirus puumalaense
377,OP484975.1,M,partial,Orthohantavirus puumalaense
378,OP484976.1,M,partial,Orthohantavirus puumalaense
379,OP484977.1,M,partial,Orthohantavirus puumalaense
380,OP441075.1,M,partial,Orthohantavirus puumalaense
381,OP441076.1,M,partial,Orthohantavirus puumalaense
382,OP441077.1,M,partial,Orthohantavirus puumalaense
383,OP441078.1,M,partial,Orthohantavirus puumalaense
384,OP441079.1,M,partial,Orthohantavirus puumalaense
385,OP441080.1,M,partial,Orthohantavirus puumalaense
386,OP441081.1,M,partial,Orthohantavirus puumalaense
387,OP441082.1,M,partial,Orthohantavirus puumalaense
388,OP459273.1,S,partial,Orthohantavirus puumalaense
389,OP459274.1,S,partial,Orthohantavirus puumalaense
390,OP459275.1,S,partial,Orthohantavirus puumalaense
391,OP459276.1,S,partial,Orthohantavirus puumalaense
392,OP459277.1,S,partial,Orthohantavirus puumalaense
393,OP459278.1,S,partial,Orthohantavirus puumalaense
394,OP459279.1,S,partial,Orthohantavirus puumalaense
395,OP459280.1,S,partial,Orthohantavirus puumalaense
396,OP459281.1,S,partial,Orthohantavirus puumalaense
397,OP459282.1,S,partial,Orthohantavirus puumalaense
398,OP459283.1,S,partial,Orthohantavirus puumalaense
399,OP459284.1,S,partial,Orthohantavirus puumalaense
400,OP459285.1,S,partial,Orthohantavirus puumalaense
401,OP459286.1,S,partial,Orthohantavirus puumalaense
402,OP459287.1,S,partial,Orthohantavirus puumalaense
403,OP459288.1,S,partial,Orthohantavirus puumalaense
404,OP459289.1,S,partial,Orthohantavirus puumalaense
405,OP459290.1,S,partial,Orthohantavirus puumalaense
406,OP459291.1,S,partial,Orthohantavirus puumalaense
407,OP459292.1,S,partial,Orthohantavirus puumalaense
408,OP459293.1,S,partial,Orthohantavirus puumalaense
409,OP459294.1,S,partial,Orthohantavirus puumalaense
410,OP459295.1,S,partial,Orthohantavirus puumalaense
411,OQ283007.1,S,partial,Orthohantavirus puumalaense
412,OQ283008.1,S,partial,Orthohantavirus puumalaense
413,OQ283009.1,S,partial,Orthohantavirus puumalaense
414,OQ283010.1,S,partial,Orthohantavirus puumalaense
415,OQ283011.1,S,partial,Orthohantavirus puumalaense
416,OQ283012.1,S,partial,Orthohantavirus puumalaense
417,OQ283013.1,S,partial,Orthohantavirus puumalaense
418,OQ283014.1,S,partial,Orthohantavirus puumalaense
419,OQ283015.1,S,partial,Orthohantavirus puumalaense
420,OQ283016.1,S,partial,Orthohantavirus puumalaense
428,MZ580941.1,S,partial,Orthohantavirus puumalaense
429,MZ580942.1,S,partial,Orthohantavirus puumalaense
430,MZ580943.1,M,partial,Orthohantavirus puumalaense
431,MZ580944.1,L,partial,Orthohantavirus puumalaense
432,MZ580945.1,S,partial,Orthohantavirus puumalaense
433,MZ580946.1,M,partial,Orthohantavirus puumalaense
434,MZ580947.1,L,partial,Orthohantavirus puumalaense
435,MZ580948.1,S,partial,Orthohantavirus puumalaense
436,MZ580949.1,M,partial,Orthohantavirus puumalaense
437,MZ580950.1,L,partial,Orthohantavirus puumalaense
438,MZ580951.1,S,partial,Orthohantavirus puumalaense
439,MZ580952.1,M,partial,Orthohantavirus puumalaense
440,MZ580953.1,L,partial,Orthohantavirus puumalaense
441,OM372469.1,S,partial,Orthohantavirus puumalaense
442,OM372470.1,M,complete,Orthohantavirus puumalaense
443,MW661038.1,L,partial,Orthohantavirus puumalaense
444,OL343541.1,L,partial,Orthohantavirus puumalaense
445,OL343542.1,L,partial,Orthohantavirus puumalaense
446,OL343543.1,L,partial,Orthohantavirus puumalaense
447,OL343544.1,L,partial,Orthohantavirus puumalaense
448,OL343545.1,L,partial,Orthohantavirus puumalaense
449,OL343546.1,L,partial,Orthohantavirus puumalaense
450,OL343548.1,L,partial,Orthohantavirus puumalaense
451,OL343550.1,L,partial,Orthohantavirus puumalaense
452,OL343551.1,L,partial,Orthohantavirus puumalaense
453,OL343552.1,L,partial,Orthohantavirus puumalaense
454,OL343553.1,L,partial,Orthohantavirus puumalaense
455,OL343554.1,L,partial,Orthohantavirus puumalaense
456,OL343555.1,L,partial,Orthohantavirus puumalaense
457,OL343556.1,L,partial,Orthohantavirus puumalaense
458,OL343557.1,L,partial,Orthohantavirus puumalaense
459,OL343558.1,L,partial,Orthohantavirus puumalaense
460,OL343559.1,L,partial,Orthohantavirus puumalaense
461,OL343560.1,L,partial,Orthohantavirus puumalaense
462,OL343561.1,L,partial,Orthohantavirus puumalaense
463,OL343562.1,L,partial,Orthohantavirus puumalaense
464,OL343563.1,M,partial,Orthohantavirus puumalaense
465,OL343564.1,M,partial,Orthohantavirus puumalaense
466,OL343565.1,M,partial,Orthohantavirus puumalaense
467,OL343566.1,M,partial,Orthohantavirus puumalaense
468,OL343567.1,M,partial,Orthohantavirus puumalaense
469,OL343568.1,M,partial,Orthohantavirus puumalaense
470,OL343569.1,M,partial,Orthohantavirus puumalaense
471,OL343570.1,M,partial,Orthohantavirus puumalaense
472,OL343571.1,M,partial,Orthohantavirus puumalaense
473,OL343572.1,M,partial,Orthohantavirus puumalaense
474,OL343573.1,M,partial,Orthohantavirus puumalaense
475,OL343574.1,M,partial,Orthohantavirus puumalaense
476,OL343575.1,M,partial,Orthohantavirus puumalaense
477,OL343576.1,M,partial,Orthohantavirus puumalaense
478,OL343577.1,M,partial,Orthohantavirus puumalaense
479,OL343578.1,M,partial,Orthohantavirus puumalaense
480,OL343579.1,M,partial,Orthohantavirus puumalaense
481,OL343580.1,M,partial,Orthohantavirus puumalaense
482,OL343581.1,M,partial,Orthohantavirus puumalaense
483,OL343582.1,M,partial,Orthohantavirus puumalaense
484,OL343583.1,M,partial,Orthohantavirus puumalaense
485,OL343584.1,M,partial,Orthohantavirus puumalaense
486,OL343585.1,S,partial,Orthohantavirus puumalaense
487,OL343586.1,S,partial,Orthohantavirus puumalaense
488,OL343587.1,S,partial,Orthohantavirus puumalaense
489,OL343588.1,S,partial,Orthohantavirus puumalaense
490,OL343589.1,S,partial,Orthohantavirus puumalaense
491,OL343590.1,S,partial,Orthohantavirus puumalaense
492,OL343591.1,S,partial,Orthohantavirus puumalaense
493,OL343592.1,S,partial,Orthohantavirus puumalaense
494,OL343593.1,S,partial,Orthohantavirus puumalaense
495,OL343594.1,S,partial,Orthohantavirus puumalaense
496,OL343595.1,S,partial,Orthohantavirus puumalaense
497,OL343596.1,S,partial,Orthohantavirus puumalaense
498,OL343597.1,S,partial,Orthohantavirus puumalaense
499,OL343598.1,S,partial,Orthohantavirus puumalaense
500,OL343599.1,S,partial,Orthohantavirus puumalaense
501,OL343600.1,S,partial,Orthohantavirus puumalaense
502,OL343601.1,S,partial,Orthohantavirus puumalaense
503,OL343602.1,S,partial,Orthohantavirus puumalaense
504,OL343603.1,S,partial,Orthohantavirus puumalaense
505,OL343604.1,S,partial,Orthohantavirus puumalaense
506,OL343605.1,S,partial,Orthohantavirus puumalaense
507,OL343606.1,S,partial,Orthohantavirus puumalaense
508,MZ913276.1,S,partial,Orthohantavirus puumalaense
509,MZ913277.1,S,partial,Orthohantavirus puumalaense
510,MZ913278.1,S,partial,Orthohantavirus puumalaense
511,MZ913279.1,S,partial,Orthohantavirus puumalaense
512,MZ913280.1,S,partial,Orthohantavirus puumalaense
513,MZ913281.1,S,partial,Orthohantavirus puumalaense
514,MZ913282.1,S,partial,Orthohantavirus puumalaense
515,MZ913283.1,S,partial,Orthohantavirus puumalaense
516,MZ913284.1,S,partial,Orthohantavirus puumalaense
517,MZ913285.1,S,partial,Orthohantavirus puumalaense
518,MZ913286.1,S,partial,Orthohantavirus puumalaense
519,MZ913287.1,M,partial,Orthohantavirus puumalaense
520,MZ913288.1,M,partial,Orthohantavirus puumalaense
521,MZ913289.1,M,partial,Orthohantavirus puumalaense
522,MZ913290.1,M,partial,Orthohantavirus puumalaense
523,MZ913291.1,M,partial,Orthohantavirus puumalaense
524,MZ913292.1,M,partial,Orthohantavirus puumalaense
525,MZ913293.1,M,partial,Orthohantavirus puumalaense
526,MZ913294.1,M,partial,Orthohantavirus puumalaense
527,MZ913295.1,M,partial,Orthohantavirus puumalaense
528,MZ913296.1,M,partial,Orthohantavirus puumalaense
529,MZ913297.1,M,partial,Orthohantavirus puumalaense
530,MZ913298.1,M,partial,Orthohantavirus puumalaense
531,MZ913299.1,M,partial,Orthohantavirus puumalaense
532,MZ913300.1,M,partial,Orthohantavirus puumalaense
533,MZ913301.1,M,partial,Orthohantavirus puumalaense
534,MZ913302.1,M,partial,Orthohantavirus puumalaense
535,MZ913303.1,M,partial,Orthohantavirus puumalaense
536,MZ913304.1,M,partial,Orthohantavirus puumalaense
537,MZ913305.1,M,partial,Orthohantavirus puumalaense
538,OL840616.1,L,partial,Orthohantavirus puumalaense
539,OL840617.1,L,partial,Orthohantavirus puumalaense
540,OL840618.1,L,partial,Orthohantavirus puumalaense
541,OL840619.1,L,partial,Orthohantavirus puumalaense
542,OL840620.1,L,partial,Orthohantavirus puumalaense
543,OL840621.1,L,partial,Orthohantavirus puumalaense
544,OL840622.1,L,partial,Orthohantavirus puumalaense
545,OL840623.1,L,partial,Orthohantavirus puumalaense
546,OL840624.1,L,partial,Orthohantavirus puumalaense
547,OL840625.1,L,partial,Orthohantavirus puumalaense
548,OL840626.1,L,partial,Orthohantavirus puumalaense
549,OL840627.1,L,partial,Orthohantavirus puumalaense
550,OL840976.1,S,partial,Orthohantavirus puumalaense
551,OL840977.1,S,partial,Orthohantavirus puumalaense
552,OL840978.1,S,partial,Orthohantavirus puumalaense
553,OL840979.1,S,partial,Orthohantavirus puumalaense
554,OL840980.1,S,partial,Orthohantavirus puumalaense
555,OL840981.1,S,partial,Orthohantavirus puumalaense
556,OL840982.1,S,partial,Orthohantavirus puumalaense
557,OL840983.1,S,partial,Orthohantavirus puumalaense
558,OL840984.1,S,partial,Orthohantavirus puumalaense
559,OL840985.1,S,partial,Orthohantavirus puumalaense
560,OL840986.1,S,partial,Orthohantavirus puumalaense
561,OL840987.1,S,partial,Orthohantavirus puumalaense
562,OL840988.1,M,partial,Orthohantavirus puumalaense
563,OL840989.1,M,partial,Orthohantavirus puumalaense
564,OL840990.1,M,partial,Orthohantavirus puumalaense
565,OL840991.1,M,partial,Orthohantavirus puumalaense
566,OL840992.1,M,partial,Orthohantavirus puumalaense
567,OL840993.1,M,partial,Orthohantavirus puumalaense
568,OL860965.1,M,partial,Orthohantavirus puumalaense
569,OL860966.1,M,partial,Orthohantavirus puumalaense
570,OL860967.1,M,partial,Orthohantavirus puumalaense
571,OL860968.1,M,partial,Orthohantavirus puumalaense
572,OL860969.1,M,partial,Orthohantavirus puumalaense
573,OL860970.1,M,partial,Orthohantavirus puumalaense
574,MW656500.1,L,partial,Orthohantavirus puumalaense
575,MW656501.1,L,partial,Orthohantavirus puumalaense
576,MZ014463.1,L,partial,Orthohantavirus puumalaense
577,MZ014464.1,L,partial,Orthohantavirus puumalaense
578,MZ014465.1,S,complete,Orthohantavirus puumalaense
579,MZ014466.1,S,complete,Orthohantavirus puumalaense
580,MZ014467.1,S,complete,Orthohantavirus puumalaense
581,MZ014468.1,M,complete,Orthohantavirus puumalaense
582,MZ014469.1,M,complete,Orthohantavirus puumalaense
583,MZ014470.1,M,complete,Orthohantavirus puumalaense
584,MZ014471.1,L,complete,Orthohantavirus puumalaense
585,MZ014472.1,L,complete,Orthohantavirus puumalaense
586,MZ014473.1,L,complete,Orthohantavirus puumalaense
587,OL355107.1,L,partial,Orthohantavirus puumalaense
588,MT822193.1,L,partial,Orthohantavirus puumalaense
589,MT822194.1,M,partial,Orthohantavirus puumalaense
590,MT822195.1,S,partial,Orthohantavirus puumalaense
591,MT822196.1,S,partial,Orthohantavirus puumalaense
592,MW498163.1,M,partial,Orthohantavirus puumalaense
593,MW498164.1,M,partial,Orthohantavirus puumalaense
594,MW498165.1,M,partial,Orthohantavirus puumalaense
595,MW498166.1,M,partial,Orthohantavirus puumalaense
596,MW498167.1,M,partial,Orthohantavirus puumalaense
597,MW498168.1,M,partial,Orthohantavirus puumalaense
598,MW498169.1,M,partial,Orthohantavirus puumalaense
599,MW498170.1,M,partial,Orthohantavirus puumalaense
600,MW498171.1,M,partial,Orthohantavirus puumalaense
601,MW498172.1,M,partial,Orthohantavirus puumalaense
602,MW498173.1,M,partial,Orthohantavirus puumalaense
603,MW498174.1,M,partial,Orthohantavirus puumalaense
604,MW498175.1,M,partial,Orthohantavirus puumalaense
605,MW498176.1,M,partial,Orthohantavirus puumalaense
606,MW498177.1,M,partial,Orthohantavirus puumalaense
607,MW498178.1,M,partial,Orthohantavirus puumalaense
608,MW498179.1,M,partial,Orthohantavirus puumalaense
609,MW498180.1,M,partial,Orthohantavirus puumalaense
610,MW498181.1,M,partial,Orthohantavirus puumalaense
611,MW498182.1,M,partial,Orthohantavirus puumalaense
612,MW498183.1,M,partial,Orthohantavirus puumalaense
613,MW498184.1,M,partial,Orthohantavirus puumalaense
614,MW498185.1,M,partial,Orthohantavirus puumalaense
615,MW498186.1,M,partial,Orthohantavirus puumalaense
616,MW498187.1,M,partial,Orthohantavirus puumalaense
617,MW498188.1,M,partial,Orthohantavirus puumalaense
618,MW498189.1,M,partial,Orthohantavirus puumalaense
619,MW498190.1,M,partial,Orthohantavirus puumalaense
620,MW498191.1,M,partial,Orthohantavirus puumalaense
621,MW498192.1,M,partial,Orthohantavirus puumalaense
622,MW498193.1,M,partial,Orthohantavirus puumalaense
623,MW498194.1,M,partial,Orthohantavirus puumalaense
624,MW498195.1,M,partial,Orthohantavirus puumalaense
625,MW498196.1,M,partial,Orthohantavirus puumalaense
626,MW498197.1,M,partial,Orthohantavirus puumalaense
627,MW498198.1,M,partial,Orthohantavirus puumalaense
628,MW498199.1,L,partial,Orthohantavirus puumalaense
629,MW498200.1,L,partial,Orthohantavirus puumalaense
630,MW498201.1,L,partial,Orthohantavirus puumalaense
631,MW498202.1,L,partial,Orthohantavirus puumalaense
632,MW498203.1,L,partial,Orthohantavirus puumalaense
633,MW498204.1,L,partial,Orthohantavirus puumalaense
634,MW498205.1,L,partial,Orthohantavirus puumalaense
635,MW498206.1,L,partial,Orthohantavirus puumalaense
636,MW498207.1,L,partial,Orthohantavirus puumalaense
637,MW498208.1,L,partial,Orthohantavirus puumalaense
638,MW498209.1,L,partial,Orthohantavirus puumalaense
639,MW498210.1,L,partial,Orthohantavirus puumalaense
640,MW498211.1,L,partial,Orthohantavirus puumalaense
641,MW498212.1,L,partial,Orthohantavirus puumalaense
642,MW498213.1,L,partial,Orthohantavirus puumalaense
643,MW498214.1,L,partial,Orthohantavirus puumalaense
644,MW498215.1,L,partial,Orthohantavirus puumalaense
645,MW498216.1,L,partial,Orthohantavirus puumalaense
646,MW498217.1,L,partial,Orthohantavirus puumalaense
647,MW498218.1,L,partial,Orthohantavirus puumalaense
648,MW498219.1,L,partial,Orthohantavirus puumalaense
649,MW498220.1,L,partial,Orthohantavirus puumalaense
650,MW498221.1,L,partial,Orthohantavirus puumalaense
651,MW498222.1,L,partial,Orthohantavirus puumalaense
652,MW498223.1,L,partial,Orthohantavirus puumalaense
653,MW498224.1,L,partial,Orthohantavirus puumalaense
654,MW498225.1,L,partial,Orthohantavirus puumalaense
655,MW498226.1,L,partial,Orthohantavirus puumalaense
656,MW498227.1,L,partial,Orthohantavirus puumalaense
657,MW498228.1,L,partial,Orthohantavirus puumalaense
658,MW498229.1,L,partial,Orthohantavirus puumalaense
659,MW498230.1,L,partial,Orthohantavirus puumalaense
660,MW498231.1,L,partial,Orthohantavirus puumalaense
661,MW498232.1,L,partial,Orthohantavirus puumalaense
662,MW498233.1,L,partial,Orthohantavirus puumalaense
663,MW498234.1,L,partial,Orthohantavirus puumalaense
664,MW498235.1,L,partial,Orthohantavirus puumalaense
665,MW498236.1,L,partial,Orthohantavirus puumalaense
666,MW498237.1,L,partial,Orthohantavirus puumalaense
667,MW498238.1,L,partial,Orthohantavirus puumalaense
668,MN232216.1,S,partial,Orthohantavirus puumalaense
669,MN232217.1,S,partial,Orthohantavirus puumalaense
670,MN232218.1,S,partial,Orthohantavirus puumalaense
671,MN232219.1,S,partial,Orthohantavirus puumalaense
672,MN232220.1,S,partial,Orthohantavirus puumalaense
673,MN232221.1,S,partial,Orthohantavirus puumalaense
674,MN232222.1,S,partial,Orthohantavirus puumalaense
675,MN232223.1,S,partial,Orthohantavirus puumalaense
676,MN232224.1,S,partial,Orthohantavirus puumalaense
677,MN232225.1,S,partial,Orthohantavirus puumalaense
678,MN232226.1,S,partial,Orthohantavirus puumalaense
679,MN232227.1,S,partial,Orthohantavirus puumalaense
680,MN232228.1,S,partial,Orthohantavirus puumalaense
681,MZ673485.1,L,partial,Orthohantavirus puumalaense
682,MZ673486.1,L,partial,Orthohantavirus puumalaense
683,MZ673487.1,L,partial,Orthohantavirus puumalaense
684,MZ673488.1,L,partial,Orthohantavirus puumalaense
685,MZ673489.1,L,partial,Orthohantavirus puumalaense
686,MZ673490.1,L,partial,Orthohantavirus puumalaense
687,MZ673491.1,L,partial,Orthohantavirus puumalaense
688,MZ673492.1,L,partial,Orthohantavirus puumalaense
689,MZ673493.1,L,partial,Orthohantavirus puumalaense
690,MZ673494.1,L,partial,Orthohantavirus puumalaense
691,MZ673495.1,L,partial,Orthohantavirus puumalaense
692,MZ673496.1,L,partial,Orthohantavirus puumalaense
693,MZ673497.1,L,partial,Orthohantavirus puumalaense
694,MZ673498.1,L,partial,Orthohantavirus puumalaense
695,MZ673499.1,L,partial,Orthohantavirus puumalaense
696,MZ673500.1,L,partial,Orthohantavirus puumalaense
697,MZ673501.1,L,partial,Orthohantavirus puumalaense
698,MZ673502.1,L,partial,Orthohantavirus puumalaense
699,MZ673503.1,L,partial,Orthohantavirus puumalaense
700,MZ673504.1,L,partial,Orthohantavirus puumalaense
701,MZ673505.1,L,partial,Orthohantavirus puumalaense
702,MZ673506.1,L,partial,Orthohantavirus puumalaense
703,MZ673507.1,L,partial,Orthohantavirus puumalaense
704,MZ673508.1,L,partial,Orthohantavirus puumalaense
705,MZ673509.1,M,partial,Orthohantavirus puumalaense
706,MZ673510.1,M,partial,Orthohantavirus puumalaense
707,MZ673511.1,M,partial,Orthohantavirus puumalaense
708,MZ673512.1,M,partial,Orthohantavirus puumalaense
709,MZ673513.1,M,partial,Orthohantavirus puumalaense
710,MZ673514.1,M,partial,Orthohantavirus puumalaense
711,MZ673515.1,M,partial,Orthohantavirus puumalaense
712,MZ673516.1,M,partial,Orthohantavirus puumalaense
713,MZ673517.1,M,partial,Orthohantavirus puumalaense
714,MZ673518.1,M,partial,Orthohantavirus puumalaense
715,MZ673519.1,M,partial,Orthohantavirus puumalaense
716,MZ673520.1,M,partial,Orthohantavirus puumalaense
717,MZ673521.1,M,partial,Orthohantavirus puumalaense
718,MZ673522.1,M,partial,Orthohantavirus puumalaense
719,MZ673523.1,M,partial,Orthohantavirus puumalaense
720,MZ673524.1,M,partial,Orthohantavirus puumalaense
721,MZ673525.1,M,partial,Orthohantavirus puumalaense
722,MZ673526.1,M,partial,Orthohantavirus puumalaense
723,MZ673527.1,M,partial,Orthohantavirus puumalaense
724,MZ673528.1,M,partial,Orthohantavirus puumalaense
725,MZ673529.1,M,partial,Orthohantavirus puumalaense
726,MZ673530.1,S,partial,Orthohantavirus puumalaense
727,MZ673531.1,S,partial,Orthohantavirus puumalaense
728,MZ673532.1,S,partial,Orthohantavirus puumalaense
729,MZ673533.1,S,partial,Orthohantavirus puumalaense
730,MZ673534.1,S,partial,Orthohantavirus puumalaense
731,MZ673535.1,S,partial,Orthohantavirus puumalaense
732,MZ673536.1,S,partial,Orthohantavirus puumalaense
733,MZ673537.1,S,partial,Orthohantavirus puumalaense
734,MZ673538.1,S,partial,Orthohantavirus puumalaense
735,MZ673539.1,S,partial,Orthohantavirus puumalaense
736,MZ673540.1,S,partial,Orthohantavirus puumalaense
737,MZ673541.1,S,partial,Orthohantavirus puumalaense
738,MZ673542.1,S,partial,Orthohantavirus puumalaense
739,MZ673543.1,S,partial,Orthohantavirus puumalaense
740,MZ673544.1,S,partial,Orthohantavirus puumalaense
741,MZ673545.1,S,partial,Orthohantavirus puumalaense
742,MZ673546.1,S,partial,Orthohantavirus puumalaense
743,MZ673547.1,S,partial,Orthohantavirus puumalaense
744,MZ673548.1,S,partial,Orthohantavirus puumalaense
745,MZ673549.1,S,partial,Orthohantavirus puumalaense
746,MZ673550.1,S,partial,Orthohantavirus puumalaense
747,MZ673551.1,S,partial,Orthohantavirus puumalaense
748,MZ673552.1,L,partial,Orthohantavirus puumalaense
749,MZ673553.1,M,partial,Orthohantavirus puumalaense
750,MZ673554.1,S,partial,Orthohantavirus puumalaense
751,MN207198.1,M,partial,Orthohantavirus puumalaense
752,MN207199.1,M,partial,Orthohantavirus puumalaense
753,MN207200.1,M,partial,Orthohantavirus puumalaense
754,MN207201.1,M,partial,Orthohantavirus puumalaense
755,MN207202.1,M,partial,Orthohantavirus puumalaense
756,MN207203.1,M,partial,Orthohantavirus puumalaense
757,MN207204.1,M,partial,Orthohantavirus puumalaense
758,MN207205.1,M,partial,Orthohantavirus puumalaense
759,MN207206.1,M,partial,Orthohantavirus puumalaense
760,MN207207.1,M,partial,Orthohantavirus puumalaense
761,MN207208.1,M,partial,Orthohantavirus puumalaense
762,MN207209.1,L,partial,Orthohantavirus puumalaense
763,MN207210.1,L,partial,Orthohantavirus puumalaense
764,MN207211.1,L,partial,Orthohantavirus puumalaense
765,MN207212.1,L,partial,Orthohantavirus puumalaense
766,MN207213.1,L,partial,Orthohantavirus puumalaense
767,MN207214.1,L,partial,Orthohantavirus puumalaense
768,MN207215.1,L,partial,Orthohantavirus puumalaense
769,MN241149.1,S,partial,Orthohantavirus puumalaense
770,MN241150.1,S,partial,Orthohantavirus puumalaense
771,MN241151.1,S,partial,Orthohantavirus puumalaense
772,MN241152.1,S,partial,Orthohantavirus puumalaense
773,MN241153.1,S,partial,Orthohantavirus puumalaense
774,MN241154.1,S,partial,Orthohantavirus puumalaense
775,MN241155.1,S,partial,Orthohantavirus puumalaense
776,MN241156.1,S,partial,Orthohantavirus puumalaense
777,MN241157.1,S,partial,Orthohantavirus puumalaense
778,MN241158.1,S,partial,Orthohantavirus puumalaense
779,MN241159.1,S,partial,Orthohantavirus puumalaense
780,MN241160.1,S,partial,Orthohantavirus puumalaense
781,MN241161.1,S,partial,Orthohantavirus puumalaense
782,MN241162.1,S,partial,Orthohantavirus puumalaense
783,MN241163.1,S,partial,Orthohantavirus puumalaense
784,MN241164.1,S,partial,Orthohantavirus puumalaense
785,MN241165.1,S,partial,Orthohantavirus puumalaense
786,MN241166.1,S,partial,Orthohantavirus puumalaense
787,MN241167.1,S,partial,Orthohantavirus puumalaense
788,MN241168.1,S,partial,Orthohantavirus puumalaense
789,MN241169.1,S,partial,Orthohantavirus puumalaense
790,MN241170.1,S,partial,Orthohantavirus puumalaense
791,MN241171.1,S,partial,Orthohantavirus puumalaense
792,MN241172.1,S,partial,Orthohantavirus puumalaense
793,MN241173.1,S,partial,Orthohantavirus puumalaense
794,MN241174.1,S,partial,Orthohantavirus puumalaense
795,MN241175.1,S,partial,Orthohantavirus puumalaense
796,MN241176.1,S,partial,Orthohantavirus puumalaense
797,MN241177.1,S,partial,Orthohantavirus puumalaense
798,MN241178.1,S,partial,Orthohantavirus puumalaense
799,MN241179.1,S,partial,Orthohantavirus puumalaense
800,MN241180.1,S,partial,Orthohantavirus puumalaense
801,MN241181.1,S,partial,Orthohantavirus puumalaense
802,MN241182.1,M,partial,Orthohantavirus puumalaense
803,MN241183.1,M,partial,Orthohantavirus puumalaense
804,MN241184.1,M,partial,Orthohantavirus puumalaense
805,MN241185.1,M,partial,Orthohantavirus puumalaense
806,MN241186.1,M,partial,Orthohantavirus puumalaense
807,MN241187.1,M,partial,Orthohantavirus puumalaense
808,MN241188.1,M,partial,Orthohantavirus puumalaense
809,MN241189.1,M,partial,Orthohantavirus puumalaense
810,MN241190.1,M,partial,Orthohantavirus puumalaense
811,MN241191.1,M,partial,Orthohantavirus puumalaense
812,MN241192.1,M,partial,Orthohantavirus puumalaense
813,MN241193.1,M,partial,Orthohantavirus puumalaense
814,MN241194.1,M,partial,Orthohantavirus puumalaense
815,MN241195.1,M,partial,Orthohantavirus puumalaense
816,MN241196.1,M,partial,Orthohantavirus puumalaense
817,MN241197.1,M,partial,Orthohantavirus puumalaense
818,MN241198.1,M,partial,Orthohantavirus puumalaense
819,MN241199.1,M,partial,Orthohantavirus puumalaense
820,MN241200.1,M,partial,Orthohantavirus puumalaense
821,MN241201.1,M,partial,Orthohantavirus puumalaense
822,MN241202.1,M,partial,Orthohantavirus puumalaense
823,MN241203.1,M,partial,Orthohantavirus puumalaense
824,MN241204.1,M,partial,Orthohantavirus puumalaense
825,MN241205.1,M,partial,Orthohantavirus puumalaense
826,MN241206.1,M,partial,Orthohantavirus puumalaense
827,MN241207.1,M,partial,Orthohantavirus puumalaense
828,MN241208.1,M,partial,Orthohantavirus puumalaense
829,MN241209.1,M,partial,Orthohantavirus puumalaense
830,MN241210.1,M,partial,Orthohantavirus puumalaense
831,MN241211.1,M,partial,Orthohantavirus puumalaense
832,MN241212.1,M,partial,Orthohantavirus puumalaense
833,MN241213.1,M,partial,Orthohantavirus puumalaense
834,MN241214.1,M,partial,Orthohantavirus puumalaense
835,MN241215.1,L,partial,Orthohantavirus puumalaense
836,MN241216.1,L,partial,Orthohantavirus puumalaense
837,MN241217.1,L,partial,Orthohantavirus puumalaense
838,MN241218.1,L,partial,Orthohantavirus puumalaense
839,MN241219.1,L,partial,Orthohantavirus puumalaense
840,MN241220.1,L,partial,Orthohantavirus puumalaense
841,MN241221.1,L,partial,Orthohantavirus puumalaense
842,MN241222.1,L,partial,Orthohantavirus puumalaense
843,MN241223.1,L,partial,Orthohantavirus puumalaense
844,MN241224.1,L,partial,Orthohantavirus puumalaense
845,MN241225.1,L,partial,Orthohantavirus puumalaense
846,MN241226.1,L,partial,Orthohantavirus puumalaense
847,MN241227.1,L,partial,Orthohantavirus puumalaense
848,MN241228.1,L,partial,Orthohantavirus puumalaense
849,MN241229.1,L,partial,Orthohantavirus puumalaense
850,MN241230.1,L,partial,Orthohantavirus puumalaense
851,MN241231.1,L,partial,Orthohantavirus puumalaense
852,MN241232.1,L,partial,Orthohantavirus puumalaense
853,MN241233.1,L,partial,Orthohantavirus puumalaense
854,MN241234.1,L,partial,Orthohantavirus puumalaense
855,MN241235.1,L,partial,Orthohantavirus puumalaense
856,MN241236.1,L,partial,Orthohantavirus puumalaense
857,MN241237.1,L,partial,Orthohantavirus puumalaense
858,MN241238.1,L,partial,Orthohantavirus puumalaense
859,MN241239.1,L,partial,Orthohantavirus puumalaense
860,MN241240.1,L,partial,Orthohantavirus puumalaense
861,MN241241.1,L,partial,Orthohantavirus puumalaense
862,MN241242.1,L,partial,Orthohantavirus puumalaense
863,MN241243.1,L,partial,Orthohantavirus puumalaense
864,MN241244.1,L,partial,Orthohantavirus puumalaense
865,MN241245.1,L,partial,Orthohantavirus puumalaense
866,MN241246.1,L,partial,Orthohantavirus puumalaense
867,MN241247.1,L,partial,Orthohantavirus puumalaense
868,MZ343339.1,S,partial,Orthohantavirus puumalaense
869,MZ343340.1,L,partial,Orthohantavirus puumalaense
870,MZ343341.1,S,partial,Orthohantavirus puumalaense
871,MZ343342.1,L,partial,Orthohantavirus puumalaense
872,MZ343343.1,S,partial,Orthohantavirus puumalaense
873,MZ343344.1,L,partial,Orthohantavirus puumalaense
874,MZ343345.1,S,partial,Orthohantavirus puumalaense
875,MZ343346.1,L,partial,Orthohantavirus puumalaense
876,MZ343347.1,L,partial,Orthohantavirus puumalaense
877,MZ343348.1,S,partial,Orthohantavirus puumalaense
878,MZ343349.1,L,partial,Orthohantavirus puumalaense
879,MZ343350.1,L,partial,Orthohantavirus puumalaense
880,MZ343351.1,S,partial,Orthohantavirus puumalaense
881,MZ343352.1,L,partial,Orthohantavirus puumalaense
882,MZ343353.1,S,partial,Orthohantavirus puumalaense
883,MZ343354.1,L,partial,Orthohantavirus puumalaense
884,MZ343355.1,S,partial,Orthohantavirus puumalaense
885,MZ343356.1,L,partial,Orthohantavirus puumalaense
886,MZ343357.1,S,partial,Orthohantavirus puumalaense
887,MZ343358.1,L,partial,Orthohantavirus puumalaense
888,MZ343359.1,M,partial,Orthohantavirus puumalaense
889,MZ505034.1,M,partial,Orthohantavirus puumalaense
890,MZ505035.1,M,partial,Orthohantavirus puumalaense
891,MZ505036.1,M,partial,Orthohantavirus puumalaense
892,MZ505037.1,M,partial,Orthohantavirus puumalaense
893,MZ505038.1,M,partial,Orthohantavirus puumalaense
894,MW484947.1,S,partial,Orthohantavirus puumalaense
895,MW484948.1,S,partial,Orthohantavirus puumalaense
896,MW484949.1,S,partial,Orthohantavirus puumalaense
897,MW484950.1,S,partial,Orthohantavirus puumalaense
898,MW504212.1,S,partial,Orthohantavirus puumalaense
899,MW504213.1,S,partial,Orthohantavirus puumalaense
900,MW504214.1,S,partial,Orthohantavirus puumalaense
901,MW504215.1,S,partial,Orthohantavirus puumalaense
902,MW504216.1,S,partial,Orthohantavirus puumalaense
903,MW504217.1,S,partial,Orthohantavirus puumalaense
904,MW504218.1,S,partial,Orthohantavirus puumalaense
905,MW504219.1,S,partial,Orthohantavirus puumalaense
906,MW504220.1,S,partial,Orthohantavirus puumalaense
907,MW504221.1,S,partial,Orthohantavirus puumalaense
908,MW504222.1,S,partial,Orthohantavirus puumalaense
909,MW504223.1,S,partial,Orthohantavirus puumalaense
910,MW504224.1,S,partial,Orthohantavirus puumalaense
911,MW504225.1,S,partial,Orthohantavirus puumalaense
912,MW504226.1,S,partial,Orthohantavirus puumalaense
913,MW504227.1,S,partial,Orthohantavirus puumalaense
914,MW504228.1,S,partial,Orthohantavirus puumalaense
915,MW504229.1,S,partial,Orthohantavirus puumalaense
916,MW504230.1,S,partial,Orthohantavirus puumalaense
917,MW504231.1,S,partial,Orthohantavirus puumalaense
918,MW504232.1,S,partial,Orthohantavirus puumalaense
919,MW504233.1,S,partial,Orthohantavirus puumalaense
920,MW504234.1,S,partial,Orthohantavirus puumalaense
921,MW504235.1,S,partial,Orthohantavirus puumalaense
922,MW504236.1,S,partial,Orthohantavirus puumalaense
923,MW504237.1,S,partial,Orthohantavirus puumalaense
924,MW504238.1,S,partial,Orthohantavirus puumalaense
925,MW504239.1,S,partial,Orthohantavirus puumalaense
926,MW504240.1,S,partial,Orthohantavirus puumalaense
927,MW504241.1,S,partial,Orthohantavirus puumalaense
928,MW504242.1,S,partial,Orthohantavirus puumalaense
929,MW504243.1,S,partial,Orthohantavirus puumalaense
930,MW504244.1,S,partial,Orthohantavirus puumalaense
931,MW504245.1,S,partial,Orthohantavirus puumalaense
932,MW504246.1,S,partial,Orthohantavirus puumalaense
933,MW504247.1,S,partial,Orthohantavirus puumalaense
934,MW504248.1,S,partial,Orthohantavirus puumalaense
935,MW504249.1,S,partial,Orthohantavirus puumalaense
936,MW504250.1,S,partial,Orthohantavirus puumalaense
937,MW504251.1,S,partial,Orthohantavirus puumalaense
938,MW504252.1,S,partial,Orthohantavirus puumalaense
939,MW504253.1,S,partial,Orthohantavirus puumalaense
940,MW504254.1,S,partial,Orthohantavirus puumalaense
941,MW504255.1,S,partial,Orthohantavirus puumalaense
942,MW504256.1,S,partial,Orthohantavirus puumalaense
943,MW587790.1,S,partial,Orthohantavirus puumalaense
944,MW587791.1,S,partial,Orthohantavirus puumalaense
945,MW587792.1,S,partial,Orthohantavirus puumalaense
946,MW587793.1,S,partial,Orthohantavirus puumalaense
947,MW587794.1,S,partial,Orthohantavirus puumalaense
948,MW587795.1,S,partial,Orthohantavirus puumalaense
949,MW587796.1,S,partial,Orthohantavirus puumalaense
950,MW587797.1,S,partial,Orthohantavirus puumalaense
951,MW587798.1,S,partial,Orthohantavirus puumalaense
952,MW587799.1,S,partial,Orthohantavirus puumalaense
953,MW587800.1,S,partial,Orthohantavirus puumalaense
954,MW587801.1,S,partial,Orthohantavirus puumalaense
955,MW587802.1,S,partial,Orthohantavirus puumalaense
956,MW587803.1,S,partial,Orthohantavirus puumalaense
957,MW587804.1,S,partial,Orthohantavirus puumalaense
958,MW587805.1,S,partial,Orthohantavirus puumalaense
959,MW587806.1,S,partial,Orthohantavirus puumalaense
960,MW587807.1,S,partial,Orthohantavirus puumalaense
961,MW587808.1,S,partial,Orthohantavirus puumalaense
962,MW587809.1,S,partial,Orthohantavirus puumalaense
963,MW587810.1,S,partial,Orthohantavirus puumalaense
964,MW587811.1,S,partial,Orthohantavirus puumalaense
965,MW587812.1,S,partial,Orthohantavirus puumalaense
966,MW587813.1,S,partial,Orthohantavirus puumalaense
967,MW587814.1,S,partial,Orthohantavirus puumalaense
968,MW587815.1,S,partial,Orthohantavirus puumalaense
969,MW587816.1,S,partial,Orthohantavirus puumalaense
970,MW587817.1,S,partial,Orthohantavirus puumalaense
971,MW587818.1,S,partial,Orthohantavirus puumalaense
972,MW587819.1,S,partial,Orthohantavirus puumalaense
973,MW587820.1,S,partial,Orthohantavirus puumalaense
974,MW587821.1,S,partial,Orthohantavirus puumalaense
975,MZ441151.1,S,partial,Orthohantavirus puumalaense
976,MZ441152.1,S,partial,Orthohantavirus puumalaense
977,MZ441153.1,S,partial,Orthohantavirus puumalaense
978,MT580933.2,M,partial,Orthohantavirus puumalaense
979,MT580934.1,S,partial,Orthohantavirus puumalaense
980,MT580935.2,S,partial,Orthohantavirus puumalaense
981,MT472648.1,S,partial,Orthohantavirus puumalaense
982,MW023666.1,M,partial,Orthohantavirus puumalaense
983,MW023667.1,M,partial,Orthohantavirus puumalaense
984,MW023668.1,M,partial,Orthohantavirus puumalaense
985,MW023669.1,M,partial,Orthohantavirus puumalaense
986,MW023670.1,M,partial,Orthohantavirus puumalaense
987,MW023671.1,M,partial,Orthohantavirus puumalaense
988,MW023672.1,M,partial,Orthohantavirus puumalaense
989,MW023673.1,M,partial,Orthohantavirus puumalaense
990,MW023674.1,M,partial,Orthohantavirus puumalaense
991,MW023675.1,M,partial,Orthohantavirus puumalaense
992,MW023676.1,M,partial,Orthohantavirus puumalaense
993,MW023677.1,M,partial,Orthohantavirus puumalaense
994,MW023678.1,M,partial,Orthohantavirus puumalaense
995,MW023679.1,S,partial,Orthohantavirus puumalaense
996,MW023680.1,S,partial,Orthohantavirus puumalaense
997,MW023681.1,S,partial,Orthohantavirus puumalaense
998,MW023682.1,S,partial,Orthohantavirus puumalaense
999,MW023683.1,S,partial,Orthohantavirus puumalaense
1000,MW023684.1,S,partial,Orthohantavirus puumalaense
1001,MW023685.1,S,partial,Orthohantavirus puumalaense
1002,MW023686.1,S,partial,Orthohantavirus puumalaense
1003,MW023687.1,S,partial,Orthohantavirus puumalaense
1004,MW023688.1,S,partial,Orthohantavirus puumalaense
1005,MW023689.1,S,partial,Orthohantavirus puumalaense
1006,MW023690.1,S,partial,Orthohantavirus puumalaense
1007,MW023691.1,S,partial,Orthohantavirus puumalaense
1008,MW023692.1,S,partial,Orthohantavirus puumalaense
1009,MW023693.1,S,partial,Orthohantavirus puumalaense
1010,MW023694.1,S,partial,Orthohantavirus puumalaense
1011,MW023695.1,S,partial,Orthohantavirus puumalaense
1012,MW023696.1,S,partial,Orthohantavirus puumalaense
1013,MW023697.1,S,partial,Orthohantavirus puumalaense
1014,MW023698.1,S,partial,Orthohantavirus puumalaense
1015,MW023699.1,S,partial,Orthohantavirus puumalaense
1016,MW023700.1,S,partial,Orthohantavirus puumalaense
1017,MW023701.1,S,partial,Orthohantavirus puumalaense
1018,MW023702.1,S,partial,Orthohantavirus puumalaense
1019,MW023703.1,S,partial,Orthohantavirus puumalaense
1020,MW023704.1,S,partial,Orthohantavirus puumalaense
1021,MW023705.1,S,partial,Orthohantavirus puumalaense
1022,MW023706.1,S,partial,Orthohantavirus puumalaense
1023,MW023707.1,S,partial,Orthohantavirus puumalaense
1024,MW023708.1,S,partial,Orthohantavirus puumalaense
1025,MW023709.1,S,partial,Orthohantavirus puumalaense
1026,MW023710.1,S,partial,Orthohantavirus puumalaense
1027,MW023711.1,S,partial,Orthohantavirus puumalaense
1028,MW023712.1,S,partial,Orthohantavirus puumalaense
1029,MW023713.1,S,partial,Orthohantavirus puumalaense
1030,MW023714.1,S,partial,Orthohantavirus puumalaense
1031,MW023715.1,S,partial,Orthohantavirus puumalaense
1032,MW023716.1,S,partial,Orthohantavirus puumalaense
1033,MW023717.1,S,partial,Orthohantavirus puumalaense
1034,MW023718.1,S,partial,Orthohantavirus puumalaense
1035,MW023719.1,S,partial,Orthohantavirus puumalaense
1036,MW023720.1,S,partial,Orthohantavirus puumalaense
1037,MW023721.1,S,partial,Orthohantavirus puumalaense
1038,MW023722.1,S,partial,Orthohantavirus puumalaense
1039,MW023723.1,S,partial,Orthohantavirus puumalaense
1040,MW023724.1,S,partial,Orthohantavirus puumalaense
1041,MW023725.1,S,partial,Orthohantavirus puumalaense
1042,MW023726.1,S,partial,Orthohantavirus puumalaense
1043,MW023727.1,S,partial,Orthohantavirus puumalaense
1044,MW023728.1,S,partial,Orthohantavirus puumalaense
1045,MW023729.1,S,partial,Orthohantavirus puumalaense
1046,MW023730.1,S,partial,Orthohantavirus puumalaense
1047,MW023731.1,S,partial,Orthohantavirus puumalaense
1048,MW023732.1,S,partial,Orthohantavirus puumalaense
1049,MW023733.1,S,partial,Orthohantavirus puumalaense
1050,MW023734.1,S,partial,Orthohantavirus puumalaense
1051,MW023735.1,S,partial,Orthohantavirus puumalaense
1052,MW023736.1,S,partial,Orthohantavirus puumalaense
1053,MW023737.1,S,partial,Orthohantavirus puumalaense
1054,MW023739.1,S,partial,Orthohantavirus puumalaense
1055,MW023740.1,S,partial,Orthohantavirus puumalaense
1056,MT453485.1,S,partial,Orthohantavirus puumalaense
1057,MT453486.1,S,partial,Orthohantavirus puumalaense
1058,MT453487.1,S,partial,Orthohantavirus puumalaense
1059,MT453488.1,S,partial,Orthohantavirus puumalaense
1060,MT453489.1,S,partial,Orthohantavirus puumalaense
1061,MT453490.1,S,partial,Orthohantavirus puumalaense
1062,MT453491.1,S,partial,Orthohantavirus puumalaense
1063,MT453492.1,S,partial,Orthohantavirus puumalaense
1064,MT453493.1,S,partial,Orthohantavirus puumalaense
1065,MT453494.1,S,partial,Orthohantavirus puumalaense
1066,MT453495.1,S,partial,Orthohantavirus puumalaense
1067,MT453496.1,S,partial,Orthohantavirus puumalaense
1068,MT453497.1,S,partial,Orthohantavirus puumalaense
1069,MT453498.1,S,partial,Orthohantavirus puumalaense
1070,MT453499.1,S,partial,Orthohantavirus puumalaense
1071,MT453500.1,S,partial,Orthohantavirus puumalaense
1072,MT453501.1,S,partial,Orthohantavirus puumalaense
1073,MT453502.1,S,partial,Orthohantavirus puumalaense
1074,MT453503.1,S,partial,Orthohantavirus puumalaense
1075,MT453504.1,S,partial,Orthohantavirus puumalaense
1076,MT453505.1,S,partial,Orthohantavirus puumalaense
1077,MT453506.1,S,partial,Orthohantavirus puumalaense
1078,MT453507.1,S,partial,Orthohantavirus puumalaense
1079,MT453508.1,S,partial,Orthohantavirus puumalaense
1080,MT453509.1,S,partial,Orthohantavirus puumalaense
1081,MT453510.1,S,partial,Orthohantavirus puumalaense
1082,MT453511.1,S,partial,Orthohantavirus puumalaense
1083,MT453512.1,S,partial,Orthohantavirus puumalaense
1084,MT453513.1,S,partial,Orthohantavirus puumalaense
1085,MT453514.1,S,partial,Orthohantavirus puumalaense
1086,MT453515.1,S,partial,Orthohantavirus puumalaense
1087,MT453516.1,S,partial,Orthohantavirus puumalaense
1088,MT453517.1,S,partial,Orthohantavirus puumalaense
1089,MT453518.1,S,partial,Orthohantavirus puumalaense
1090,MT453519.1,S,partial,Orthohantavirus puumalaense
1091,MT453520.1,S,partial,Orthohantavirus puumalaense
1092,MT453521.1,S,partial,Orthohantavirus puumalaense
1093,MT453522.1,S,partial,Orthohantavirus puumalaense
1094,MT453523.1,S,partial,Orthohantavirus puumalaense
1095,MT453524.1,S,partial,Orthohantavirus puumalaense
1096,MT453525.1,S,partial,Orthohantavirus puumalaense
1097,MT453526.1,S,partial,Orthohantavirus puumalaense
1098,MT453527.1,S,partial,Orthohantavirus puumalaense
1099,MT453528.1,S,partial,Orthohantavirus puumalaense
1100,MT453529.1,S,partial,Orthohantavirus puumalaense
1101,MT453530.1,S,partial,Orthohantavirus puumalaense
1102,MT453531.1,S,partial,Orthohantavirus puumalaense
1103,MT453532.1,S,partial,Orthohantavirus puumalaense
1104,MT453533.1,S,partial,Orthohantavirus puumalaense
1105,MT453534.1,S,partial,Orthohantavirus puumalaense
1106,MT453535.1,S,partial,Orthohantavirus puumalaense
1107,MT453536.1,S,partial,Orthohantavirus puumalaense
1108,MT453537.1,S,partial,Orthohantavirus puumalaense
1109,MT453538.1,S,partial,Orthohantavirus puumalaense
1110,MT453539.1,S,partial,Orthohantavirus puumalaense
1111,MT453540.1,S,partial,Orthohantavirus puumalaense
1112,MT453541.1,S,partial,Orthohantavirus puumalaense
1113,MT453542.1,S,partial,Orthohantavirus puumalaense
1114,MT453543.1,S,partial,Orthohantavirus puumalaense
1115,MT453544.1,S,partial,Orthohantavirus puumalaense
1116,MT453545.1,S,partial,Orthohantavirus puumalaense
1117,MT453546.1,S,partial,Orthohantavirus puumalaense
1118,MT453547.1,S,partial,Orthohantavirus puumalaense
1119,MT453548.1,S,partial,Orthohantavirus puumalaense
1120,MT453549.1,S,partial,Orthohantavirus puumalaense
1121,MT453550.1,S,partial,Orthohantavirus puumalaense
1122,MT453551.1,S,partial,Orthohantavirus puumalaense
1123,MT453552.1,S,partial,Orthohantavirus puumalaense
1124,MT453553.1,S,partial,Orthohantavirus puumalaense
1125,MT453554.1,S,partial,Orthohantavirus puumalaense
1126,MT453555.1,S,partial,Orthohantavirus puumalaense
1127,MT453556.1,S,partial,Orthohantavirus puumalaense
1128,MT453557.1,S,partial,Orthohantavirus puumalaense
1129,MT453558.1,S,partial,Orthohantavirus puumalaense
1130,MT453559.1,S,partial,Orthohantavirus puumalaense
1131,MT453560.1,S,partial,Orthohantavirus puumalaense
1132,MT453561.1,S,partial,Orthohantavirus puumalaense
1133,MT453562.1,S,partial,Orthohantavirus puumalaense
1134,MT453563.1,S,partial,Orthohantavirus puumalaense
1135,MT453564.1,S,partial,Orthohantavirus puumalaense
1136,MT453565.1,S,partial,Orthohantavirus puumalaense
1137,MT453566.1,S,partial,Orthohantavirus puumalaense
1138,MT453567.1,S,partial,Orthohantavirus puumalaense
1139,MT453568.1,S,partial,Orthohantavirus puumalaense
1140,MT453569.1,S,partial,Orthohantavirus puumalaense
1141,MT453570.1,S,partial,Orthohantavirus puumalaense
1142,MT453571.1,S,partial,Orthohantavirus puumalaense
1143,MT453572.1,S,partial,Orthohantavirus puumalaense
1144,MT453573.1,S,partial,Orthohantavirus puumalaense
1145,MT453574.1,S,partial,Orthohantavirus puumalaense
1146,MT453575.1,S,partial,Orthohantavirus puumalaense
1147,MT453576.1,S,partial,Orthohantavirus puumalaense
1148,MT453577.1,S,partial,Orthohantavirus puumalaense
1149,MT453578.1,S,partial,Orthohantavirus puumalaense
1150,MT453579.1,S,partial,Orthohantavirus puumalaense
1151,MT453580.1,S,partial,Orthohantavirus puumalaense
1152,MT453581.1,S,partial,Orthohantavirus puumalaense
1153,MT453582.1,S,partial,Orthohantavirus puumalaense
1154,MT453583.1,S,partial,Orthohantavirus puumalaense
1155,MT453584.1,S,partial,Orthohantavirus puumalaense
1156,MT453585.1,S,partial,Orthohantavirus puumalaense
1157,MT453586.1,S,partial,Orthohantavirus puumalaense
1158,MT453587.1,S,partial,Orthohantavirus puumalaense
1159,MT453588.1,S,partial,Orthohantavirus puumalaense
1160,MT453589.1,S,partial,Orthohantavirus puumalaense
1161,MT453590.1,S,partial,Orthohantavirus puumalaense
1162,MT453591.1,S,partial,Orthohantavirus puumalaense
1163,MT453592.1,S,partial,Orthohantavirus puumalaense
1164,MT453593.1,S,partial,Orthohantavirus puumalaense
1165,MT453594.1,S,partial,Orthohantavirus puumalaense
1166,MT453595.1,S,partial,Orthohantavirus puumalaense
1167,MT453596.1,S,partial,Orthohantavirus puumalaense
1168,MT453597.1,S,partial,Orthohantavirus puumalaense
1169,MT453598.1,S,partial,Orthohantavirus puumalaense
1170,MT453599.1,S,partial,Orthohantavirus puumalaense
1171,MT453600.1,S,partial,Orthohantavirus puumalaense
1172,MT453601.1,S,partial,Orthohantavirus puumalaense
1173,MT453602.1,S,partial,Orthohantavirus puumalaense
1174,MT453603.1,S,partial,Orthohantavirus puumalaense
1175,MT453604.1,S,partial,Orthohantavirus puumalaense
1176,MT453605.1,S,partial,Orthohantavirus puumalaense
1177,MT453606.1,S,partial,Orthohantavirus puumalaense
1178,MT453607.1,S,partial,Orthohantavirus puumalaense
1179,MT453608.1,S,partial,Orthohantavirus puumalaense
1180,MT453609.1,S,partial,Orthohantavirus puumalaense
1181,MT453610.1,S,partial,Orthohantavirus puumalaense
1182,MT453611.1,S,partial,Orthohantavirus puumalaense
1183,MT453612.1,S,partial,Orthohantavirus puumalaense
1184,MT453613.1,S,partial,Orthohantavirus puumalaense
1185,MT453614.1,S,partial,Orthohantavirus puumalaense
1186,MT453615.1,S,partial,Orthohantavirus puumalaense
1187,MT453616.1,S,partial,Orthohantavirus puumalaense
1188,MT453617.1,S,partial,Orthohantavirus puumalaense
1189,MT453618.1,S,partial,Orthohantavirus puumalaense
1190,MT453619.1,S,partial,Orthohantavirus puumalaense
1191,MT453620.1,S,partial,Orthohantavirus puumalaense
1192,MT453621.1,S,partial,Orthohantavirus puumalaense
1193,MT453622.1,S,partial,Orthohantavirus puumalaense
1194,MT453623.1,S,partial,Orthohantavirus puumalaense
1195,MT453624.1,S,partial,Orthohantavirus puumalaense
1196,MT453625.1,S,partial,Orthohantavirus puumalaense
1197,MT453626.1,S,partial,Orthohantavirus puumalaense
1198,MT453627.1,S,partial,Orthohantavirus puumalaense
1199,MT453628.1,S,partial,Orthohantavirus puumalaense
1200,MT453629.1,S,partial,Orthohantavirus puumalaense
1201,MT453630.1,S,partial,Orthohantavirus puumalaense
1202,MT453631.1,S,partial,Orthohantavirus puumalaense
1203,MT453632.1,S,partial,Orthohantavirus puumalaense
1204,MT453633.1,S,partial,Orthohantavirus puumalaense
1205,MT453634.1,S,partial,Orthohantavirus puumalaense
1206,MT453635.1,S,partial,Orthohantavirus puumalaense
1207,MT453636.1,S,partial,Orthohantavirus puumalaense
1208,MT453637.1,S,partial,Orthohantavirus puumalaense
1209,MT453638.1,S,partial,Orthohantavirus puumalaense
1210,MT453639.1,S,partial,Orthohantavirus puumalaense
1211,MT453640.1,S,partial,Orthohantavirus puumalaense
1212,MT453641.1,S,partial,Orthohantavirus puumalaense
1213,MT453642.1,S,partial,Orthohantavirus puumalaense
1214,MT453643.1,S,partial,Orthohantavirus puumalaense
1215,MT453644.1,S,partial,Orthohantavirus puumalaense
1216,MT453645.1,S,partial,Orthohantavirus puumalaense
1217,MT453646.1,S,partial,Orthohantavirus puumalaense
1218,MT453647.1,S,partial,Orthohantavirus puumalaense
1219,MT453648.1,S,partial,Orthohantavirus puumalaense
1220,MT453649.1,S,partial,Orthohantavirus puumalaense
1221,MT453650.1,S,partial,Orthohantavirus puumalaense
1222,MT453651.1,S,partial,Orthohantavirus puumalaense
1223,MT453652.1,S,partial,Orthohantavirus puumalaense
1224,MT453653.1,S,partial,Orthohantavirus puumalaense
1225,MT453654.1,S,partial,Orthohantavirus puumalaense
1226,MT453655.1,S,partial,Orthohantavirus puumalaense
1227,MT453656.1,S,partial,Orthohantavirus puumalaense
1228,MT453657.1,S,partial,Orthohantavirus puumalaense
1229,MT453658.1,S,partial,Orthohantavirus puumalaense
1230,MT453659.1,S,partial,Orthohantavirus puumalaense
1231,MT453660.1,S,partial,Orthohantavirus puumalaense
1232,MT453661.1,S,partial,Orthohantavirus puumalaense
1233,MT453662.1,S,partial,Orthohantavirus puumalaense
1234,MT453663.1,S,partial,Orthohantavirus puumalaense
1235,MT453664.1,S,partial,Orthohantavirus puumalaense
1236,MT453665.1,S,partial,Orthohantavirus puumalaense
1237,MT453666.1,S,partial,Orthohantavirus puumalaense
1238,MT453667.1,S,partial,Orthohantavirus puumalaense
1239,MT453668.1,S,partial,Orthohantavirus puumalaense
1240,MT453669.1,S,partial,Orthohantavirus puumalaense
1241,MT453670.1,S,partial,Orthohantavirus puumalaense
1242,MT453671.1,S,partial,Orthohantavirus puumalaense
1243,MT453672.1,S,partial,Orthohantavirus puumalaense
1244,MT453673.1,S,partial,Orthohantavirus puumalaense
1245,MT453674.1,S,partial,Orthohantavirus puumalaense
1246,MT453675.1,S,partial,Orthohantavirus puumalaense
1247,MT453676.1,S,partial,Orthohantavirus puumalaense
1248,MT453677.1,S,partial,Orthohantavirus puumalaense
1249,MT453678.1,S,partial,Orthohantavirus puumalaense
1250,MT453679.1,S,partial,Orthohantavirus puumalaense
1251,MT453680.1,S,partial,Orthohantavirus puumalaense
1252,MT453681.1,S,partial,Orthohantavirus puumalaense
1253,MT453682.1,S,partial,Orthohantavirus puumalaense
1254,MT453683.1,S,partial,Orthohantavirus puumalaense
1255,MT453684.1,S,partial,Orthohantavirus puumalaense
1256,MT453685.1,S,partial,Orthohantavirus puumalaense
1257,MT453686.1,S,partial,Orthohantavirus puumalaense
1258,MT453687.1,S,partial,Orthohantavirus puumalaense
1259,MT453688.1,S,partial,Orthohantavirus puumalaense
1260,MT453689.1,S,partial,Orthohantavirus puumalaense
1261,MT453690.1,S,partial,Orthohantavirus puumalaense
1262,MT453691.1,S,partial,Orthohantavirus puumalaense
1263,MT453692.1,S,partial,Orthohantavirus puumalaense
1264,MT453693.1,S,partial,Orthohantavirus puumalaense
1265,MT453694.1,S,partial,Orthohantavirus puumalaense
1266,MT453695.1,S,partial,Orthohantavirus puumalaense
1267,MT453696.1,S,partial,Orthohantavirus puumalaense
1268,MT453697.1,S,partial,Orthohantavirus puumalaense
1269,MT453698.1,S,partial,Orthohantavirus puumalaense
1270,MT453699.1,S,partial,Orthohantavirus puumalaense
1271,MT453700.1,S,partial,Orthohantavirus puumalaense
1272,MT453701.1,S,partial,Orthohantavirus puumalaense
1273,MT453702.1,S,partial,Orthohantavirus puumalaense
1274,MT453703.1,S,partial,Orthohantavirus puumalaense
1275,MT453704.1,S,partial,Orthohantavirus puumalaense
1276,MT453705.1,S,partial,Orthohantavirus puumalaense
1277,MT453706.1,S,partial,Orthohantavirus puumalaense
1278,MT453707.1,S,partial,Orthohantavirus puumalaense
1279,MT453708.1,S,partial,Orthohantavirus puumalaense
1280,MT453709.1,S,partial,Orthohantavirus puumalaense
1281,MT453710.1,S,partial,Orthohantavirus puumalaense
1282,MW148463.1,S,partial,Orthohantavirus puumalaense
1283,MW148464.1,S,partial,Orthohantavirus puumalaense
1284,MW148465.1,S,partial,Orthohantavirus puumalaense
1285,MW148466.1,S,partial,Orthohantavirus puumalaense
1286,MW148467.1,S,partial,Orthohantavirus puumalaense
1287,MW148468.1,S,partial,Orthohantavirus puumalaense
1288,MW148469.1,M,complete,Orthohantavirus puumalaense
1289,MW148470.1,M,complete,Orthohantavirus puumalaense
1290,MW148471.1,M,complete,Orthohantavirus puumalaense
1291,MW148472.1,M,complete,Orthohantavirus puumalaense
1292,MW148473.1,M,complete,Orthohantavirus puumalaense
1293,MW148474.1,M,complete,Orthohantavirus puumalaense
1294,MT276769.1,S,partial,Orthohantavirus puumalaense
1295,MT276770.1,S,partial,Orthohantavirus puumalaense
1296,MT276771.1,S,partial,Orthohantavirus puumalaense
1297,MT276772.1,S,partial,Orthohantavirus puumalaense
1298,MT276773.1,S,partial,Orthohantavirus puumalaense
1299,MT276774.1,S,partial,Orthohantavirus puumalaense
1300,MT580909.1,S,partial,Orthohantavirus puumalaense
1301,MT003230.1,S,partial,Orthohantavirus puumalaense
1302,MT003231.1,S,partial,Orthohantavirus puumalaense
1303,MT003232.1,S,partial,Orthohantavirus puumalaense
1304,MT003233.1,S,partial,Orthohantavirus puumalaense
1305,MT003234.1,S,partial,Orthohantavirus puumalaense
1306,MT003235.1,S,partial,Orthohantavirus puumalaense
1307,MT003236.1,S,partial,Orthohantavirus puumalaense
1308,MT003237.1,S,partial,Orthohantavirus puumalaense
1309,MT003238.1,S,partial,Orthohantavirus puumalaense
1310,MT003239.1,S,partial,Orthohantavirus puumalaense
1311,MT003240.1,S,partial,Orthohantavirus puumalaense
1312,MT003241.1,S,partial,Orthohantavirus puumalaense
1313,MT003242.1,S,partial,Orthohantavirus puumalaense
1314,MT003243.1,S,partial,Orthohantavirus puumalaense
1315,MT003244.1,S,partial,Orthohantavirus puumalaense
1316,MT003245.1,S,partial,Orthohantavirus puumalaense
1317,MT003246.1,S,partial,Orthohantavirus puumalaense
1318,MT003247.1,S,partial,Orthohantavirus puumalaense
1319,MT003248.1,S,partial,Orthohantavirus puumalaense
1320,MT003249.1,S,partial,Orthohantavirus puumalaense
1321,MT003250.1,S,partial,Orthohantavirus puumalaense
1322,MT003251.1,S,partial,Orthohantavirus puumalaense
1323,MT003252.1,S,partial,Orthohantavirus puumalaense
1324,MT003253.1,S,partial,Orthohantavirus puumalaense
1325,MT003254.1,S,partial,Orthohantavirus puumalaense
1326,MT003255.1,S,partial,Orthohantavirus puumalaense
1327,MT003256.1,S,partial,Orthohantavirus puumalaense
1328,MT003257.1,S,partial,Orthohantavirus puumalaense
1329,MT003258.1,S,partial,Orthohantavirus puumalaense
1330,MT003259.1,S,partial,Orthohantavirus puumalaense
1331,MT003260.1,S,partial,Orthohantavirus puumalaense
1332,MT003261.1,S,partial,Orthohantavirus puumalaense
1333,MT003262.1,S,partial,Orthohantavirus puumalaense
1334,MT003263.1,S,partial,Orthohantavirus puumalaense
1335,MT003264.1,S,partial,Orthohantavirus puumalaense
1336,MT003265.1,S,partial,Orthohantavirus puumalaense
1337,MT003266.1,S,partial,Orthohantavirus puumalaense
1338,MT003267.1,S,partial,Orthohantavirus puumalaense
1339,MT003268.1,S,partial,Orthohantavirus puumalaense
1340,MT003269.1,S,partial,Orthohantavirus puumalaense
1341,MT003270.1,S,partial,Orthohantavirus puumalaense
1342,MT003271.1,S,partial,Orthohantavirus puumalaense
1343,MT003272.1,S,partial,Orthohantavirus puumalaense
1344,MT003273.1,S,partial,Orthohantavirus puumalaense
1345,MT003274.1,S,partial,Orthohantavirus puumalaense
1346,MT003275.1,S,partial,Orthohantavirus puumalaense
1347,MT003276.1,S,partial,Orthohantavirus puumalaense
1348,MT003277.1,S,partial,Orthohantavirus puumalaense
1349,MT003278.1,S,partial,Orthohantavirus puumalaense
1350,MT003279.1,S,partial,Orthohantavirus puumalaense
1351,MT003280.1,S,partial,Orthohantavirus puumalaense
1352,MT003281.1,S,partial,Orthohantavirus puumalaense
1353,MT003282.1,S,partial,Orthohantavirus puumalaense
1354,MT003283.1,S,partial,Orthohantavirus puumalaense
1355,MT003284.1,S,partial,Orthohantavirus puumalaense
1356,MN906315.1,S,partial,Orthohantavirus puumalaense
1357,MN906316.1,S,partial,Orthohantavirus puumalaense
1358,MK340904.1,S,complete,Orthohantavirus puumalaense
1359,MN832779.1,L,complete,Orthohantavirus puumalaense
1360,MN832780.1,M,complete,Orthohantavirus puumalaense
1361,MN832781.1,S,complete,Orthohantavirus puumalaense
1362,MN832782.1,L,complete,Orthohantavirus puumalaense
1363,MN832783.1,M,complete,Orthohantavirus puumalaense
1364,MN832784.1,S,complete,Orthohantavirus puumalaense
1365,MT742561.1,S,partial,Orthohantavirus puumalaense
1366,MT742562.1,S,partial,Orthohantavirus puumalaense
1367,MT742563.1,S,partial,Orthohantavirus puumalaense
1368,MT742564.1,S,partial,Orthohantavirus puumalaense
1369,MT742565.1,S,partial,Orthohantavirus puumalaense
1370,MT742566.1,S,partial,Orthohantavirus puumalaense
1371,MT742567.1,S,partial,Orthohantavirus puumalaense
1372,MT742568.1,S,partial,Orthohantavirus puumalaense
1373,MT742569.1,S,partial,Orthohantavirus puumalaense
1374,MT742570.1,S,partial,Orthohantavirus puumalaense
1375,MT742571.1,S,partial,Orthohantavirus puumalaense
1376,MT742572.1,S,partial,Orthohantavirus puumalaense
1377,MT742573.1,S,partial,Orthohantavirus puumalaense
1378,MT742574.1,S,partial,Orthohantavirus puumalaense
1379,MT742575.1,S,partial,Orthohantavirus puumalaense
1380,MT742576.1,S,partial,Orthohantavirus puumalaense
1381,MT742577.1,S,partial,Orthohantavirus puumalaense
1382,MN627217.1,L,partial,Orthohantavirus puumalaense
1383,MN627218.1,L,partial,Orthohantavirus puumalaense
1384,MN627219.1,L,partial,Orthohantavirus puumalaense
1385,MN627220.1,L,partial,Orthohantavirus puumalaense
1386,MT514271.1,S,complete,Orthohantavirus puumalaense
1387,MT514272.1,S,complete,Orthohantavirus puumalaense
1388,MT514273.1,S,complete,Orthohantavirus puumalaense
1389,MT514274.1,S,complete,Orthohantavirus puumalaense
1390,MT514281.1,M,partial,Orthohantavirus puumalaense
1391,MT514282.1,M,partial,Orthohantavirus puumalaense
1392,MT514283.1,M,partial,Orthohantavirus puumalaense
1393,MT514284.1,M,partial,Orthohantavirus puumalaense
1394,MT514291.1,L,complete,Orthohantavirus puumalaense
1395,MT514292.1,L,complete,Orthohantavirus puumalaense
1396,MT514293.1,L,complete,Orthohantavirus puumalaense
1397,MT514294.1,L,complete,Orthohantavirus puumalaense
1398,MN624166.1,L,partial,Orthohantavirus puumalaense
1399,MT495323.1,M,partial,Orthohantavirus puumalaense
1400,MT495324.1,M,partial,Orthohantavirus puumalaense
1401,MT495325.1,M,partial,Orthohantavirus puumalaense
1402,MT495326.1,M,partial,Orthohantavirus puumalaense
1403,MT495327.1,M,partial,Orthohantavirus puumalaense
1404,MT495328.1,M,partial,Orthohantavirus puumalaense
1405,MT495329.1,M,partial,Orthohantavirus puumalaense
1406,MT495330.1,M,partial,Orthohantavirus puumalaense
1407,MT495331.1,M,partial,Orthohantavirus puumalaense
1408,MT495332.1,M,partial,Orthohantavirus puumalaense
1409,MT495333.1,M,partial,Orthohantavirus puumalaense
1410,MT495334.1,M,partial,Orthohantavirus puumalaense
1411,MT495335.1,M,partial,Orthohantavirus puumalaense
1412,MT495336.1,M,partial,Orthohantavirus puumalaense
1413,MT495337.1,M,partial,Orthohantavirus puumalaense
1414,MT495338.1,M,partial,Orthohantavirus puumalaense
1415,MT495339.1,M,partial,Orthohantavirus puumalaense
1416,MT495340.1,M,partial,Orthohantavirus puumalaense
1417,MT495341.1,M,partial,Orthohantavirus puumalaense
1418,MT495342.1,M,partial,Orthohantavirus puumalaense
1419,MT495343.1,M,partial,Orthohantavirus puumalaense
1420,MT495344.1,M,partial,Orthohantavirus puumalaense
1421,MT495345.1,M,partial,Orthohantavirus puumalaense
1422,MT495346.1,M,partial,Orthohantavirus puumalaense
1423,MT495347.1,M,partial,Orthohantavirus puumalaense
1424,MT495348.1,M,partial,Orthohantavirus puumalaense
1425,MT495349.1,M,partial,Orthohantavirus puumalaense
1426,MT495350.1,M,partial,Orthohantavirus puumalaense
1427,MT495351.1,M,partial,Orthohantavirus puumalaense
1428,MT495352.1,M,partial,Orthohantavirus puumalaense
1429,MT495353.1,M,partial,Orthohantavirus puumalaense
1430,MT495354.1,M,partial,Orthohantavirus puumalaense
1431,MT495355.1,M,partial,Orthohantavirus puumalaense
1432,MT495356.1,S,partial,Orthohantavirus puumalaense
1433,MT495357.1,S,partial,Orthohantavirus puumalaense
1434,MT495358.1,S,partial,Orthohantavirus puumalaense
1435,MT495359.1,S,partial,Orthohantavirus puumalaense
1436,MT495360.1,S,partial,Orthohantavirus puumalaense
1437,MT495361.1,S,partial,Orthohantavirus puumalaense
1438,MT495362.1,S,partial,Orthohantavirus puumalaense
1439,MT495363.1,S,partial,Orthohantavirus puumalaense
1440,MT495364.1,S,partial,Orthohantavirus puumalaense
1441,MT495365.1,S,partial,Orthohantavirus puumalaense
1442,MT495366.1,S,partial,Orthohantavirus puumalaense
1443,MT495367.1,S,partial,Orthohantavirus puumalaense
1444,MT495368.1,S,partial,Orthohantavirus puumalaense
1445,MT495369.1,S,partial,Orthohantavirus puumalaense
1446,MT495370.1,S,partial,Orthohantavirus puumalaense
1447,MT495371.1,S,partial,Orthohantavirus puumalaense
1448,MT495372.1,S,partial,Orthohantavirus puumalaense
1449,MT495373.1,S,partial,Orthohantavirus puumalaense
1450,MT495374.1,S,partial,Orthohantavirus puumalaense
1451,MT495375.1,S,partial,Orthohantavirus puumalaense
1452,MT495376.1,S,partial,Orthohantavirus puumalaense
1453,MT495377.1,S,partial,Orthohantavirus puumalaense
1454,MT495378.1,S,partial,Orthohantavirus puumalaense
1455,MT495379.1,S,partial,Orthohantavirus puumalaense
1456,MT495380.1,S,partial,Orthohantavirus puumalaense
1457,MT495381.1,S,partial,Orthohantavirus puumalaense
1458,MT495382.1,S,partial,Orthohantavirus puumalaense
1459,MT495383.1,S,partial,Orthohantavirus puumalaense
1460,MT495384.1,S,partial,Orthohantavirus puumalaense
1461,MT495385.1,S,partial,Orthohantavirus puumalaense
1462,MT495386.1,S,partial,Orthohantavirus puumalaense
1463,MT495387.1,S,partial,Orthohantavirus puumalaense
1464,MT495388.1,S,partial,Orthohantavirus puumalaense
1465,MT502385.1,L,partial,Orthohantavirus puumalaense
1466,MT502386.1,L,partial,Orthohantavirus puumalaense
1467,MT502387.1,L,partial,Orthohantavirus puumalaense
1468,MT502388.1,L,partial,Orthohantavirus puumalaense
1469,MT502389.1,L,partial,Orthohantavirus puumalaense
1470,MT502390.1,L,partial,Orthohantavirus puumalaense
1471,MT502391.1,L,partial,Orthohantavirus puumalaense
1472,MT502392.1,L,partial,Orthohantavirus puumalaense
1473,MT502393.1,L,partial,Orthohantavirus puumalaense
1474,MT502394.1,L,partial,Orthohantavirus puumalaense
1475,MT502395.1,L,partial,Orthohantavirus puumalaense
1476,MT502396.1,L,partial,Orthohantavirus puumalaense
1477,MT502397.1,L,partial,Orthohantavirus puumalaense
1478,MT502398.1,L,partial,Orthohantavirus puumalaense
1479,MT502399.1,L,partial,Orthohantavirus puumalaense
1480,MT502400.1,L,partial,Orthohantavirus puumalaense
1481,MT502401.1,L,partial,Orthohantavirus puumalaense
1482,MT502402.1,L,partial,Orthohantavirus puumalaense
1483,MT502403.1,L,partial,Orthohantavirus puumalaense
1484,MT502404.1,L,partial,Orthohantavirus puumalaense
1485,MT502405.1,L,partial,Orthohantavirus puumalaense
1486,MT502406.1,L,partial,Orthohantavirus puumalaense
1487,MT502407.1,L,partial,Orthohantavirus puumalaense
1488,MT502408.1,L,partial,Orthohantavirus puumalaense
1489,MT502409.1,L,partial,Orthohantavirus puumalaense
1490,MT502410.1,L,partial,Orthohantavirus puumalaense
1491,MT024590.1,S,complete,Orthohantavirus puumalaense
1492,MT024591.1,M,complete,Orthohantavirus puumalaense
1493,MT024592.1,L,complete,Orthohantavirus puumalaense
1494,MT024593.1,S,complete,Orthohantavirus puumalaense
1495,MT024594.1,M,complete,Orthohantavirus puumalaense
1496,MT024595.1,L,complete,Orthohantavirus puumalaense
1497,MN639737.1,L,complete,Orthohantavirus puumalaense
1498,MN639738.1,M,complete,Orthohantavirus puumalaense
1499,MN639739.1,S,complete,Orthohantavirus puumalaense
1500,MN639740.1,L,complete,Orthohantavirus puumalaense
1501,MN639741.1,M,complete,Orthohantavirus puumalaense
1502,MN639742.1,S,complete,Orthohantavirus puumalaense
1503,MN639743.1,L,complete,Orthohantavirus puumalaense
1504,MN639744.1,M,complete,Orthohantavirus puumalaense
1505,MN639745.1,S,complete,Orthohantavirus puumalaense
1506,MN639746.1,L,complete,Orthohantavirus puumalaense
1507,MN639747.1,M,complete,Orthohantavirus puumalaense
1508,MN639748.1,S,complete,Orthohantavirus puumalaense
1509,MN639749.1,L,complete,Orthohantavirus puumalaense
1510,MN639750.1,M,complete,Orthohantavirus puumalaense
1511,MN639751.1,S,complete,Orthohantavirus puumalaense
1512,MN639752.1,L,complete,Orthohantavirus puumalaense
1513,MN639753.1,M,complete,Orthohantavirus puumalaense
1514,MN639754.1,S,complete,Orthohantavirus puumalaense
1515,MK496159.1,S,partial,Orthohantavirus puumalaense
1516,MK496160.1,M,partial,Orthohantavirus puumalaense
1517,MK496161.1,L,partial,Orthohantavirus puumalaense
1518,MK496162.1,S,partial,Orthohantavirus puumalaense
1519,MK496163.1,M,partial,Orthohantavirus puumalaense
1520,MK496164.1,L,partial,Orthohantavirus puumalaense
1521,MN026167.1,L,partial,Orthohantavirus puumalaense
1522,MN026168.1,L,partial,Orthohantavirus puumalaense
1523,MN026169.1,L,partial,Orthohantavirus puumalaense
1524,MN026170.1,L,partial,Orthohantavirus puumalaense
1525,MN026171.1,L,partial,Orthohantavirus puumalaense
1526,MN026172.1,L,partial,Orthohantavirus puumalaense
1527,MN026173.1,L,partial,Orthohantavirus puumalaense
1528,MN026174.1,L,partial,Orthohantavirus puumalaense
1529,MN026175.1,L,partial,Orthohantavirus puumalaense
1530,MN026176.1,L,partial,Orthohantavirus puumalaense
1531,MN026177.1,L,partial,Orthohantavirus puumalaense
1532,MN026178.1,L,partial,Orthohantavirus puumalaense
1533,MN026179.1,L,partial,Orthohantavirus puumalaense
1534,MN026180.1,L,partial,Orthohantavirus puumalaense
1535,MN026181.1,L,partial,Orthohantavirus puumalaense
1536,MN026182.1,L,partial,Orthohantavirus puumalaense
1537,MN026183.1,L,partial,Orthohantavirus puumalaense
1538,MN026184.1,L,partial,Orthohantavirus puumalaense
1539,MN026185.1,L,partial,Orthohantavirus puumalaense
1540,MN026186.1,L,partial,Orthohantavirus puumalaense
1541,MN026187.1,L,partial,Orthohantavirus puumalaense
1542,MN026188.1,L,partial,Orthohantavirus puumalaense
1543,MN026189.1,L,partial,Orthohantavirus puumalaense
1544,MN026190.1,L,partial,Orthohantavirus puumalaense
1545,MN026191.1,L,partial,Orthohantavirus puumalaense
1546,MN026192.1,L,partial,Orthohantavirus puumalaense
1547,MN026193.1,L,partial,Orthohantavirus puumalaense
1548,MN026194.1,L,partial,Orthohantavirus puumalaense
1549,MN026195.1,L,partial,Orthohantavirus puumalaense
1550,MN026196.1,L,partial,Orthohantavirus puumalaense
1551,MN026197.1,L,partial,Orthohantavirus puumalaense
1552,MN026198.1,L,partial,Orthohantavirus puumalaense
1553,MN026199.1,L,partial,Orthohantavirus puumalaense
1554,MN026200.1,L,partial,Orthohantavirus puumalaense
1555,MN026201.1,L,partial,Orthohantavirus puumalaense
1556,MN026202.1,L,partial,Orthohantavirus puumalaense
1557,MN026203.1,L,partial,Orthohantavirus puumalaense
1558,MN026204.1,L,partial,Orthohantavirus puumalaense
1559,MN026205.1,L,partial,Orthohantavirus puumalaense
1560,MN026206.1,L,partial,Orthohantavirus puumalaense
1561,MN026207.1,L,partial,Orthohantavirus puumalaense
1562,MN026208.1,L,partial,Orthohantavirus puumalaense
1563,MN026209.1,L,partial,Orthohantavirus puumalaense
1564,MN026210.1,L,partial,Orthohantavirus puumalaense
1565,MN026211.1,L,partial,Orthohantavirus puumalaense
1566,MN026212.1,L,partial,Orthohantavirus puumalaense
1567,MN026213.1,L,partial,Orthohantavirus puumalaense
1568,MN026214.1,L,partial,Orthohantavirus puumalaense
1569,MN026215.1,L,partial,Orthohantavirus puumalaense
1570,MN026216.1,L,partial,Orthohantavirus puumalaense
1571,MN026217.1,L,partial,Orthohantavirus puumalaense
1572,MN026218.1,L,partial,Orthohantavirus puumalaense
1573,MN026219.1,L,partial,Orthohantavirus puumalaense
1574,MN026220.1,L,partial,Orthohantavirus puumalaense
1575,MN026221.1,L,partial,Orthohantavirus puumalaense
1576,MN026222.1,L,partial,Orthohantavirus puumalaense
1577,MN026223.1,L,partial,Orthohantavirus puumalaense
1578,MN026224.1,L,partial,Orthohantavirus puumalaense
1579,MN026225.1,L,partial,Orthohantavirus puumalaense
1580,MN026226.1,L,partial,Orthohantavirus puumalaense
1581,MN026227.1,L,partial,Orthohantavirus puumalaense
1582,MN026228.1,L,partial,Orthohantavirus puumalaense
1583,MN026229.1,L,partial,Orthohantavirus puumalaense
1584,MN026230.1,L,partial,Orthohantavirus puumalaense
1585,MN026231.1,L,partial,Orthohantavirus puumalaense
1586,MN026232.1,L,partial,Orthohantavirus puumalaense
1587,MN026233.1,L,partial,Orthohantavirus puumalaense
1588,MN026234.1,L,partial,Orthohantavirus puumalaense
1589,MN026235.1,L,partial,Orthohantavirus puumalaense
1590,MN026236.1,L,partial,Orthohantavirus puumalaense
1591,MN026237.1,L,partial,Orthohantavirus puumalaense
1592,MN026238.1,L,partial,Orthohantavirus puumalaense
1593,MN026239.1,L,partial,Orthohantavirus puumalaense
1594,MN026240.1,L,partial,Orthohantavirus puumalaense
1595,MN026241.1,L,partial,Orthohantavirus puumalaense
1596,MN026242.1,L,partial,Orthohantavirus puumalaense
1597,MN026243.1,L,partial,Orthohantavirus puumalaense
1598,MN026244.1,L,partial,Orthohantavirus puumalaense
1599,MN026245.1,L,partial,Orthohantavirus puumalaense
1600,MN026246.1,L,partial,Orthohantavirus puumalaense
1601,MN026247.1,L,partial,Orthohantavirus puumalaense
1602,MN026248.1,L,partial,Orthohantavirus puumalaense
1603,MN026249.1,L,partial,Orthohantavirus puumalaense
1604,MN026250.1,L,partial,Orthohantavirus puumalaense
1605,MN026251.1,L,partial,Orthohantavirus puumalaense
1606,MN026252.1,L,partial,Orthohantavirus puumalaense
1607,MN026253.1,L,partial,Orthohantavirus puumalaense
1608,MN026254.1,L,partial,Orthohantavirus puumalaense
1609,MN026255.1,L,partial,Orthohantavirus puumalaense
1610,MN026256.1,L,partial,Orthohantavirus puumalaense
1611,MN026257.1,L,partial,Orthohantavirus puumalaense
1612,MN026258.1,L,partial,Orthohantavirus puumalaense
1613,MN026259.1,L,partial,Orthohantavirus puumalaense
1614,MN026260.1,L,partial,Orthohantavirus puumalaense
1615,MN026261.1,L,partial,Orthohantavirus puumalaense
1616,MN026262.1,L,partial,Orthohantavirus puumalaense
1617,MN026263.1,S,partial,Orthohantavirus puumalaense
1618,MN026264.1,S,partial,Orthohantavirus puumalaense
1619,MK770459.1,S,partial,Orthohantavirus puumalaense
1620,MK770460.1,S,partial,Orthohantavirus puumalaense
1621,MK770461.1,S,partial,Orthohantavirus puumalaense
1622,MK770462.1,S,partial,Orthohantavirus puumalaense
1623,MK770463.1,S,partial,Orthohantavirus puumalaense
1624,MK770464.1,S,partial,Orthohantavirus puumalaense
1625,MK770465.1,S,partial,Orthohantavirus puumalaense
1626,MK770466.1,S,partial,Orthohantavirus puumalaense
1627,MK770467.1,S,partial,Orthohantavirus puumalaense
1628,MK770468.1,S,partial,Orthohantavirus puumalaense
1629,MK770469.1,S,partial,Orthohantavirus puumalaense
1630,MK770470.1,S,partial,Orthohantavirus puumalaense
1631,MK770471.1,S,partial,Orthohantavirus puumalaense
1632,MK770472.1,S,partial,Orthohantavirus puumalaense
1633,MK770473.1,S,partial,Orthohantavirus puumalaense
1634,MK770474.1,S,partial,Orthohantavirus puumalaense
1635,MK770475.1,S,partial,Orthohantavirus puumalaense
1636,MK770476.1,S,partial,Orthohantavirus puumalaense
1637,MK770477.1,S,partial,Orthohantavirus puumalaense
1638,MK770478.1,S,partial,Orthohantavirus puumalaense
1639,MK770479.1,S,partial,Orthohantavirus puumalaense
1640,MK770480.1,S,partial,Orthohantavirus puumalaense
1641,MK770481.1,S,partial,Orthohantavirus puumalaense
1642,MK770482.1,S,partial,Orthohantavirus puumalaense
1643,MK770483.1,S,partial,Orthohantavirus puumalaense
1644,MK770484.1,S,partial,Orthohantavirus puumalaense
1645,MK770485.1,S,partial,Orthohantavirus puumalaense
1646,MK770486.1,S,partial,Orthohantavirus puumalaense
1647,MK770487.1,S,partial,Orthohantavirus puumalaense
1648,MK770488.1,S,partial,Orthohantavirus puumalaense
1649,MK770489.1,S,partial,Orthohantavirus puumalaense
1650,MK770490.1,S,partial,Orthohantavirus puumalaense
1651,MK770491.1,S,partial,Orthohantavirus puumalaense
1652,MK770492.1,S,partial,Orthohantavirus puumalaense
1653,MK770493.1,S,partial,Orthohantavirus puumalaense
1654,MK770494.1,S,partial,Orthohantavirus puumalaense
1655,MK770495.1,S,partial,Orthohantavirus puumalaense
1656,MK770496.1,S,partial,Orthohantavirus puumalaense
1657,MK770497.1,S,partial,Orthohantavirus puumalaense
1658,MK770498.1,S,partial,Orthohantavirus puumalaense
1659,MK770499.1,S,partial,Orthohantavirus puumalaense
1660,MK770500.1,S,partial,Orthohantavirus puumalaense
1661,MK770501.1,S,partial,Orthohantavirus puumalaense
1662,MK770502.1,S,partial,Orthohantavirus puumalaense
1663,MK770503.1,S,partial,Orthohantavirus puumalaense
1664,MK770505.1,S,partial,Orthohantavirus puumalaense
1665,MK770506.1,S,partial,Orthohantavirus puumalaense
1666,MK770507.1,S,partial,Orthohantavirus puumalaense
1667,MK770508.1,S,partial,Orthohantavirus puumalaense
1668,MK770509.1,S,partial,Orthohantavirus puumalaense
1669,MK770510.1,S,partial,Orthohantavirus puumalaense
1670,MK770511.1,S,partial,Orthohantavirus puumalaense
1671,MK770512.1,S,partial,Orthohantavirus puumalaense
1672,MK770513.1,S,partial,Orthohantavirus puumalaense
1673,MK770514.1,S,partial,Orthohantavirus puumalaense
1674,MK770515.1,S,partial,Orthohantavirus puumalaense
1675,MK770516.1,S,partial,Orthohantavirus puumalaense
1676,MK770517.1,S,partial,Orthohantavirus puumalaense
1677,MK770518.1,S,partial,Orthohantavirus puumalaense
1678,MK770519.1,S,partial,Orthohantavirus puumalaense
1679,MK770520.1,S,partial,Orthohantavirus puumalaense
1680,MK770521.1,S,partial,Orthohantavirus puumalaense
1681,MK770522.1,S,partial,Orthohantavirus puumalaense
1682,MK770523.1,S,partial,Orthohantavirus puumalaense
1683,MK770524.1,S,partial,Orthohantavirus puumalaense
1684,MK770525.1,S,partial,Orthohantavirus puumalaense
1685,MK770526.1,S,partial,Orthohantavirus puumalaense
1686,MK770527.1,S,partial,Orthohantavirus puumalaense
1687,MK770528.1,S,partial,Orthohantavirus puumalaense
1688,MK770529.1,S,partial,Orthohantavirus puumalaense
1689,MK770530.1,S,partial,Orthohantavirus puumalaense
1690,MK770531.1,S,partial,Orthohantavirus puumalaense
1691,MK770532.1,S,partial,Orthohantavirus puumalaense
1692,MK770533.1,S,partial,Orthohantavirus puumalaense
1693,MK770534.1,S,partial,Orthohantavirus puumalaense
1694,MK770536.1,S,partial,Orthohantavirus puumalaense
1695,MK770537.1,S,partial,Orthohantavirus puumalaense
1696,MK770538.1,S,partial,Orthohantavirus puumalaense
1697,MK770539.1,S,partial,Orthohantavirus puumalaense
1698,MK770540.1,S,partial,Orthohantavirus puumalaense
1699,MK770541.1,S,partial,Orthohantavirus puumalaense
1700,MK770542.1,S,partial,Orthohantavirus puumalaense
1701,MK770543.1,S,partial,Orthohantavirus puumalaense
1702,MK770544.1,S,partial,Orthohantavirus puumalaense
1703,MK770545.1,S,partial,Orthohantavirus puumalaense
1704,MK770546.1,S,partial,Orthohantavirus puumalaense
1705,MK770547.1,S,partial,Orthohantavirus puumalaense
1706,MK770548.1,S,partial,Orthohantavirus puumalaense
1707,MK770549.1,S,partial,Orthohantavirus puumalaense
1708,MK770550.1,S,partial,Orthohantavirus puumalaense
1709,MK770551.1,S,partial,Orthohantavirus puumalaense
1710,MK770552.1,S,partial,Orthohantavirus puumalaense
1711,MK770553.1,S,partial,Orthohantavirus puumalaense
1712,MK770554.1,S,partial,Orthohantavirus puumalaense
1713,MK770555.1,S,partial,Orthohantavirus puumalaense
1714,MK770556.1,S,partial,Orthohantavirus puumalaense
1715,MK770557.1,S,partial,Orthohantavirus puumalaense
1716,MK770558.1,S,partial,Orthohantavirus puumalaense
1717,MK770559.1,S,partial,Orthohantavirus puumalaense
1718,MK770560.1,S,partial,Orthohantavirus puumalaense
1719,MK770561.1,S,partial,Orthohantavirus puumalaense
1720,MK770562.1,S,partial,Orthohantavirus puumalaense
1721,MK770563.1,S,partial,Orthohantavirus puumalaense
1722,MK770564.1,S,partial,Orthohantavirus puumalaense
1723,MK770565.1,S,partial,Orthohantavirus puumalaense
1724,MK770566.1,S,partial,Orthohantavirus puumalaense
1725,MK770567.1,S,partial,Orthohantavirus puumalaense
1726,MK770568.1,S,partial,Orthohantavirus puumalaense
1727,MK770569.1,S,partial,Orthohantavirus puumalaense
1728,MK770570.1,S,partial,Orthohantavirus puumalaense
1729,MK770571.1,S,partial,Orthohantavirus puumalaense
1730,MK770572.1,S,partial,Orthohantavirus puumalaense
1731,MK770573.1,S,partial,Orthohantavirus puumalaense
1732,MK770574.1,S,partial,Orthohantavirus puumalaense
1733,MK770575.1,S,partial,Orthohantavirus puumalaense
1734,MK770576.1,S,partial,Orthohantavirus puumalaense
1735,MK770577.1,S,partial,Orthohantavirus puumalaense
1736,MK770578.1,S,partial,Orthohantavirus puumalaense
1737,MK770579.1,S,partial,Orthohantavirus puumalaense
1738,MK770580.1,S,partial,Orthohantavirus puumalaense
1739,MK770581.1,S,partial,Orthohantavirus puumalaense
1740,MK770582.1,S,partial,Orthohantavirus puumalaense
1741,MK770583.1,S,partial,Orthohantavirus puumalaense
1742,MK770584.1,S,partial,Orthohantavirus puumalaense
1743,MK770585.1,S,partial,Orthohantavirus puumalaense
1744,MK770586.1,S,partial,Orthohantavirus puumalaense
1745,MK770587.1,S,partial,Orthohantavirus puumalaense
1746,MK770588.1,S,partial,Orthohantavirus puumalaense
1747,MK770589.1,S,partial,Orthohantavirus puumalaense
1748,MK770590.1,S,partial,Orthohantavirus puumalaense
1749,MK770591.1,S,partial,Orthohantavirus puumalaense
1750,MK770592.1,S,partial,Orthohantavirus puumalaense
1751,MK770593.1,S,partial,Orthohantavirus puumalaense
1752,MK770594.1,S,partial,Orthohantavirus puumalaense
1753,MK770595.1,S,partial,Orthohantavirus puumalaense
1754,MK770596.1,S,partial,Orthohantavirus puumalaense
1755,MK770597.1,S,partial,Orthohantavirus puumalaense
1756,MK770598.1,S,partial,Orthohantavirus puumalaense
1757,MK770599.1,S,partial,Orthohantavirus puumalaense
1758,MK770600.1,S,partial,Orthohantavirus puumalaense
1759,MK946422.1,S,partial,Orthohantavirus puumalaense
1760,MK946423.1,S,partial,Orthohantavirus puumalaense
1761,MK946424.1,S,partial,Orthohantavirus puumalaense
1762,MK946425.1,S,partial,Orthohantavirus puumalaense
1763,MK946426.1,S,partial,Orthohantavirus puumalaense
1764,MK946427.1,S,partial,Orthohantavirus puumalaense
1765,MK946428.1,S,partial,Orthohantavirus puumalaense
1766,MK946429.1,S,partial,Orthohantavirus puumalaense
1767,MK946430.1,S,partial,Orthohantavirus puumalaense
1768,MK946431.1,S,partial,Orthohantavirus puumalaense
1769,MK946432.1,S,partial,Orthohantavirus puumalaense
1770,MK946433.1,S,partial,Orthohantavirus puumalaense
1771,MK946434.1,S,partial,Orthohantavirus puumalaense
1772,MH844481.1,M,partial,Orthohantavirus puumalaense
1773,MH844482.1,M,partial,Orthohantavirus puumalaense
1774,MH844483.1,M,partial,Orthohantavirus puumalaense
1775,MH251331.1,S,partial,Orthohantavirus puumalaense
1776,MH251332.1,M,partial,Orthohantavirus puumalaense
1777,MH251333.1,L,partial,Orthohantavirus puumalaense
1778,MH492368.1,L,partial,Orthohantavirus puumalaense
1779,MH492369.1,L,partial,Orthohantavirus puumalaense
1780,MH492370.1,L,partial,Orthohantavirus puumalaense
1781,MH492371.1,L,partial,Orthohantavirus puumalaense
1782,MH492372.1,L,partial,Orthohantavirus puumalaense
1783,MH492373.1,L,partial,Orthohantavirus puumalaense
1784,MG923598.1,S,partial,Orthohantavirus puumalaense
1785,MG923599.1,S,partial,Orthohantavirus puumalaense
1786,MG923600.1,S,partial,Orthohantavirus puumalaense
1787,MG923601.1,S,partial,Orthohantavirus puumalaense
1788,MG923602.1,S,partial,Orthohantavirus puumalaense
1789,MG923603.1,S,partial,Orthohantavirus puumalaense
1790,MG923604.1,S,partial,Orthohantavirus puumalaense
1791,MG923605.1,S,partial,Orthohantavirus puumalaense
1792,MG923606.1,S,partial,Orthohantavirus puumalaense
1793,MG923607.1,S,partial,Orthohantavirus puumalaense
1794,MG923608.1,S,partial,Orthohantavirus puumalaense
1795,MG923609.1,S,partial,Orthohantavirus puumalaense
1796,MG923610.1,S,partial,Orthohantavirus puumalaense
1797,MG923611.1,S,partial,Orthohantavirus puumalaense
1798,MG923612.1,S,partial,Orthohantavirus puumalaense
1799,MG923613.1,S,partial,Orthohantavirus puumalaense
1800,MG923614.1,S,partial,Orthohantavirus puumalaense
1801,MG923615.1,S,partial,Orthohantavirus puumalaense
1802,MG923616.1,S,partial,Orthohantavirus puumalaense
1803,MG923617.1,S,partial,Orthohantavirus puumalaense
1804,MG923618.1,S,partial,Orthohantavirus puumalaense
1805,MG923619.1,S,partial,Orthohantavirus puumalaense
1806,MG923620.1,S,partial,Orthohantavirus puumalaense
1807,MG923621.1,S,partial,Orthohantavirus puumalaense
1808,MG923622.1,S,partial,Orthohantavirus puumalaense
1809,MG923623.1,S,partial,Orthohantavirus puumalaense
1810,MG923624.1,S,partial,Orthohantavirus puumalaense
1811,MG923625.1,S,partial,Orthohantavirus puumalaense
1812,MG923626.1,S,partial,Orthohantavirus puumalaense
1813,MG923627.1,S,partial,Orthohantavirus puumalaense
1814,MG923628.1,S,partial,Orthohantavirus puumalaense
1815,MG923629.1,S,partial,Orthohantavirus puumalaense
1816,MG923630.1,S,partial,Orthohantavirus puumalaense
1817,MG923631.1,S,partial,Orthohantavirus puumalaense
1818,MG923632.1,S,partial,Orthohantavirus puumalaense
1819,MG923633.1,S,partial,Orthohantavirus puumalaense
1820,MG923634.1,S,partial,Orthohantavirus puumalaense
1821,MG923635.1,S,partial,Orthohantavirus puumalaense
1822,MG923636.1,S,partial,Orthohantavirus puumalaense
1823,MG923637.1,S,partial,Orthohantavirus puumalaense
1824,MG923638.1,S,partial,Orthohantavirus puumalaense
1825,MG923639.1,S,partial,Orthohantavirus puumalaense
1826,MG923640.1,S,partial,Orthohantavirus puumalaense
1827,MG923641.1,S,partial,Orthohantavirus puumalaense
1828,MG923642.1,S,partial,Orthohantavirus puumalaense
1829,MG923643.1,S,partial,Orthohantavirus puumalaense
1830,MG923644.1,S,partial,Orthohantavirus puumalaense
1831,MG923645.1,S,partial,Orthohantavirus puumalaense
1832,MG923646.1,S,partial,Orthohantavirus puumalaense
1833,MG923647.1,S,partial,Orthohantavirus puumalaense
1834,MG923648.1,S,partial,Orthohantavirus puumalaense
1835,MG923649.1,S,partial,Orthohantavirus puumalaense
1836,MG923650.1,S,partial,Orthohantavirus puumalaense
1837,MG923651.1,S,partial,Orthohantavirus puumalaense
1838,MG923652.1,S,partial,Orthohantavirus puumalaense
1839,MG923653.1,S,partial,Orthohantavirus puumalaense
1840,MG923654.1,S,partial,Orthohantavirus puumalaense
1841,MG923655.1,S,partial,Orthohantavirus puumalaense
1842,MG923656.1,S,partial,Orthohantavirus puumalaense
1843,MG923657.1,S,partial,Orthohantavirus puumalaense
1844,MG923658.1,S,partial,Orthohantavirus puumalaense
1845,MG923659.1,S,partial,Orthohantavirus puumalaense
1846,MG923660.1,S,partial,Orthohantavirus puumalaense
1847,MG923661.1,S,partial,Orthohantavirus puumalaense
1848,MG923662.1,S,partial,Orthohantavirus puumalaense
1849,MG923663.1,S,partial,Orthohantavirus puumalaense
1850,MG923664.1,S,partial,Orthohantavirus puumalaense
1851,MG923665.1,S,partial,Orthohantavirus puumalaense
1852,MG923666.1,S,partial,Orthohantavirus puumalaense
1853,MG923667.1,S,partial,Orthohantavirus puumalaense
1854,MG923668.1,S,partial,Orthohantavirus puumalaense
1855,MG923669.1,S,partial,Orthohantavirus puumalaense
1856,MG923670.1,S,partial,Orthohantavirus puumalaense
1857,MG923671.1,S,partial,Orthohantavirus puumalaense
1858,MG923672.1,S,partial,Orthohantavirus puumalaense
1859,MG923673.1,S,partial,Orthohantavirus puumalaense
1860,MG923674.1,S,partial,Orthohantavirus puumalaense
1861,MG812385.1,S,partial,Orthohantavirus puumalaense
1862,MG812386.1,S,partial,Orthohantavirus puumalaense
1863,MG812387.1,S,partial,Orthohantavirus puumalaense
1864,MG812388.1,S,partial,Orthohantavirus puumalaense
1865,MG812389.1,S,partial,Orthohantavirus puumalaense
1866,MG812390.1,S,partial,Orthohantavirus puumalaense
1867,MG812391.1,S,partial,Orthohantavirus puumalaense
1868,MG812392.1,S,partial,Orthohantavirus puumalaense
1869,MG812393.1,S,partial,Orthohantavirus puumalaense
1870,MG812394.1,S,partial,Orthohantavirus puumalaense
1871,MG812395.1,S,partial,Orthohantavirus puumalaense
1872,MG812396.1,S,partial,Orthohantavirus puumalaense
1873,MG812397.1,S,partial,Orthohantavirus puumalaense
1874,MG812398.1,S,partial,Orthohantavirus puumalaense
1875,MG812399.1,S,partial,Orthohantavirus puumalaense
1876,MG812400.1,S,partial,Orthohantavirus puumalaense
1877,MG812401.1,S,partial,Orthohantavirus puumalaense
1878,MG812402.1,S,partial,Orthohantavirus puumalaense
1879,MG812403.1,S,partial,Orthohantavirus puumalaense
1880,MG812404.1,S,partial,Orthohantavirus puumalaense
1881,MG812405.1,S,partial,Orthohantavirus puumalaense
1882,MG812406.1,S,partial,Orthohantavirus puumalaense
1883,MG812407.1,S,partial,Orthohantavirus puumalaense
1884,MG812408.1,S,partial,Orthohantavirus puumalaense
1885,MG812409.1,S,partial,Orthohantavirus puumalaense
1886,MG812410.1,S,partial,Orthohantavirus puumalaense
1887,MG812411.1,S,partial,Orthohantavirus puumalaense
1888,MG812412.1,S,partial,Orthohantavirus puumalaense
1889,MG812413.1,S,partial,Orthohantavirus puumalaense
1890,MG812414.1,S,partial,Orthohantavirus puumalaense
1891,MG812415.1,S,partial,Orthohantavirus puumalaense
1892,MG812416.1,S,partial,Orthohantavirus puumalaense
1893,MG812417.1,S,partial,Orthohantavirus puumalaense
1894,MG812418.1,S,partial,Orthohantavirus puumalaense
1895,MG812419.1,S,partial,Orthohantavirus puumalaense
1896,MG812420.1,S,partial,Orthohantavirus puumalaense
1897,MG812421.1,S,partial,Orthohantavirus puumalaense
1898,MG812422.1,S,partial,Orthohantavirus puumalaense
1899,MG812423.1,S,partial,Orthohantavirus puumalaense
1900,MG812424.1,S,partial,Orthohantavirus puumalaense
1901,MG812425.1,S,partial,Orthohantavirus puumalaense
1902,MG812426.1,S,partial,Orthohantavirus puumalaense
1903,MG812427.1,S,partial,Orthohantavirus puumalaense
1904,MG812428.1,S,partial,Orthohantavirus puumalaense
1905,MG812431.1,S,partial,Orthohantavirus puumalaense
1906,MG812432.1,S,partial,Orthohantavirus puumalaense
1907,MG812433.1,S,partial,Orthohantavirus puumalaense
1908,MG812434.1,S,partial,Orthohantavirus puumalaense
1909,MG812435.1,S,partial,Orthohantavirus puumalaense
1910,MG812436.1,S,partial,Orthohantavirus puumalaense
1911,MG812437.1,S,partial,Orthohantavirus puumalaense
1912,MG812438.1,S,partial,Orthohantavirus puumalaense
1913,MG812439.1,S,partial,Orthohantavirus puumalaense
1914,MG812440.1,S,partial,Orthohantavirus puumalaense
1915,MG812441.1,S,partial,Orthohantavirus puumalaense
1916,MG812442.1,S,partial,Orthohantavirus puumalaense
1917,MG812443.1,S,partial,Orthohantavirus puumalaense
1918,MG812444.1,S,partial,Orthohantavirus puumalaense
1919,MG812445.1,S,partial,Orthohantavirus puumalaense
1920,MG812446.1,S,partial,Orthohantavirus puumalaense
1921,MG812447.1,S,partial,Orthohantavirus puumalaense
1922,MG812448.1,S,partial,Orthohantavirus puumalaense
1923,MG812449.1,S,partial,Orthohantavirus puumalaense
1924,MG812450.1,S,partial,Orthohantavirus puumalaense
1925,MG812451.1,S,partial,Orthohantavirus puumalaense
1926,MG812452.1,S,partial,Orthohantavirus puumalaense
1927,MG812453.1,S,partial,Orthohantavirus puumalaense
1928,MG812454.1,S,partial,Orthohantavirus puumalaense
1929,MG812455.1,S,partial,Orthohantavirus puumalaense
1930,MG812456.1,S,partial,Orthohantavirus puumalaense
1931,MG812457.1,S,partial,Orthohantavirus puumalaense
1932,MG812458.1,S,partial,Orthohantavirus puumalaense
1933,MG812459.1,S,partial,Orthohantavirus puumalaense
1934,MG812460.1,S,partial,Orthohantavirus puumalaense
1935,MG812461.1,S,partial,Orthohantavirus puumalaense
1936,MG812462.1,S,partial,Orthohantavirus puumalaense
1937,MG812463.1,S,partial,Orthohantavirus puumalaense
1938,MG812464.1,S,partial,Orthohantavirus puumalaense
1939,MG812465.1,S,partial,Orthohantavirus puumalaense
1940,MG812466.1,S,partial,Orthohantavirus puumalaense
1941,MG812467.1,S,partial,Orthohantavirus puumalaense
1942,MG812468.1,S,partial,Orthohantavirus puumalaense
1943,MG573266.1,S,partial,Orthohantavirus puumalaense
1944,MG573267.1,S,partial,Orthohantavirus puumalaense
1945,MG573268.1,S,partial,Orthohantavirus puumalaense
1946,MG573269.1,S,partial,Orthohantavirus puumalaense
1947,MG573270.1,S,partial,Orthohantavirus puumalaense
1948,MG573271.1,S,partial,Orthohantavirus puumalaense
1949,MG573272.1,S,partial,Orthohantavirus puumalaense
1950,MG573273.1,S,partial,Orthohantavirus puumalaense
1951,MG573274.1,S,partial,Orthohantavirus puumalaense
1952,MG573275.1,S,partial,Orthohantavirus puumalaense
1953,MG573276.1,S,partial,Orthohantavirus puumalaense
1954,MG573277.1,S,partial,Orthohantavirus puumalaense
1955,MG573278.1,S,partial,Orthohantavirus puumalaense
1956,MG573279.1,S,partial,Orthohantavirus puumalaense
1957,MG573280.1,S,partial,Orthohantavirus puumalaense
1958,MG573281.1,S,partial,Orthohantavirus puumalaense
1959,MG573282.1,S,partial,Orthohantavirus puumalaense
1960,MG573283.1,S,partial,Orthohantavirus puumalaense
1961,MG573284.1,S,partial,Orthohantavirus puumalaense
1962,MG573285.1,S,partial,Orthohantavirus puumalaense
1963,MG573286.1,S,partial,Orthohantavirus puumalaense
1964,MG573287.1,S,partial,Orthohantavirus puumalaense
1965,MG573288.1,S,partial,Orthohantavirus puumalaense
1966,MG573289.1,S,partial,Orthohantavirus puumalaense
1967,MG573290.1,S,partial,Orthohantavirus puumalaense
1968,MG573291.1,S,partial,Orthohantavirus puumalaense
1969,MG573292.1,S,partial,Orthohantavirus puumalaense
1970,MG573293.1,S,partial,Orthohantavirus puumalaense
1971,MG573294.1,S,partial,Orthohantavirus puumalaense
1972,MG573295.1,S,partial,Orthohantavirus puumalaense
1973,MG573296.1,S,partial,Orthohantavirus puumalaense
1974,MG573297.1,S,partial,Orthohantavirus puumalaense
1975,MG573298.1,S,partial,Orthohantavirus puumalaense
1976,MG573299.1,S,partial,Orthohantavirus puumalaense
1977,MG573300.1,S,partial,Orthohantavirus puumalaense
1978,MG573301.1,S,partial,Orthohantavirus puumalaense
1979,MG573302.1,S,partial,Orthohantavirus puumalaense
1980,KY968652.1,L,partial,Orthohantavirus puumalaense
1981,KY968653.1,L,partial,Orthohantavirus puumalaense
1982,KY364995.1,S,partial,Orthohantavirus puumalaense
1983,KY364996.1,S,partial,Orthohantavirus puumalaense
1984,KY364997.1,S,partial,Orthohantavirus puumalaense
1985,KY364998.1,S,partial,Orthohantavirus puumalaense
1986,KY364999.1,S,partial,Orthohantavirus puumalaense
1987,KY365000.1,S,partial,Orthohantavirus puumalaense
1988,KY365001.1,S,partial,Orthohantavirus puumalaense
1989,KY365002.1,S,partial,Orthohantavirus puumalaense
1990,KY365003.1,S,partial,Orthohantavirus puumalaense
1991,KY365004.1,S,partial,Orthohantavirus puumalaense
1992,KY365005.1,S,partial,Orthohantavirus puumalaense
1993,KY365006.1,S,partial,Orthohantavirus puumalaense
1994,KY365007.1,S,partial,Orthohantavirus puumalaense
1995,MF077564.1,L,partial,Orthohantavirus puumalaense
1996,MF077565.1,L,partial,Orthohantavirus puumalaense
1997,MF077566.1,L,partial,Orthohantavirus puumalaense
1998,MF077567.1,L,partial,Orthohantavirus puumalaense
1999,MF077568.1,L,partial,Orthohantavirus puumalaense
2000,MF077569.1,L,partial,Orthohantavirus puumalaense
2001,MF077570.1,L,partial,Orthohantavirus puumalaense
2002,MF077571.1,L,partial,Orthohantavirus puumalaense
2003,MF077572.1,L,partial,Orthohantavirus puumalaense
2004,MF077573.1,M,partial,Orthohantavirus puumalaense
2005,MF077574.1,M,partial,Orthohantavirus puumalaense
2006,MF077575.1,M,partial,Orthohantavirus puumalaense
2007,MF077576.1,M,partial,Orthohantavirus puumalaense
2008,MF077577.1,M,partial,Orthohantavirus puumalaense
2009,MF077578.1,M,partial,Orthohantavirus puumalaense
2010,MF077579.1,M,partial,Orthohantavirus puumalaense
2011,MF077580.1,M,partial,Orthohantavirus puumalaense
2012,MF077581.1,M,partial,Orthohantavirus puumalaense
2013,MF077582.1,M,partial,Orthohantavirus puumalaense
2014,MF077583.1,M,partial,Orthohantavirus puumalaense
2015,MF077584.1,M,partial,Orthohantavirus puumalaense
2016,MF077585.1,M,partial,Orthohantavirus puumalaense
2017,MF077586.1,M,partial,Orthohantavirus puumalaense
2018,MF077587.1,M,partial,Orthohantavirus puumalaense
2019,MF077588.1,M,partial,Orthohantavirus puumalaense
2020,MF077589.1,M,partial,Orthohantavirus puumalaense
2021,MF077590.1,M,partial,Orthohantavirus puumalaense
2022,MF077591.1,M,partial,Orthohantavirus puumalaense
2023,MF077592.1,M,partial,Orthohantavirus puumalaense
2024,MF077593.1,M,partial,Orthohantavirus puumalaense
2025,MF077594.1,M,partial,Orthohantavirus puumalaense
2026,MF077595.1,M,partial,Orthohantavirus puumalaense
2027,MF077596.1,M,partial,Orthohantavirus puumalaense
2028,MF077597.1,M,partial,Orthohantavirus puumalaense
2029,MF077598.1,M,partial,Orthohantavirus puumalaense
2030,MF077599.1,M,partial,Orthohantavirus puumalaense
2031,MF077600.1,M,partial,Orthohantavirus puumalaense
2032,MF077601.1,M,partial,Orthohantavirus puumalaense
2033,MF077602.1,M,partial,Orthohantavirus puumalaense
2034,MF077603.1,M,partial,Orthohantavirus puumalaense
2035,MF077604.1,M,partial,Orthohantavirus puumalaense
2036,MF077605.1,M,partial,Orthohantavirus puumalaense
2037,MF077606.1,M,partial,Orthohantavirus puumalaense
2038,MF077607.1,M,partial,Orthohantavirus puumalaense
2039,MF077608.1,M,partial,Orthohantavirus puumalaense
2040,MF077609.1,M,partial,Orthohantavirus puumalaense
2041,MF077610.1,M,partial,Orthohantavirus puumalaense
2042,MF077611.1,S,partial,Orthohantavirus puumalaense
2043,MF077612.1,S,partial,Orthohantavirus puumalaense
2044,MF077613.1,S,partial,Orthohantavirus puumalaense
2045,MF077614.1,S,partial,Orthohantavirus puumalaense
2046,MF077615.1,S,partial,Orthohantavirus puumalaense
2047,MF077616.1,S,partial,Orthohantavirus puumalaense
2048,MF077617.1,S,partial,Orthohantavirus puumalaense
2049,MF077618.1,S,partial,Orthohantavirus puumalaense
2050,MF077619.1,S,partial,Orthohantavirus puumalaense
2051,MF077620.1,S,partial,Orthohantavirus puumalaense
2052,MF077621.1,S,partial,Orthohantavirus puumalaense
2053,MF077622.1,S,partial,Orthohantavirus puumalaense
2054,MF077623.1,S,partial,Orthohantavirus puumalaense
2055,MF077624.1,S,partial,Orthohantavirus puumalaense
2056,MF077625.1,S,partial,Orthohantavirus puumalaense
2057,MF077626.1,S,partial,Orthohantavirus puumalaense
2058,MF077627.1,S,partial,Orthohantavirus puumalaense
2059,MF077628.1,S,partial,Orthohantavirus puumalaense
2060,MF077629.1,S,partial,Orthohantavirus puumalaense
2061,MF077630.1,S,partial,Orthohantavirus puumalaense
2062,MF077631.1,S,partial,Orthohantavirus puumalaense
2063,MF077632.1,S,partial,Orthohantavirus puumalaense
2064,KY549090.1,S,partial,Orthohantavirus puumalaense
2065,KX815394.1,S,partial,Orthohantavirus puumalaense
2066,KX815395.1,S,partial,Orthohantavirus puumalaense
2067,KX815396.1,S,partial,Orthohantavirus puumalaense
2068,KX815397.1,M,partial,Orthohantavirus puumalaense
2069,KX815398.1,M,partial,Orthohantavirus puumalaense
2070,KX815399.1,L,partial,Orthohantavirus puumalaense
2071,KX815400.1,L,partial,Orthohantavirus puumalaense
2072,KX815401.1,L,partial,Orthohantavirus puumalaense
2073,KX815402.1,L,partial,Orthohantavirus puumalaense
2074,KX815403.1,L,partial,Orthohantavirus puumalaense
2075,KX751706.1,S,partial,Orthohantavirus puumalaense
2076,KX751707.1,S,partial,Orthohantavirus puumalaense
2077,KX757839.1,S,complete,Orthohantavirus puumalaense
2078,KX757840.1,S,complete,Orthohantavirus puumalaense
2079,KX757841.1,S,complete,Orthohantavirus puumalaense
2080,KU670631.1,S,partial,Orthohantavirus puumalaense
2081,KU670632.1,S,partial,Orthohantavirus puumalaense
2082,KU670633.1,S,partial,Orthohantavirus puumalaense
2083,KU670634.1,S,partial,Orthohantavirus puumalaense
2084,KU670635.1,S,partial,Orthohantavirus puumalaense
2085,KU670636.1,S,partial,Orthohantavirus puumalaense
2086,KU670637.1,S,partial,Orthohantavirus puumalaense
2087,KU670638.1,S,partial,Orthohantavirus puumalaense
2088,KU670639.1,S,partial,Orthohantavirus puumalaense
2089,KU670640.1,S,partial,Orthohantavirus puumalaense
2090,KU670641.1,S,partial,Orthohantavirus puumalaense
2091,KU670642.1,S,partial,Orthohantavirus puumalaense
2092,KU670643.1,S,partial,Orthohantavirus puumalaense
2093,KU601446.1,S,partial,Orthohantavirus puumalaense
2094,KU601447.1,M,partial,Orthohantavirus puumalaense
2095,KU314896.1,S,partial,Orthohantavirus puumalaense
2096,KU314897.1,S,partial,Orthohantavirus puumalaense
2097,KU314898.1,S,partial,Orthohantavirus puumalaense
2098,KU314899.1,S,partial,Orthohantavirus puumalaense
2099,KU314900.1,S,partial,Orthohantavirus puumalaense
2100,KU314901.1,S,partial,Orthohantavirus puumalaense
2101,KU314902.1,S,partial,Orthohantavirus puumalaense
2102,KU314903.1,S,partial,Orthohantavirus puumalaense
2103,KU314904.1,S,partial,Orthohantavirus puumalaense
2104,KU314905.1,S,partial,Orthohantavirus puumalaense
2105,KU314906.1,M,partial,Orthohantavirus puumalaense
2106,KU314907.1,M,partial,Orthohantavirus puumalaense
2107,KU314908.1,M,partial,Orthohantavirus puumalaense
2108,KU314909.1,M,partial,Orthohantavirus puumalaense
2109,KU314910.1,M,partial,Orthohantavirus puumalaense
2110,KU314911.1,M,partial,Orthohantavirus puumalaense
2111,KU314912.1,M,partial,Orthohantavirus puumalaense
2112,KU314913.1,M,partial,Orthohantavirus puumalaense
2113,KU314914.1,M,partial,Orthohantavirus puumalaense
2114,KU314915.1,M,partial,Orthohantavirus puumalaense
2115,KU314916.1,L,partial,Orthohantavirus puumalaense
2116,KU314917.1,L,partial,Orthohantavirus puumalaense
2117,KU314918.1,L,partial,Orthohantavirus puumalaense
2118,KU314919.1,L,partial,Orthohantavirus puumalaense
2119,KU314920.1,L,partial,Orthohantavirus puumalaense
2120,KU314921.1,L,partial,Orthohantavirus puumalaense
2121,KU314922.1,L,partial,Orthohantavirus puumalaense
2122,KU314923.1,L,partial,Orthohantavirus puumalaense
2123,KU314924.1,L,partial,Orthohantavirus puumalaense
2124,KU314925.1,L,partial,Orthohantavirus puumalaense
2125,KT247592.1,S,partial,Orthohantavirus puumalaense
2126,KT247593.1,S,partial,Orthohantavirus puumalaense
2127,KT247594.1,S,partial,Orthohantavirus puumalaense
2128,KT247595.1,S,partial,Orthohantavirus puumalaense
2129,KT247596.2,S,partial,Orthohantavirus puumalaense
2130,KT247597.1,S,partial,Orthohantavirus puumalaense
2131,KT247598.1,M,partial,Orthohantavirus puumalaense
2132,KT247599.1,M,partial,Orthohantavirus puumalaense
2133,KT247600.1,M,partial,Orthohantavirus puumalaense
2134,KT247601.1,M,partial,Orthohantavirus puumalaense
2135,KT247602.1,M,partial,Orthohantavirus puumalaense
2136,KT247603.1,M,partial,Orthohantavirus puumalaense
2137,KT247604.1,L,partial,Orthohantavirus puumalaense
2138,KT247605.1,L,partial,Orthohantavirus puumalaense
2139,KT247606.1,L,partial,Orthohantavirus puumalaense
2140,KT247607.1,L,partial,Orthohantavirus puumalaense
2141,KT247608.1,L,partial,Orthohantavirus puumalaense
2142,KT247609.1,L,partial,Orthohantavirus puumalaense
2143,KT885050.1,L,complete,Orthohantavirus puumalaense
2144,KT885051.1,M,complete,Orthohantavirus puumalaense
2145,KT885052.1,S,complete,Orthohantavirus puumalaense
2146,KR047195.1,S,partial,Orthohantavirus puumalaense
2147,KR047196.1,S,partial,Orthohantavirus puumalaense
2148,KR047197.1,S,partial,Orthohantavirus puumalaense
2149,KR047198.1,S,partial,Orthohantavirus puumalaense
2150,KR047199.1,S,partial,Orthohantavirus puumalaense
2151,KR047200.1,S,partial,Orthohantavirus puumalaense
2152,KR047201.1,S,partial,Orthohantavirus puumalaense
2153,KR047202.1,S,partial,Orthohantavirus puumalaense
2154,KR047203.1,S,partial,Orthohantavirus puumalaense
2155,KR047204.1,S,partial,Orthohantavirus puumalaense
2156,KR047205.1,S,partial,Orthohantavirus puumalaense
2157,KR047206.1,S,partial,Orthohantavirus puumalaense
2158,KR047207.1,S,partial,Orthohantavirus puumalaense
2159,KR047208.1,S,partial,Orthohantavirus puumalaense
2160,KR047209.1,S,partial,Orthohantavirus puumalaense
2161,KR047210.1,S,partial,Orthohantavirus puumalaense
2162,KR047211.1,S,partial,Orthohantavirus puumalaense
2163,KR047212.1,S,partial,Orthohantavirus puumalaense
2164,KR047213.1,S,partial,Orthohantavirus puumalaense
2165,KR047214.1,S,partial,Orthohantavirus puumalaense
2166,KR047215.1,S,partial,Orthohantavirus puumalaense
2167,KR047216.1,S,partial,Orthohantavirus puumalaense
2168,KR047217.1,S,partial,Orthohantavirus puumalaense
2169,KR047218.1,S,partial,Orthohantavirus puumalaense
2170,KR047219.1,S,partial,Orthohantavirus puumalaense
2171,KR047220.1,S,partial,Orthohantavirus puumalaense
2172,KR047221.1,S,partial,Orthohantavirus puumalaense
2173,KR047222.1,S,partial,Orthohantavirus puumalaense
2174,KR047223.1,S,partial,Orthohantavirus puumalaense
2175,KR047224.1,S,partial,Orthohantavirus puumalaense
2176,KR047225.1,S,partial,Orthohantavirus puumalaense
2177,KR047226.1,S,partial,Orthohantavirus puumalaense
2178,KR047227.1,S,partial,Orthohantavirus puumalaense
2179,KR047228.1,S,partial,Orthohantavirus puumalaense
2180,KR047229.1,S,partial,Orthohantavirus puumalaense
2181,KR047230.1,S,partial,Orthohantavirus puumalaense
2182,KR047231.1,S,partial,Orthohantavirus puumalaense
2183,KR047232.1,S,partial,Orthohantavirus puumalaense
2184,KR047233.1,S,partial,Orthohantavirus puumalaense
2185,KR047234.1,S,partial,Orthohantavirus puumalaense
2186,KR047235.1,S,partial,Orthohantavirus puumalaense
2187,KR047236.1,S,partial,Orthohantavirus puumalaense
2188,KR047237.1,S,partial,Orthohantavirus puumalaense
2189,KR047238.1,S,partial,Orthohantavirus puumalaense
2190,KR047239.1,S,partial,Orthohantavirus puumalaense
2191,KR047240.1,S,partial,Orthohantavirus puumalaense
2192,KR047241.1,S,partial,Orthohantavirus puumalaense
2193,KR047242.1,S,partial,Orthohantavirus puumalaense
2194,KR047243.1,S,partial,Orthohantavirus puumalaense
2195,KR047244.1,S,partial,Orthohantavirus puumalaense
2196,KR047245.1,S,partial,Orthohantavirus puumalaense
2197,KR047246.1,S,partial,Orthohantavirus puumalaense
2198,KR047247.1,S,partial,Orthohantavirus puumalaense
2199,KR047248.1,S,partial,Orthohantavirus puumalaense
2200,KR047249.1,S,partial,Orthohantavirus puumalaense
2201,KR047250.1,S,partial,Orthohantavirus puumalaense
2202,KR047251.1,S,partial,Orthohantavirus puumalaense
2203,KR047252.1,S,partial,Orthohantavirus puumalaense
2204,KR047253.1,S,partial,Orthohantavirus puumalaense
2205,KR047254.1,S,partial,Orthohantavirus puumalaense
2206,KR047255.1,S,partial,Orthohantavirus puumalaense
2207,KR047256.1,S,partial,Orthohantavirus puumalaense
2208,KR047257.1,S,partial,Orthohantavirus puumalaense
2209,KR047258.1,S,partial,Orthohantavirus puumalaense
2210,KR047259.1,S,partial,Orthohantavirus puumalaense
2211,KR047260.1,S,partial,Orthohantavirus puumalaense
2212,KR047261.1,S,partial,Orthohantavirus puumalaense
2213,KR047262.1,S,partial,Orthohantavirus puumalaense
2214,KR047263.1,S,partial,Orthohantavirus puumalaense
2215,KR047264.1,S,partial,Orthohantavirus puumalaense
2216,KR047265.1,S,partial,Orthohantavirus puumalaense
2217,KR047266.1,S,partial,Orthohantavirus puumalaense
2218,KR047267.1,S,partial,Orthohantavirus puumalaense
2219,KR047268.1,S,partial,Orthohantavirus puumalaense
2220,KR047269.1,S,partial,Orthohantavirus puumalaense
2221,KR047270.1,S,partial,Orthohantavirus puumalaense
2222,KR047271.1,S,partial,Orthohantavirus puumalaense
2223,KR047272.1,S,partial,Orthohantavirus puumalaense
2224,KR047273.1,S,partial,Orthohantavirus puumalaense
2225,KR047274.1,S,partial,Orthohantavirus puumalaense
2226,KR047275.1,S,partial,Orthohantavirus puumalaense
2227,KR047276.1,S,partial,Orthohantavirus puumalaense
2228,KR047277.1,S,partial,Orthohantavirus puumalaense
2229,KR047278.1,S,partial,Orthohantavirus puumalaense
2230,KR047279.1,S,partial,Orthohantavirus puumalaense
2231,KR047280.1,S,partial,Orthohantavirus puumalaense
2232,KR047281.1,S,partial,Orthohantavirus puumalaense
2233,KR047282.1,S,partial,Orthohantavirus puumalaense
2234,KR047283.1,S,partial,Orthohantavirus puumalaense
2235,KR047284.1,S,partial,Orthohantavirus puumalaense
2236,KR047285.1,S,partial,Orthohantavirus puumalaense
2237,KR047286.1,S,partial,Orthohantavirus puumalaense
2238,KR047287.1,S,partial,Orthohantavirus puumalaense
2239,KR047288.1,S,partial,Orthohantavirus puumalaense
2240,KR047289.1,S,partial,Orthohantavirus puumalaense
2241,KR047290.1,S,partial,Orthohantavirus puumalaense
2242,KR047291.1,S,partial,Orthohantavirus puumalaense
2243,KR047292.1,S,partial,Orthohantavirus puumalaense
2244,KR047293.1,S,partial,Orthohantavirus puumalaense
2245,KR047294.1,S,partial,Orthohantavirus puumalaense
2246,KR047295.1,S,partial,Orthohantavirus puumalaense
2247,KR047296.1,S,partial,Orthohantavirus puumalaense
2248,KR047297.1,S,partial,Orthohantavirus puumalaense
2249,KR047298.1,S,partial,Orthohantavirus puumalaense
2250,KR047299.1,S,partial,Orthohantavirus puumalaense
2251,KR047300.1,S,partial,Orthohantavirus puumalaense
2252,KR047301.1,S,partial,Orthohantavirus puumalaense
2253,KR047302.1,S,partial,Orthohantavirus puumalaense
2254,KR047303.1,S,partial,Orthohantavirus puumalaense
2255,KR047304.1,S,partial,Orthohantavirus puumalaense
2256,KR047305.1,S,partial,Orthohantavirus puumalaense
2257,KR047306.1,S,partial,Orthohantavirus puumalaense
2258,KR047307.1,S,partial,Orthohantavirus puumalaense
2259,KR047308.1,S,partial,Orthohantavirus puumalaense
2260,KR047309.1,S,partial,Orthohantavirus puumalaense
2261,KR047310.1,S,partial,Orthohantavirus puumalaense
2262,KR047311.1,S,partial,Orthohantavirus puumalaense
2263,KR047312.1,S,partial,Orthohantavirus puumalaense
2264,KR047313.1,S,partial,Orthohantavirus puumalaense
2265,KR047314.1,M,partial,Orthohantavirus puumalaense
2266,KR047315.1,M,partial,Orthohantavirus puumalaense
2267,KR047316.1,M,partial,Orthohantavirus puumalaense
2268,KR047317.1,M,partial,Orthohantavirus puumalaense
2269,KR047318.1,M,partial,Orthohantavirus puumalaense
2270,KR047319.1,M,partial,Orthohantavirus puumalaense
2271,KR047320.1,M,partial,Orthohantavirus puumalaense
2272,KR047321.1,M,partial,Orthohantavirus puumalaense
2273,KR047322.1,M,partial,Orthohantavirus puumalaense
2274,KR047323.1,M,partial,Orthohantavirus puumalaense
2275,KR047324.1,M,partial,Orthohantavirus puumalaense
2276,KR047325.1,M,partial,Orthohantavirus puumalaense
2277,KR047326.1,M,partial,Orthohantavirus puumalaense
2278,KR047327.1,M,partial,Orthohantavirus puumalaense
2279,KR047328.1,M,partial,Orthohantavirus puumalaense
2280,KR047329.1,M,partial,Orthohantavirus puumalaense
2281,KR047330.1,M,partial,Orthohantavirus puumalaense
2282,KR047331.1,M,partial,Orthohantavirus puumalaense
2283,KR047332.1,M,partial,Orthohantavirus puumalaense
2284,KR047333.1,M,partial,Orthohantavirus puumalaense
2285,KR047334.1,M,partial,Orthohantavirus puumalaense
2286,KR047335.1,M,partial,Orthohantavirus puumalaense
2287,KR047336.1,M,partial,Orthohantavirus puumalaense
2288,KR047337.1,M,partial,Orthohantavirus puumalaense
2289,KR047338.1,M,partial,Orthohantavirus puumalaense
2290,KR047339.1,M,partial,Orthohantavirus puumalaense
2291,KR047340.1,M,partial,Orthohantavirus puumalaense
2292,KR047342.1,M,partial,Orthohantavirus puumalaense
2293,KR047343.1,M,partial,Orthohantavirus puumalaense
2294,KR047344.1,M,partial,Orthohantavirus puumalaense
2295,KR047345.1,M,partial,Orthohantavirus puumalaense
2296,KR047346.1,M,partial,Orthohantavirus puumalaense
2297,KR047347.1,M,partial,Orthohantavirus puumalaense
2298,KR047348.1,M,partial,Orthohantavirus puumalaense
2299,KR047349.1,M,partial,Orthohantavirus puumalaense
2300,KR047350.1,M,partial,Orthohantavirus puumalaense
2301,KR047351.1,M,partial,Orthohantavirus puumalaense
2302,KR047352.1,M,partial,Orthohantavirus puumalaense
2303,KR047353.1,M,partial,Orthohantavirus puumalaense
2304,KR047354.1,M,partial,Orthohantavirus puumalaense
2305,KR047355.1,M,partial,Orthohantavirus puumalaense
2306,KR047356.1,M,partial,Orthohantavirus puumalaense
2307,KR047357.1,M,partial,Orthohantavirus puumalaense
2308,KR047358.1,M,partial,Orthohantavirus puumalaense
2309,KR047359.1,M,partial,Orthohantavirus puumalaense
2310,KR047360.1,M,partial,Orthohantavirus puumalaense
2311,KR047361.1,M,partial,Orthohantavirus puumalaense
2312,KR047362.1,M,partial,Orthohantavirus puumalaense
2313,KR047363.1,M,partial,Orthohantavirus puumalaense
2314,KR047364.1,M,partial,Orthohantavirus puumalaense
2315,KR047365.1,M,partial,Orthohantavirus puumalaense
2316,KR047367.1,M,partial,Orthohantavirus puumalaense
2317,KR047368.1,M,partial,Orthohantavirus puumalaense
2318,KR047369.1,M,partial,Orthohantavirus puumalaense
2319,KR047370.1,M,partial,Orthohantavirus puumalaense
2320,KR047371.1,M,partial,Orthohantavirus puumalaense
2321,KR047372.1,M,partial,Orthohantavirus puumalaense
2322,KR047373.1,M,partial,Orthohantavirus puumalaense
2323,KR047374.1,M,partial,Orthohantavirus puumalaense
2324,KR047375.1,M,partial,Orthohantavirus puumalaense
2325,KR047376.1,M,partial,Orthohantavirus puumalaense
2326,KR047377.1,M,partial,Orthohantavirus puumalaense
2327,KR047378.1,M,partial,Orthohantavirus puumalaense
2328,KR047379.1,M,partial,Orthohantavirus puumalaense
2329,KR047380.1,M,partial,Orthohantavirus puumalaense
2330,KR047381.1,M,partial,Orthohantavirus puumalaense
2331,KR047382.1,M,partial,Orthohantavirus puumalaense
2332,KR047383.1,M,partial,Orthohantavirus puumalaense
2333,KR047384.1,M,partial,Orthohantavirus puumalaense
2334,KR047385.1,M,partial,Orthohantavirus puumalaense
2335,KR047386.1,M,partial,Orthohantavirus puumalaense
2336,KR047387.1,M,partial,Orthohantavirus puumalaense
2337,KR047388.1,M,partial,Orthohantavirus puumalaense
2338,KR047389.1,M,partial,Orthohantavirus puumalaense
2339,KR047390.1,M,partial,Orthohantavirus puumalaense
2340,KR047391.1,M,partial,Orthohantavirus puumalaense
2341,KR047392.1,M,partial,Orthohantavirus puumalaense
2342,KR047393.1,M,partial,Orthohantavirus puumalaense
2343,KR047394.1,M,partial,Orthohantavirus puumalaense
2344,KR047395.1,M,partial,Orthohantavirus puumalaense
2345,KR047396.1,M,partial,Orthohantavirus puumalaense
2346,KR047397.1,M,partial,Orthohantavirus puumalaense
2347,KR047398.1,M,partial,Orthohantavirus puumalaense
2348,KR047399.1,M,partial,Orthohantavirus puumalaense
2349,KR047400.1,M,partial,Orthohantavirus puumalaense
2350,KR047401.1,M,partial,Orthohantavirus puumalaense
2351,KR047402.1,M,partial,Orthohantavirus puumalaense
2352,KR047403.1,M,partial,Orthohantavirus puumalaense
2353,KR047404.1,M,partial,Orthohantavirus puumalaense
2354,KR047405.1,M,partial,Orthohantavirus puumalaense
2355,KR047406.1,M,partial,Orthohantavirus puumalaense
2356,KR047407.1,M,partial,Orthohantavirus puumalaense
2357,KR047408.1,M,partial,Orthohantavirus puumalaense
2358,KR047409.1,M,partial,Orthohantavirus puumalaense
2359,KR047410.1,M,partial,Orthohantavirus puumalaense
2360,KR047411.1,M,partial,Orthohantavirus puumalaense
2361,KR047412.1,M,partial,Orthohantavirus puumalaense
2362,KR047413.1,M,partial,Orthohantavirus puumalaense
2363,KR047414.1,M,partial,Orthohantavirus puumalaense
2364,KR047415.1,M,partial,Orthohantavirus puumalaense
2365,KR047416.1,M,partial,Orthohantavirus puumalaense
2366,KR047417.1,M,partial,Orthohantavirus puumalaense
2367,KR047418.1,M,partial,Orthohantavirus puumalaense
2368,KR047419.1,M,partial,Orthohantavirus puumalaense
2369,KR047420.1,M,partial,Orthohantavirus puumalaense
2370,KR047421.1,M,partial,Orthohantavirus puumalaense
2371,KR047422.1,M,partial,Orthohantavirus puumalaense
2372,KR047423.1,M,partial,Orthohantavirus puumalaense
2373,KR047424.1,M,partial,Orthohantavirus puumalaense
2374,KR047425.1,M,partial,Orthohantavirus puumalaense
2375,KR047426.1,M,partial,Orthohantavirus puumalaense
2376,KR047427.1,M,partial,Orthohantavirus puumalaense
2377,KR047428.1,M,partial,Orthohantavirus puumalaense
2378,KR047429.1,M,partial,Orthohantavirus puumalaense
2379,KR047430.1,M,partial,Orthohantavirus puumalaense
2380,KR047431.1,M,partial,Orthohantavirus puumalaense
2381,KR047432.1,L,partial,Orthohantavirus puumalaense
2382,KR047433.1,L,partial,Orthohantavirus puumalaense
2383,KR047434.1,L,partial,Orthohantavirus puumalaense
2384,KR047435.1,L,partial,Orthohantavirus puumalaense
2385,KR047436.1,L,partial,Orthohantavirus puumalaense
2386,KR047437.1,L,partial,Orthohantavirus puumalaense
2387,KR047438.1,L,partial,Orthohantavirus puumalaense
2388,KR047439.1,L,partial,Orthohantavirus puumalaense
2389,KR047440.1,L,partial,Orthohantavirus puumalaense
2390,KR047441.1,L,partial,Orthohantavirus puumalaense
2391,KR047442.1,L,partial,Orthohantavirus puumalaense
2392,KR047443.1,L,partial,Orthohantavirus puumalaense
2393,KR047444.1,L,partial,Orthohantavirus puumalaense
2394,KR047445.1,L,partial,Orthohantavirus puumalaense
2395,KR047446.1,L,partial,Orthohantavirus puumalaense
2396,KR047447.1,L,partial,Orthohantavirus puumalaense
2397,KR047448.1,L,partial,Orthohantavirus puumalaense
2398,KR047449.1,L,partial,Orthohantavirus puumalaense
2399,KR047450.1,L,partial,Orthohantavirus puumalaense
2400,KR047451.1,L,partial,Orthohantavirus puumalaense
2401,KR047452.1,L,partial,Orthohantavirus puumalaense
2402,KR047453.1,L,partial,Orthohantavirus puumalaense
2403,KR047454.1,L,partial,Orthohantavirus puumalaense
2404,KR047455.1,L,partial,Orthohantavirus puumalaense
2405,KR047456.1,L,partial,Orthohantavirus puumalaense
2406,KR047457.1,L,partial,Orthohantavirus puumalaense
2407,KR047458.1,L,partial,Orthohantavirus puumalaense
2408,KR047459.1,L,partial,Orthohantavirus puumalaense
2409,KR047460.1,L,partial,Orthohantavirus puumalaense
2410,KR047461.1,L,partial,Orthohantavirus puumalaense
2411,KR047462.1,L,partial,Orthohantavirus puumalaense
2412,KR047463.1,L,partial,Orthohantavirus puumalaense
2413,KR047464.1,L,partial,Orthohantavirus puumalaense
2414,KR047465.1,L,partial,Orthohantavirus puumalaense
2415,KR047466.1,L,partial,Orthohantavirus puumalaense
2416,KR047467.1,L,partial,Orthohantavirus puumalaense
2417,KR047468.1,L,partial,Orthohantavirus puumalaense
2418,KR047469.1,L,partial,Orthohantavirus puumalaense
2419,KR047470.1,L,partial,Orthohantavirus puumalaense
2420,KR047471.1,L,partial,Orthohantavirus puumalaense
2421,KR047472.1,L,partial,Orthohantavirus puumalaense
2422,KR047473.1,L,partial,Orthohantavirus puumalaense
2423,KR047474.1,L,partial,Orthohantavirus puumalaense
2424,KR047475.1,L,partial,Orthohantavirus puumalaense
2425,KR047476.1,L,partial,Orthohantavirus puumalaense
2426,KR047477.1,L,partial,Orthohantavirus puumalaense
2427,KR047478.1,L,partial,Orthohantavirus puumalaense
2428,KR047479.1,L,partial,Orthohantavirus puumalaense
2429,KR047480.1,L,partial,Orthohantavirus puumalaense
2430,KR047481.1,L,partial,Orthohantavirus puumalaense
2431,KR047482.1,L,partial,Orthohantavirus puumalaense
2432,KR047483.1,L,partial,Orthohantavirus puumalaense
2433,KR047484.1,L,partial,Orthohantavirus puumalaense
2434,KR047485.1,L,partial,Orthohantavirus puumalaense
2435,KR047486.1,L,partial,Orthohantavirus puumalaense
2436,KR047487.1,L,partial,Orthohantavirus puumalaense
2437,KR047488.1,L,partial,Orthohantavirus puumalaense
2438,KR047489.1,L,partial,Orthohantavirus puumalaense
2439,KR047490.1,L,partial,Orthohantavirus puumalaense
2440,KR047491.1,L,partial,Orthohantavirus puumalaense
2441,KR047492.1,L,partial,Orthohantavirus puumalaense
2442,KR047493.1,L,partial,Orthohantavirus puumalaense
2443,KR047494.1,L,partial,Orthohantavirus puumalaense
2444,KR047495.1,L,partial,Orthohantavirus puumalaense
2445,KR047496.1,L,partial,Orthohantavirus puumalaense
2446,KR047497.1,L,partial,Orthohantavirus puumalaense
2447,KR047498.1,L,partial,Orthohantavirus puumalaense
2448,KR047499.1,L,partial,Orthohantavirus puumalaense
2449,KR047500.1,L,partial,Orthohantavirus puumalaense
2450,KR047501.1,L,partial,Orthohantavirus puumalaense
2451,KR047502.1,L,partial,Orthohantavirus puumalaense
2452,KR047503.1,L,partial,Orthohantavirus puumalaense
2453,KR047504.1,L,partial,Orthohantavirus puumalaense
2454,KR047505.1,L,partial,Orthohantavirus puumalaense
2455,KR047506.1,L,partial,Orthohantavirus puumalaense
2456,KR047507.1,L,partial,Orthohantavirus puumalaense
2457,KR047508.1,L,partial,Orthohantavirus puumalaense
2458,KR047509.1,L,partial,Orthohantavirus puumalaense
2459,KR047510.1,L,partial,Orthohantavirus puumalaense
2460,KR047511.1,L,partial,Orthohantavirus puumalaense
2461,KR047512.1,L,partial,Orthohantavirus puumalaense
2462,KR047513.1,L,partial,Orthohantavirus puumalaense
2463,KR047514.1,L,partial,Orthohantavirus puumalaense
2464,KR047515.1,L,partial,Orthohantavirus puumalaense
2465,KR047516.1,L,partial,Orthohantavirus puumalaense
2466,KR047517.1,L,partial,Orthohantavirus puumalaense
2467,KR047518.1,L,partial,Orthohantavirus puumalaense
2468,KR047519.1,L,partial,Orthohantavirus puumalaense
2469,KR047520.1,L,partial,Orthohantavirus puumalaense
2470,KR047521.1,L,partial,Orthohantavirus puumalaense
2471,KR047522.1,L,partial,Orthohantavirus puumalaense
2472,KR047523.1,L,partial,Orthohantavirus puumalaense
2473,KR047524.1,L,partial,Orthohantavirus puumalaense
2474,KR047525.1,L,partial,Orthohantavirus puumalaense
2475,KR047526.1,L,partial,Orthohantavirus puumalaense
2476,KR047527.1,L,partial,Orthohantavirus puumalaense
2477,KR047528.1,L,partial,Orthohantavirus puumalaense
2478,KR047529.1,L,partial,Orthohantavirus puumalaense
2479,KR047530.1,L,partial,Orthohantavirus puumalaense
2480,KR047531.1,L,partial,Orthohantavirus puumalaense
2481,KR047532.1,L,partial,Orthohantavirus puumalaense
2482,KR047533.1,L,partial,Orthohantavirus puumalaense
2483,KR047534.1,L,partial,Orthohantavirus puumalaense
2484,KR047535.1,L,partial,Orthohantavirus puumalaense
2485,KR047536.1,L,partial,Orthohantavirus puumalaense
2486,KR047537.1,L,partial,Orthohantavirus puumalaense
2487,KR047538.1,L,partial,Orthohantavirus puumalaense
2488,KR047539.1,L,partial,Orthohantavirus puumalaense
2489,KR047540.1,L,partial,Orthohantavirus puumalaense
2490,KR047541.1,L,partial,Orthohantavirus puumalaense
2491,KR047542.1,L,partial,Orthohantavirus puumalaense
2492,KR047543.1,L,partial,Orthohantavirus puumalaense
2493,KR047544.1,L,partial,Orthohantavirus puumalaense
2494,KR047545.1,L,partial,Orthohantavirus puumalaense
2495,KR047546.1,L,partial,Orthohantavirus puumalaense
2496,KR047547.1,L,partial,Orthohantavirus puumalaense
2497,KR047548.1,L,partial,Orthohantavirus puumalaense
2498,KR047549.1,L,partial,Orthohantavirus puumalaense
2499,KR047550.1,L,partial,Orthohantavirus puumalaense
2500,KR047551.1,L,partial,Orthohantavirus puumalaense
2501,KR047552.1,L,partial,Orthohantavirus puumalaense
2502,KR047553.1,L,partial,Orthohantavirus puumalaense
2503,KR047554.1,L,partial,Orthohantavirus puumalaense
2504,KM013472.1,S,partial,Orthohantavirus puumalaense
2505,KM013473.1,S,partial,Orthohantavirus puumalaense
2506,KM013474.1,S,partial,Orthohantavirus puumalaense
2507,KM013475.1,S,partial,Orthohantavirus puumalaense
2508,KM245952.1,M,partial,Orthohantavirus puumalaense
2509,KM245953.1,M,partial,Orthohantavirus puumalaense
2510,KM245954.1,M,partial,Orthohantavirus puumalaense
2511,KM245955.1,M,partial,Orthohantavirus puumalaense
2512,KM245956.1,M,partial,Orthohantavirus puumalaense
2513,KM245957.1,L,partial,Orthohantavirus puumalaense
2514,KM245958.1,M,partial,Orthohantavirus puumalaense
2515,KM245959.1,L,partial,Orthohantavirus puumalaense
2516,KM245960.1,L,partial,Orthohantavirus puumalaense
2517,KM245961.1,L,partial,Orthohantavirus puumalaense
2518,KM245962.1,S,partial,Orthohantavirus puumalaense
2519,KM245963.1,S,partial,Orthohantavirus puumalaense
2520,KM245964.1,S,partial,Orthohantavirus puumalaense
2521,KP292966.1,S,partial,Orthohantavirus puumalaense
2522,KP292967.1,L,partial,Orthohantavirus puumalaense
2523,KP292968.1,L,partial,Orthohantavirus puumalaense
2524,KP292969.1,L,partial,Orthohantavirus puumalaense
2525,KP292970.1,M,partial,Orthohantavirus puumalaense
2526,KP292971.1,M,partial,Orthohantavirus puumalaense
2527,KP292972.1,M,partial,Orthohantavirus puumalaense
2528,KP292973.1,M,partial,Orthohantavirus puumalaense
2529,KR072694.1,L,partial,Orthohantavirus puumalaense
2530,KP325674.1,S,partial,Orthohantavirus puumalaense
2531,KP325675.1,S,partial,Orthohantavirus puumalaense
2532,KJ994776.1,S,complete,Orthohantavirus puumalaense
2533,KJ994777.1,M,complete,Orthohantavirus puumalaense
2534,KJ994778.1,L,complete,Orthohantavirus puumalaense
2535,KF776554.1,L,partial,Orthohantavirus puumalaense
2536,KF776555.1,L,partial,Orthohantavirus puumalaense
2537,KF776556.1,L,partial,Orthohantavirus puumalaense
2538,KF776558.1,L,partial,Orthohantavirus puumalaense
2539,KF776559.1,L,partial,Orthohantavirus puumalaense
2540,KF776560.1,L,partial,Orthohantavirus puumalaense
2541,KF776561.1,L,partial,Orthohantavirus puumalaense
2542,KF776562.1,L,partial,Orthohantavirus puumalaense
2543,KF776563.1,L,partial,Orthohantavirus puumalaense
2544,KF776565.1,L,partial,Orthohantavirus puumalaense
2545,KF776566.1,L,partial,Orthohantavirus puumalaense
2546,KF776567.1,L,partial,Orthohantavirus puumalaense
2547,KF776568.1,L,partial,Orthohantavirus puumalaense
2548,KF776569.1,L,partial,Orthohantavirus puumalaense
2549,KF776570.1,L,partial,Orthohantavirus puumalaense
2550,KF776571.1,L,partial,Orthohantavirus puumalaense
2551,KF776572.1,L,partial,Orthohantavirus puumalaense
2552,KF776573.1,L,partial,Orthohantavirus puumalaense
2553,KF776574.1,L,partial,Orthohantavirus puumalaense
2554,KF776575.1,L,partial,Orthohantavirus puumalaense
2555,KF776576.1,L,partial,Orthohantavirus puumalaense
2556,KF776577.1,L,partial,Orthohantavirus puumalaense
2557,KF776579.1,L,partial,Orthohantavirus puumalaense
2558,KF776580.1,L,partial,Orthohantavirus puumalaense
2559,KF776584.1,L,partial,Orthohantavirus puumalaense
2560,KF776587.1,L,partial,Orthohantavirus puumalaense
2561,KF776588.1,L,partial,Orthohantavirus puumalaense
2562,KF776589.1,L,partial,Orthohantavirus puumalaense
2563,KF776591.1,L,partial,Orthohantavirus puumalaense
2564,KF776592.1,L,partial,Orthohantavirus puumalaense
2565,KF776593.1,L,partial,Orthohantavirus puumalaense
2566,KF776594.1,L,partial,Orthohantavirus puumalaense
2567,KF776595.1,L,partial,Orthohantavirus puumalaense
2568,KF776598.1,L,partial,Orthohantavirus puumalaense
2569,KF776599.1,L,partial,Orthohantavirus puumalaense
2570,KF776601.1,L,partial,Orthohantavirus puumalaense
2571,KF776602.1,L,partial,Orthohantavirus puumalaense
2572,KF776603.1,L,partial,Orthohantavirus puumalaense
2573,KF776604.1,L,partial,Orthohantavirus puumalaense
2574,KF776605.1,L,partial,Orthohantavirus puumalaense
2575,KF776606.1,L,partial,Orthohantavirus puumalaense
2576,KF776607.1,L,partial,Orthohantavirus puumalaense
2577,KF776611.1,L,partial,Orthohantavirus puumalaense
2578,KF776612.1,L,partial,Orthohantavirus puumalaense
2579,KF776616.1,L,partial,Orthohantavirus puumalaense
2580,KF776617.1,L,partial,Orthohantavirus puumalaense
2581,KF776621.1,L,partial,Orthohantavirus puumalaense
2582,KF776622.1,L,partial,Orthohantavirus puumalaense
2583,KF776625.1,L,partial,Orthohantavirus puumalaense
2584,KF776650.1,L,partial,Orthohantavirus puumalaense
2585,KF776651.1,L,partial,Orthohantavirus puumalaense
2586,KF776652.1,L,partial,Orthohantavirus puumalaense
2587,KF776654.1,L,partial,Orthohantavirus puumalaense
2588,KF776655.1,L,partial,Orthohantavirus puumalaense
2589,KF776656.1,L,partial,Orthohantavirus puumalaense
2590,KF776657.1,L,partial,Orthohantavirus puumalaense
2591,KF776658.1,L,partial,Orthohantavirus puumalaense
2592,KF776659.1,L,partial,Orthohantavirus puumalaense
2593,KF776660.1,L,partial,Orthohantavirus puumalaense
2594,KF776661.1,L,partial,Orthohantavirus puumalaense
2595,KF776662.1,L,partial,Orthohantavirus puumalaense
2596,KF776663.1,L,partial,Orthohantavirus puumalaense
2597,KF776664.1,L,partial,Orthohantavirus puumalaense
2598,KF776665.1,L,partial,Orthohantavirus puumalaense
2599,KF776666.1,L,partial,Orthohantavirus puumalaense
2600,KF776667.1,L,partial,Orthohantavirus puumalaense
2601,KF776668.1,L,partial,Orthohantavirus puumalaense
2602,KF776669.1,L,partial,Orthohantavirus puumalaense
2603,KF776670.1,L,partial,Orthohantavirus puumalaense
2604,KF776671.1,L,partial,Orthohantavirus puumalaense
2605,KF776672.1,L,partial,Orthohantavirus puumalaense
2606,KF776673.1,L,partial,Orthohantavirus puumalaense
2607,KF776674.1,L,partial,Orthohantavirus puumalaense
2608,KF776675.1,L,partial,Orthohantavirus puumalaense
2609,KF776676.1,L,partial,Orthohantavirus puumalaense
2610,KF776677.1,L,partial,Orthohantavirus puumalaense
2611,KF776678.1,L,partial,Orthohantavirus puumalaense
2612,KF776679.1,L,partial,Orthohantavirus puumalaense
2613,KF776680.1,L,partial,Orthohantavirus puumalaense
2614,KF776681.1,L,partial,Orthohantavirus puumalaense
2615,KF776682.1,L,partial,Orthohantavirus puumalaense
2616,KF776683.1,L,partial,Orthohantavirus puumalaense
2617,KF776684.1,L,partial,Orthohantavirus puumalaense
2618,KF776691.1,L,partial,Orthohantavirus puumalaense
2619,KF776699.1,L,partial,Orthohantavirus puumalaense
2620,KF776708.1,L,partial,Orthohantavirus puumalaense
2621,KF776710.1,L,partial,Orthohantavirus puumalaense
2622,KF776711.1,L,partial,Orthohantavirus puumalaense
2623,KF776712.1,L,partial,Orthohantavirus puumalaense
2624,KF776713.1,L,partial,Orthohantavirus puumalaense
2625,KF776719.1,L,partial,Orthohantavirus puumalaense
2626,KF776721.1,L,partial,Orthohantavirus puumalaense
2627,KF776722.1,L,partial,Orthohantavirus puumalaense
2628,KF776723.1,L,partial,Orthohantavirus puumalaense
2629,KF776724.1,L,partial,Orthohantavirus puumalaense
2630,KF776725.1,L,partial,Orthohantavirus puumalaense
2631,KF776726.1,L,partial,Orthohantavirus puumalaense
2632,KF776727.1,L,partial,Orthohantavirus puumalaense
2633,KF776728.1,L,partial,Orthohantavirus puumalaense
2634,KF776729.1,L,partial,Orthohantavirus puumalaense
2635,KF776730.1,L,partial,Orthohantavirus puumalaense
2636,KF776731.1,L,partial,Orthohantavirus puumalaense
2637,KF776732.1,L,partial,Orthohantavirus puumalaense
2638,KF776733.1,L,partial,Orthohantavirus puumalaense
2639,KF776734.1,L,partial,Orthohantavirus puumalaense
2640,KF776747.1,M,partial,Orthohantavirus puumalaense
2641,KF776748.1,M,partial,Orthohantavirus puumalaense
2642,KF776749.1,M,partial,Orthohantavirus puumalaense
2643,KF776750.1,M,partial,Orthohantavirus puumalaense
2644,KF776753.1,M,partial,Orthohantavirus puumalaense
2645,KF776754.1,M,partial,Orthohantavirus puumalaense
2646,KF776755.1,M,partial,Orthohantavirus puumalaense
2647,KF776756.1,M,partial,Orthohantavirus puumalaense
2648,KF776757.1,M,partial,Orthohantavirus puumalaense
2649,KF776758.1,M,partial,Orthohantavirus puumalaense
2650,KF776781.1,M,partial,Orthohantavirus puumalaense
2651,KF776854.1,S,partial,Orthohantavirus puumalaense
2652,KF776855.1,S,partial,Orthohantavirus puumalaense
2653,KF776856.1,S,partial,Orthohantavirus puumalaense
2654,KF776857.1,S,partial,Orthohantavirus puumalaense
2655,KF776859.1,S,partial,Orthohantavirus puumalaense
2656,KF776860.1,S,partial,Orthohantavirus puumalaense
2657,KF776861.1,S,partial,Orthohantavirus puumalaense
2658,KF776862.1,S,partial,Orthohantavirus puumalaense
2659,KF776863.1,S,partial,Orthohantavirus puumalaense
2660,KF776864.1,S,partial,Orthohantavirus puumalaense
2661,KF776865.1,S,partial,Orthohantavirus puumalaense
2662,KF776866.1,S,partial,Orthohantavirus puumalaense
2663,KF776867.1,S,partial,Orthohantavirus puumalaense
2664,KF776868.1,S,partial,Orthohantavirus puumalaense
2665,KF776869.1,S,partial,Orthohantavirus puumalaense
2666,KF776870.1,S,partial,Orthohantavirus puumalaense
2667,KF776871.1,S,partial,Orthohantavirus puumalaense
2668,KF776872.1,S,partial,Orthohantavirus puumalaense
2669,KF776876.1,S,partial,Orthohantavirus puumalaense
2670,KF776877.1,S,partial,Orthohantavirus puumalaense
2671,KF776878.1,S,partial,Orthohantavirus puumalaense
2672,KF776879.1,S,partial,Orthohantavirus puumalaense
2673,KF776880.1,S,partial,Orthohantavirus puumalaense
2674,KF776881.1,S,partial,Orthohantavirus puumalaense
2675,KF776883.1,S,partial,Orthohantavirus puumalaense
2676,KF776884.1,S,partial,Orthohantavirus puumalaense
2677,KF776885.1,S,partial,Orthohantavirus puumalaense
2678,KF776890.1,S,partial,Orthohantavirus puumalaense
2679,KF776891.1,S,partial,Orthohantavirus puumalaense
2680,KF776892.1,S,partial,Orthohantavirus puumalaense
2681,KF776893.1,S,partial,Orthohantavirus puumalaense
2682,KF776894.1,S,partial,Orthohantavirus puumalaense
2683,KF776895.1,S,partial,Orthohantavirus puumalaense
2684,KF776896.1,S,partial,Orthohantavirus puumalaense
2685,KF776897.1,S,partial,Orthohantavirus puumalaense
2686,KF776898.1,S,partial,Orthohantavirus puumalaense
2687,KF776899.1,S,partial,Orthohantavirus puumalaense
2688,KF776900.1,S,partial,Orthohantavirus puumalaense
2689,KF776901.1,S,partial,Orthohantavirus puumalaense
2690,KF776902.1,S,partial,Orthohantavirus puumalaense
2691,KF776903.1,S,partial,Orthohantavirus puumalaense
2692,KF776904.1,S,partial,Orthohantavirus puumalaense
2693,KF776905.1,S,partial,Orthohantavirus puumalaense
2694,KF584914.1,S,partial,Orthohantavirus puumalaense
2695,KJ820731.1,S,partial,Orthohantavirus puumalaense
2696,KJ820732.1,S,partial,Orthohantavirus puumalaense
2697,KJ820733.1,S,partial,Orthohantavirus puumalaense
2698,KJ820734.1,S,partial,Orthohantavirus puumalaense
2699,KJ820735.1,S,partial,Orthohantavirus puumalaense
2700,KJ820736.1,S,partial,Orthohantavirus puumalaense
2701,KJ820737.1,S,partial,Orthohantavirus puumalaense
2702,KJ820738.1,S,partial,Orthohantavirus puumalaense
2703,KF906512.1,S,partial,Orthohantavirus puumalaense
2704,KF906513.1,M,partial,Orthohantavirus puumalaense
2705,JX028271.1,L,complete,Orthohantavirus puumalaense
2706,JX028272.1,M,complete,Orthohantavirus puumalaense
2707,JX028273.1,S,complete,Orthohantavirus puumalaense
2708,JX046482.1,L,complete,Orthohantavirus puumalaense
2709,JX046483.1,M,complete,Orthohantavirus puumalaense
2710,JX046484.1,S,complete,Orthohantavirus puumalaense
2711,JX046485.1,L,complete,Orthohantavirus puumalaense
2712,JX046486.1,M,complete,Orthohantavirus puumalaense
2713,JX046487.1,S,complete,Orthohantavirus puumalaense
2714,JX131287.1,L,partial,Orthohantavirus puumalaense
2715,JX131288.1,M,partial,Orthohantavirus puumalaense
2716,JX131289.1,S,partial,Orthohantavirus puumalaense
2717,JX131290.1,L,partial,Orthohantavirus puumalaense
2718,JX131291.1,M,partial,Orthohantavirus puumalaense
2719,JX131292.1,S,partial,Orthohantavirus puumalaense
2720,JX131293.1,L,partial,Orthohantavirus puumalaense
2721,JX131294.1,M,partial,Orthohantavirus puumalaense
2722,JX131295.1,S,partial,Orthohantavirus puumalaense
2723,KC676609.1,S,partial,Orthohantavirus puumalaense
2724,KC676610.1,S,partial,Orthohantavirus puumalaense
2725,KC676611.1,S,partial,Orthohantavirus puumalaense
2726,KC676612.1,S,partial,Orthohantavirus puumalaense
2727,KC676613.1,S,partial,Orthohantavirus puumalaense
2728,KC676614.1,S,partial,Orthohantavirus puumalaense
2729,KC676615.1,S,partial,Orthohantavirus puumalaense
2730,KC676616.1,S,partial,Orthohantavirus puumalaense
2731,KC676629.1,M,partial,Orthohantavirus puumalaense
2732,KC676630.1,M,partial,Orthohantavirus puumalaense
2733,KC676631.1,M,partial,Orthohantavirus puumalaense
2734,KC676632.1,M,partial,Orthohantavirus puumalaense
2735,KC676633.1,M,partial,Orthohantavirus puumalaense
2736,KC676634.1,M,partial,Orthohantavirus puumalaense
2737,KC676635.1,M,partial,Orthohantavirus puumalaense
2741,JQ319161.2,S,complete,Orthohantavirus puumalaense
2742,JQ319162.2,S,complete,Orthohantavirus puumalaense
2743,JQ319163.2,S,complete,Orthohantavirus puumalaense
2744,JQ319164.1,S,complete,Orthohantavirus puumalaense
2745,JQ319165.1,S,complete,Orthohantavirus puumalaense
2746,JQ319166.1,S,complete,Orthohantavirus puumalaense
2747,JQ319167.1,S,complete,Orthohantavirus puumalaense
2748,JQ319168.2,S,complete,Orthohantavirus puumalaense
2749,JQ319169.1,S,complete,Orthohantavirus puumalaense
2750,JQ319170.1,S,complete,Orthohantavirus puumalaense
2751,JQ319171.1,S,complete,Orthohantavirus puumalaense
2752,JQ319172.1,M,complete,Orthohantavirus puumalaense
2753,JQ319173.1,M,complete,Orthohantavirus puumalaense
2754,JQ319174.1,M,complete,Orthohantavirus puumalaense
2755,JQ319175.1,M,complete,Orthohantavirus puumalaense
2756,JQ319176.1,S,partial,Orthohantavirus puumalaense
2757,JQ319177.1,S,partial,Orthohantavirus puumalaense
2758,JQ319178.1,S,partial,Orthohantavirus puumalaense
2759,JQ319179.1,S,partial,Orthohantavirus puumalaense
2760,JQ319180.1,S,partial,Orthohantavirus puumalaense
2761,JQ319181.1,S,partial,Orthohantavirus puumalaense
2762,JQ319182.1,S,partial,Orthohantavirus puumalaense
2763,JQ319183.1,S,partial,Orthohantavirus puumalaense
2764,JQ319184.1,S,partial,Orthohantavirus puumalaense
2765,JQ319185.1,S,partial,Orthohantavirus puumalaense
2766,JQ319186.1,S,partial,Orthohantavirus puumalaense
2767,JQ319187.1,S,partial,Orthohantavirus puumalaense
2768,JQ319188.1,S,partial,Orthohantavirus puumalaense
2769,JQ319189.1,S,partial,Orthohantavirus puumalaense
2770,JQ319190.1,S,partial,Orthohantavirus puumalaense
2771,JQ319191.1,S,partial,Orthohantavirus puumalaense
2772,JQ319192.1,S,partial,Orthohantavirus puumalaense
2773,JQ319193.1,S,partial,Orthohantavirus puumalaense
2774,JQ319194.1,S,partial,Orthohantavirus puumalaense
2775,JQ319195.1,S,partial,Orthohantavirus puumalaense
2776,JQ319196.1,S,partial,Orthohantavirus puumalaense
2777,JQ319197.1,S,partial,Orthohantavirus puumalaense
2778,JQ319198.1,S,partial,Orthohantavirus puumalaense
2779,JQ319199.1,S,partial,Orthohantavirus puumalaense
2780,JQ319200.1,S,partial,Orthohantavirus puumalaense
2781,JQ319201.1,S,partial,Orthohantavirus puumalaense
2782,JQ319202.1,S,partial,Orthohantavirus puumalaense
2783,JQ319203.1,S,partial,Orthohantavirus puumalaense
2784,JQ319204.1,S,partial,Orthohantavirus puumalaense
2785,JQ319205.1,S,partial,Orthohantavirus puumalaense
2786,JQ319206.1,S,partial,Orthohantavirus puumalaense
2787,JQ319207.1,S,partial,Orthohantavirus puumalaense
2788,JQ319208.1,S,partial,Orthohantavirus puumalaense
2789,JQ319209.1,S,partial,Orthohantavirus puumalaense
2790,JQ319210.1,S,partial,Orthohantavirus puumalaense
2791,JQ319211.1,S,partial,Orthohantavirus puumalaense
2792,JQ319212.1,S,partial,Orthohantavirus puumalaense
2793,JQ319213.1,S,partial,Orthohantavirus puumalaense
2794,JQ319214.1,S,partial,Orthohantavirus puumalaense
2795,JQ319215.1,S,partial,Orthohantavirus puumalaense
2796,JQ319216.1,S,partial,Orthohantavirus puumalaense
2797,JQ319217.1,S,partial,Orthohantavirus puumalaense
2798,JQ319218.1,S,partial,Orthohantavirus puumalaense
2799,JQ319219.1,S,partial,Orthohantavirus puumalaense
2800,JQ319220.1,S,partial,Orthohantavirus puumalaense
2801,JQ319221.1,M,partial,Orthohantavirus puumalaense
2802,JQ319222.1,M,partial,Orthohantavirus puumalaense
2803,JQ319223.1,M,partial,Orthohantavirus puumalaense
2804,JQ319224.1,M,partial,Orthohantavirus puumalaense
2805,JQ319225.1,M,partial,Orthohantavirus puumalaense
2806,JQ319226.1,M,partial,Orthohantavirus puumalaense
2807,JQ319227.1,M,partial,Orthohantavirus puumalaense
2808,JQ319228.1,M,partial,Orthohantavirus puumalaense
2809,JQ319229.1,M,partial,Orthohantavirus puumalaense
2810,JQ319230.1,M,partial,Orthohantavirus puumalaense
2811,JQ319231.1,M,partial,Orthohantavirus puumalaense
2812,JQ319232.1,M,partial,Orthohantavirus puumalaense
2813,JQ319233.1,M,partial,Orthohantavirus puumalaense
2814,JQ319234.1,M,partial,Orthohantavirus puumalaense
2815,JQ319235.1,M,partial,Orthohantavirus puumalaense
2816,JQ319236.1,M,partial,Orthohantavirus puumalaense
2817,JQ319237.1,M,partial,Orthohantavirus puumalaense
2818,JQ319238.1,M,partial,Orthohantavirus puumalaense
2819,JQ319239.1,M,partial,Orthohantavirus puumalaense
2820,JQ319240.1,M,partial,Orthohantavirus puumalaense
2821,JQ319241.1,M,partial,Orthohantavirus puumalaense
2822,JQ319242.1,M,partial,Orthohantavirus puumalaense
2823,JQ319243.1,M,partial,Orthohantavirus puumalaense
2824,JQ319244.1,M,partial,Orthohantavirus puumalaense
2825,JQ319245.1,M,partial,Orthohantavirus puumalaense
2826,JQ319246.1,M,partial,Orthohantavirus puumalaense
2827,JQ319247.1,M,partial,Orthohantavirus puumalaense
2828,JQ319248.1,M,partial,Orthohantavirus puumalaense
2829,JQ319249.1,M,partial,Orthohantavirus puumalaense
2830,JQ319250.1,M,partial,Orthohantavirus puumalaense
2831,JQ319251.1,M,partial,Orthohantavirus puumalaense
2832,JQ319252.1,M,partial,Orthohantavirus puumalaense
2833,JQ319253.1,M,partial,Orthohantavirus puumalaense
2834,JQ319254.1,M,partial,Orthohantavirus puumalaense
2835,JQ319255.1,M,partial,Orthohantavirus puumalaense
2836,JQ319256.1,M,partial,Orthohantavirus puumalaense
2837,JQ319257.1,M,partial,Orthohantavirus puumalaense
2838,JQ319258.1,M,partial,Orthohantavirus puumalaense
2839,JQ319259.1,L,partial,Orthohantavirus puumalaense
2840,JQ319260.1,L,partial,Orthohantavirus puumalaense
2841,JQ319261.1,L,partial,Orthohantavirus puumalaense
2842,JQ319262.1,L,partial,Orthohantavirus puumalaense
2843,JQ319263.1,L,partial,Orthohantavirus puumalaense
2844,JQ319264.1,L,partial,Orthohantavirus puumalaense
2845,JQ319265.1,L,partial,Orthohantavirus puumalaense
2846,JQ319266.1,L,partial,Orthohantavirus puumalaense
2847,JQ319267.1,L,partial,Orthohantavirus puumalaense
2848,JQ319268.1,L,partial,Orthohantavirus puumalaense
2849,JQ319269.1,L,partial,Orthohantavirus puumalaense
2850,JQ319270.1,L,partial,Orthohantavirus puumalaense
2851,JQ319271.1,L,partial,Orthohantavirus puumalaense
2852,JQ319272.1,L,partial,Orthohantavirus puumalaense
2853,JQ319273.1,L,partial,Orthohantavirus puumalaense
2854,JQ319274.1,L,partial,Orthohantavirus puumalaense
2855,JQ319275.1,L,partial,Orthohantavirus puumalaense
2856,JQ319276.1,L,partial,Orthohantavirus puumalaense
2857,JQ319277.1,L,partial,Orthohantavirus puumalaense
2858,JQ319278.1,L,partial,Orthohantavirus puumalaense
2859,JQ319279.1,L,partial,Orthohantavirus puumalaense
2860,JQ319280.1,L,partial,Orthohantavirus puumalaense
2861,JQ319281.1,L,partial,Orthohantavirus puumalaense
2862,JQ319282.1,L,partial,Orthohantavirus puumalaense
2863,JQ319283.1,L,partial,Orthohantavirus puumalaense
2864,JQ319284.1,L,partial,Orthohantavirus puumalaense
2865,JQ319285.1,L,partial,Orthohantavirus puumalaense
2866,JQ319286.1,L,partial,Orthohantavirus puumalaense
2867,JQ319287.1,L,partial,Orthohantavirus puumalaense
2868,JQ319288.1,L,partial,Orthohantavirus puumalaense
2869,JQ319289.1,L,partial,Orthohantavirus puumalaense
2870,JQ319290.1,L,partial,Orthohantavirus puumalaense
2871,JQ319291.1,L,partial,Orthohantavirus puumalaense
2872,JQ319292.1,L,partial,Orthohantavirus puumalaense
2873,JQ319293.1,L,partial,Orthohantavirus puumalaense
2874,JQ319294.1,L,partial,Orthohantavirus puumalaense
2875,JQ319295.1,L,partial,Orthohantavirus puumalaense
2876,JQ319296.1,L,partial,Orthohantavirus puumalaense
2877,JQ319297.1,L,partial,Orthohantavirus puumalaense
2878,JQ319298.1,L,partial,Orthohantavirus puumalaense
2879,JQ319299.1,L,partial,Orthohantavirus puumalaense
2880,JQ319300.1,L,partial,Orthohantavirus puumalaense
2881,JQ319301.1,L,partial,Orthohantavirus puumalaense
2882,JQ319302.1,L,partial,Orthohantavirus puumalaense
2883,JQ319303.1,L,partial,Orthohantavirus puumalaense
2884,JQ319304.1,L,partial,Orthohantavirus puumalaense
2885,JQ319305.1,L,partial,Orthohantavirus puumalaense
2886,JQ319306.1,L,partial,Orthohantavirus puumalaense
2887,JQ319307.1,L,partial,Orthohantavirus puumalaense
2888,JQ319308.1,L,partial,Orthohantavirus puumalaense
2889,JQ319309.1,L,partial,Orthohantavirus puumalaense
2890,JQ319310.1,L,partial,Orthohantavirus puumalaense
2891,JQ319311.1,L,partial,Orthohantavirus puumalaense
2892,JQ319312.1,L,partial,Orthohantavirus puumalaense
2893,JQ319313.1,L,partial,Orthohantavirus puumalaense
2894,JQ319314.1,L,partial,Orthohantavirus puumalaense
2895,JQ319315.1,L,partial,Orthohantavirus puumalaense
2896,JQ319316.1,L,partial,Orthohantavirus puumalaense
2897,JQ319317.1,L,partial,Orthohantavirus puumalaense
2898,JQ319318.1,L,partial,Orthohantavirus puumalaense
2899,JQ319319.1,L,partial,Orthohantavirus puumalaense
2900,JN831943.1,S,complete,Orthohantavirus puumalaense
2901,JN831944.1,M,complete,Orthohantavirus puumalaense
2902,JN831945.1,L,complete,Orthohantavirus puumalaense
2903,JN831946.1,L,complete,Orthohantavirus puumalaense
2904,JN831947.1,S,complete,Orthohantavirus puumalaense
2905,JN831948.1,M,complete,Orthohantavirus puumalaense
2906,JN831949.1,L,complete,Orthohantavirus puumalaense
2907,JN831950.1,S,complete,Orthohantavirus puumalaense
2908,JN831951.1,M,complete,Orthohantavirus puumalaense
2909,JN831952.1,L,complete,Orthohantavirus puumalaense
2910,JN696317.1,S,partial,Orthohantavirus puumalaense
2911,JN696318.1,S,partial,Orthohantavirus puumalaense
2912,JN696319.1,S,partial,Orthohantavirus puumalaense
2913,JN696320.1,S,partial,Orthohantavirus puumalaense
2914,JN696321.1,S,partial,Orthohantavirus puumalaense
2915,JN696322.1,S,partial,Orthohantavirus puumalaense
2916,JN696323.1,S,partial,Orthohantavirus puumalaense
2917,JN696324.1,S,partial,Orthohantavirus puumalaense
2918,JN696325.1,S,partial,Orthohantavirus puumalaense
2919,JN696326.1,S,partial,Orthohantavirus puumalaense
2920,JN696327.1,S,partial,Orthohantavirus puumalaense
2921,JN696328.1,S,partial,Orthohantavirus puumalaense
2922,JN696329.1,S,partial,Orthohantavirus puumalaense
2923,JN696330.1,S,partial,Orthohantavirus puumalaense
2924,JN696331.1,S,partial,Orthohantavirus puumalaense
2925,JN696332.1,S,partial,Orthohantavirus puumalaense
2926,JN696333.1,S,partial,Orthohantavirus puumalaense
2927,JN696334.1,S,partial,Orthohantavirus puumalaense
2928,JN696335.1,S,partial,Orthohantavirus puumalaense
2929,JN696336.1,S,partial,Orthohantavirus puumalaense
2930,JN696337.1,S,partial,Orthohantavirus puumalaense
2931,JN696338.1,S,partial,Orthohantavirus puumalaense
2932,JN696339.1,S,partial,Orthohantavirus puumalaense
2933,JN696340.1,S,partial,Orthohantavirus puumalaense
2934,JN696341.1,S,partial,Orthohantavirus puumalaense
2935,JN696342.1,S,partial,Orthohantavirus puumalaense
2936,JN696343.1,S,partial,Orthohantavirus puumalaense
2937,JN696344.1,S,partial,Orthohantavirus puumalaense
2938,JN696345.1,S,partial,Orthohantavirus puumalaense
2939,JN696346.1,S,partial,Orthohantavirus puumalaense
2940,JN696347.1,S,partial,Orthohantavirus puumalaense
2941,JN696348.1,S,partial,Orthohantavirus puumalaense
2942,JN696349.1,S,partial,Orthohantavirus puumalaense
2943,JN696350.1,S,partial,Orthohantavirus puumalaense
2944,JN696351.1,S,partial,Orthohantavirus puumalaense
2945,JN696352.1,S,partial,Orthohantavirus puumalaense
2946,JN696353.1,S,partial,Orthohantavirus puumalaense
2947,JN696354.1,S,partial,Orthohantavirus puumalaense
2948,JN696355.1,S,partial,Orthohantavirus puumalaense
2949,JN696356.1,S,partial,Orthohantavirus puumalaense
2950,JN696357.1,S,partial,Orthohantavirus puumalaense
2951,JN696358.1,S,partial,Orthohantavirus puumalaense
2952,JN696359.1,S,partial,Orthohantavirus puumalaense
2953,JN696360.1,S,partial,Orthohantavirus puumalaense
2954,JN696361.1,S,partial,Orthohantavirus puumalaense
2955,JN696362.1,S,partial,Orthohantavirus puumalaense
2956,JN696363.1,S,partial,Orthohantavirus puumalaense
2957,JN696364.1,S,partial,Orthohantavirus puumalaense
2958,JN696365.1,S,partial,Orthohantavirus puumalaense
2959,JN696366.1,S,partial,Orthohantavirus puumalaense
2960,JN696367.1,S,partial,Orthohantavirus puumalaense
2961,JN696368.1,S,partial,Orthohantavirus puumalaense
2962,JN696369.1,S,partial,Orthohantavirus puumalaense
2963,JN696370.1,S,partial,Orthohantavirus puumalaense
2964,JN696371.1,S,partial,Orthohantavirus puumalaense
2965,JN696372.1,S,partial,Orthohantavirus puumalaense
2966,JN696373.1,S,partial,Orthohantavirus puumalaense
2967,JN696374.1,S,partial,Orthohantavirus puumalaense
2968,JN696375.1,S,partial,Orthohantavirus puumalaense
2969,JN696376.1,S,partial,Orthohantavirus puumalaense
2970,AB712372.1,L,partial,Orthohantavirus puumalaense
2971,HE801633.1,S,partial,Orthohantavirus puumalaense
2972,HE801634.1,M,partial,Orthohantavirus puumalaense
2973,HE801635.1,L,partial,Orthohantavirus puumalaense
2974,AB676837.1,M,partial,Orthohantavirus puumalaense
2975,AB676838.1,M,partial,Orthohantavirus puumalaense
2976,AB676839.1,M,partial,Orthohantavirus puumalaense
2977,AB676840.1,M,partial,Orthohantavirus puumalaense
2978,AB676841.1,M,partial,Orthohantavirus puumalaense
2979,AB676842.1,M,partial,Orthohantavirus puumalaense
2980,AB676843.1,M,partial,Orthohantavirus puumalaense
2981,AB676844.1,M,partial,Orthohantavirus puumalaense
2982,AB676845.1,M,partial,Orthohantavirus puumalaense
2983,AB676846.1,M,partial,Orthohantavirus puumalaense
2984,AB676847.1,M,partial,Orthohantavirus puumalaense
2985,AB676848.1,M,partial,Orthohantavirus puumalaense
2986,AB676849.1,M,partial,Orthohantavirus puumalaense
2987,AB676850.1,M,partial,Orthohantavirus puumalaense
2988,AB676851.1,M,partial,Orthohantavirus puumalaense
2989,AB675450.1,S,partial,Orthohantavirus puumalaense
2990,AB675451.1,M,partial,Orthohantavirus puumalaense
2991,AB675452.1,L,partial,Orthohantavirus puumalaense
2992,AB675453.1,S,partial,Orthohantavirus puumalaense
2993,AB675454.1,M,partial,Orthohantavirus puumalaense
2994,AB675455.1,L,partial,Orthohantavirus puumalaense
2995,AB675456.1,S,partial,Orthohantavirus puumalaense
2996,AB675457.1,S,partial,Orthohantavirus puumalaense
2997,AB675458.1,S,partial,Orthohantavirus puumalaense
2998,AB675459.1,S,partial,Orthohantavirus puumalaense
2999,AB675460.1,S,partial,Orthohantavirus puumalaense
3000,AB675461.1,S,partial,Orthohantavirus puumalaense
3001,AB675462.1,S,partial,Orthohantavirus puumalaense
3002,AB675463.1,S,partial,Orthohantavirus puumalaense
3003,AB675464.1,S,partial,Orthohantavirus puumalaense
3004,AB675465.1,S,partial,Orthohantavirus puumalaense
3005,AB675466.1,S,partial,Orthohantavirus puumalaense
3006,AB675467.1,S,partial,Orthohantavirus puumalaense
3007,AB675468.1,S,partial,Orthohantavirus puumalaense
3008,AB675469.1,S,partial,Orthohantavirus puumalaense
3009,AB675470.1,S,partial,Orthohantavirus puumalaense
3010,AB675471.1,S,partial,Orthohantavirus puumalaense
3011,AB675472.1,S,partial,Orthohantavirus puumalaense
3012,AB675473.1,S,partial,Orthohantavirus puumalaense
3013,AB675474.1,S,partial,Orthohantavirus puumalaense
3014,AB675475.1,S,partial,Orthohantavirus puumalaense
3015,AB675476.1,S,partial,Orthohantavirus puumalaense
3016,AB675477.1,S,partial,Orthohantavirus puumalaense
3017,AB675478.1,S,partial,Orthohantavirus puumalaense
3018,AB675479.1,S,partial,Orthohantavirus puumalaense
3019,AB675480.1,S,partial,Orthohantavirus puumalaense
3020,JN657228.1,S,complete,Orthohantavirus puumalaense
3021,JN657229.1,S,complete,Orthohantavirus puumalaense
3022,JN657230.1,S,complete,Orthohantavirus puumalaense
3023,JN657231.1,S,complete,Orthohantavirus puumalaense
3024,JN657232.1,S,complete,Orthohantavirus puumalaense
3025,JN657233.1,M,partial,Orthohantavirus puumalaense
3026,JN657234.1,M,partial,Orthohantavirus puumalaense
3027,JN657235.1,M,partial,Orthohantavirus puumalaense
3028,JN657236.1,L,partial,Orthohantavirus puumalaense
3029,JN657237.1,L,partial,Orthohantavirus puumalaense
3030,JN657238.1,L,partial,Orthohantavirus puumalaense
3031,JN657239.1,L,partial,Orthohantavirus puumalaense
3032,HQ406824.1,S,partial,Orthohantavirus puumalaense
3033,JF499659.1,S,partial,Orthohantavirus puumalaense
3034,JF499660.1,S,partial,Orthohantavirus puumalaense
3035,JF499661.1,S,partial,Orthohantavirus puumalaense
3036,JF499662.1,S,partial,Orthohantavirus puumalaense
3037,JF499663.1,S,partial,Orthohantavirus puumalaense
3038,AB574183.1,L,partial,Orthohantavirus puumalaense
3039,AB574184.1,L,partial,Orthohantavirus puumalaense
3040,GU300138.1,S,partial,Orthohantavirus puumalaense
3041,GU300139.1,S,partial,Orthohantavirus puumalaense
3042,GU300140.1,S,partial,Orthohantavirus puumalaense
3043,GU300141.1,S,partial,Orthohantavirus puumalaense
3044,GU300142.1,S,partial,Orthohantavirus puumalaense
3045,GU300143.1,S,partial,Orthohantavirus puumalaense
3046,GU808824.1,S,partial,Orthohantavirus puumalaense
3047,GU808825.1,S,partial,Orthohantavirus puumalaense
3048,GQ339473.1,S,partial,Orthohantavirus puumalaense
3049,GQ339474.1,S,partial,Orthohantavirus puumalaense
3050,GQ339475.1,S,partial,Orthohantavirus puumalaense
3051,GQ339476.1,S,partial,Orthohantavirus puumalaense
3052,GQ339477.1,S,partial,Orthohantavirus puumalaense
3053,GQ339478.1,S,partial,Orthohantavirus puumalaense
3054,GQ339479.1,S,partial,Orthohantavirus puumalaense
3055,GQ339480.1,S,partial,Orthohantavirus puumalaense
3056,GQ339481.1,S,partial,Orthohantavirus puumalaense
3057,GQ339482.1,S,partial,Orthohantavirus puumalaense
3058,GQ339483.1,S,partial,Orthohantavirus puumalaense
3059,GQ339484.1,S,partial,Orthohantavirus puumalaense
3060,GQ339485.1,S,partial,Orthohantavirus puumalaense
3061,GQ339486.1,S,partial,Orthohantavirus puumalaense
3062,GQ339487.1,S,partial,Orthohantavirus puumalaense
3063,GQ339488.1,M,partial,Orthohantavirus puumalaense
3064,GQ339489.1,M,partial,Orthohantavirus puumalaense
3065,GQ339490.1,M,partial,Orthohantavirus puumalaense
3066,GQ339491.1,M,partial,Orthohantavirus puumalaense
3067,GQ339492.1,M,partial,Orthohantavirus puumalaense
3068,GQ339493.1,M,partial,Orthohantavirus puumalaense
3069,GQ339494.1,M,partial,Orthohantavirus puumalaense
3070,GQ339495.1,M,partial,Orthohantavirus puumalaense
3071,FN377821.1,S,partial,Orthohantavirus puumalaense
3072,FN377822.1,S,partial,Orthohantavirus puumalaense
3073,FN377823.1,M,partial,Orthohantavirus puumalaense
3074,FN377824.1,M,partial,Orthohantavirus puumalaense
3075,FN377825.1,M,partial,Orthohantavirus puumalaense
3076,FJ717661.1,S,partial,Orthohantavirus puumalaense
3077,FJ717662.1,S,partial,Orthohantavirus puumalaense
3078,FJ717663.1,S,partial,Orthohantavirus puumalaense
3079,FJ717664.1,S,partial,Orthohantavirus puumalaense
3080,FJ717665.1,S,partial,Orthohantavirus puumalaense
3081,FJ717666.1,M,partial,Orthohantavirus puumalaense
3082,FJ717667.1,M,partial,Orthohantavirus puumalaense
3083,FJ717668.1,M,partial,Orthohantavirus puumalaense
3084,FJ717669.1,M,partial,Orthohantavirus puumalaense
3085,FJ717670.1,M,partial,Orthohantavirus puumalaense
3086,FJ717671.1,M,partial,Orthohantavirus puumalaense
3087,FJ717672.1,M,partial,Orthohantavirus puumalaense
3088,FJ717673.1,L,partial,Orthohantavirus puumalaense
3089,FJ717674.1,L,partial,Orthohantavirus puumalaense
3090,FJ717675.1,L,partial,Orthohantavirus puumalaense
3091,FJ717676.1,L,partial,Orthohantavirus puumalaense
3092,FJ717677.1,L,partial,Orthohantavirus puumalaense
3093,FJ717678.1,L,partial,Orthohantavirus puumalaense
3094,FJ717679.1,L,partial,Orthohantavirus puumalaense
3095,EU439968.1,S,partial,Orthohantavirus puumalaense
3096,EU439969.1,S,partial,Orthohantavirus puumalaense
3097,EU439970.1,S,partial,Orthohantavirus puumalaense
3098,EU439971.1,S,partial,Orthohantavirus puumalaense
3099,EU439972.1,S,partial,Orthohantavirus puumalaense
3100,EU833888.1,S,partial,Orthohantavirus puumalaense
3101,EU266757.1,S,partial,Orthohantavirus puumalaense
3102,EU266758.1,S,partial,Orthohantavirus puumalaense
3103,EU266759.1,S,partial,Orthohantavirus puumalaense
3104,EU266760.1,S,partial,Orthohantavirus puumalaense
3105,EU266761.1,S,partial,Orthohantavirus puumalaense
3106,EU266762.1,S,partial,Orthohantavirus puumalaense
3107,EU266763.1,S,partial,Orthohantavirus puumalaense
3108,EU266764.1,S,partial,Orthohantavirus puumalaense
3109,EU266765.1,S,partial,Orthohantavirus puumalaense
3110,EU266766.1,S,partial,Orthohantavirus puumalaense
3111,EU266767.1,S,partial,Orthohantavirus puumalaense
3112,EU266768.1,S,partial,Orthohantavirus puumalaense
3113,EU266769.1,S,partial,Orthohantavirus puumalaense
3114,EU266770.1,S,partial,Orthohantavirus puumalaense
3115,EU266771.1,S,partial,Orthohantavirus puumalaense
3116,EU266772.1,S,partial,Orthohantavirus puumalaense
3120,AM980517.1,S,partial,Orthohantavirus puumalaense
3121,AM980518.1,S,partial,Orthohantavirus puumalaense
3122,AM980519.1,S,partial,Orthohantavirus puumalaense
3123,AM980520.1,S,partial,Orthohantavirus puumalaense
3124,AM980521.1,S,partial,Orthohantavirus puumalaense
3125,AM980522.1,S,partial,Orthohantavirus puumalaense
3126,AM980523.1,S,partial,Orthohantavirus puumalaense
3127,AM980524.1,M,partial,Orthohantavirus puumalaense
3128,AM980525.1,M,partial,Orthohantavirus puumalaense
3129,AM980526.1,M,partial,Orthohantavirus puumalaense
3130,AM980527.1,M,partial,Orthohantavirus puumalaense
3131,AM980528.1,M,partial,Orthohantavirus puumalaense
3132,AM980529.1,M,partial,Orthohantavirus puumalaense
3133,AM980530.1,M,partial,Orthohantavirus puumalaense
3134,AM980531.1,M,partial,Orthohantavirus puumalaense
3135,AM980532.1,M,partial,Orthohantavirus puumalaense
3136,AM980533.1,M,partial,Orthohantavirus puumalaense
3137,AM980534.1,M,partial,Orthohantavirus puumalaense
3138,AM980535.1,M,partial,Orthohantavirus puumalaense
3139,AM980536.1,L,partial,Orthohantavirus puumalaense
3140,AM980537.1,L,partial,Orthohantavirus puumalaense
3141,AM980538.1,L,partial,Orthohantavirus puumalaense
3142,AM980539.1,L,partial,Orthohantavirus puumalaense
3143,AM980540.1,L,partial,Orthohantavirus puumalaense
3144,AM980541.1,L,partial,Orthohantavirus puumalaense
3145,AM980542.1,L,partial,Orthohantavirus puumalaense
3146,AM980543.1,L,partial,Orthohantavirus puumalaense
3147,AM980544.1,L,partial,Orthohantavirus puumalaense
3148,AM980545.1,L,partial,Orthohantavirus puumalaense
3149,AM980546.1,L,partial,Orthohantavirus puumalaense
3150,AM980547.1,L,partial,Orthohantavirus puumalaense
3151,AM980548.1,L,partial,Orthohantavirus puumalaense
3152,AM980549.1,L,partial,Orthohantavirus puumalaense
3153,AM980550.1,L,partial,Orthohantavirus puumalaense
3154,AM980551.1,L,partial,Orthohantavirus puumalaense
3155,AM980552.1,L,partial,Orthohantavirus puumalaense
3156,EU652421.1,M,partial,Orthohantavirus puumalaense
3157,EU652422.1,S,partial,Orthohantavirus puumalaense
3158,EU652423.1,S,partial,Orthohantavirus puumalaense
3159,EU652424.1,S,partial,Orthohantavirus puumalaense
3160,EU652425.1,S,partial,Orthohantavirus puumalaense
3161,EU652426.1,S,partial,Orthohantavirus puumalaense
3162,EU652427.1,S,partial,Orthohantavirus puumalaense
3163,EU652428.1,S,partial,Orthohantavirus puumalaense
3164,EU652429.1,S,partial,Orthohantavirus puumalaense
3165,EU652430.1,S,partial,Orthohantavirus puumalaense
3166,EU652432.1,S,partial,Orthohantavirus puumalaense
3167,EU652433.1,S,partial,Orthohantavirus puumalaense
3168,EU652434.1,S,partial,Orthohantavirus puumalaense
3169,EU652435.1,S,partial,Orthohantavirus puumalaense
3170,EU652436.1,S,partial,Orthohantavirus puumalaense
3171,EU652437.1,S,partial,Orthohantavirus puumalaense
3172,EU652438.1,S,partial,Orthohantavirus puumalaense
3173,EU652439.1,S,partial,Orthohantavirus puumalaense
3174,EU652440.1,S,partial,Orthohantavirus puumalaense
3175,EU652441.1,S,partial,Orthohantavirus puumalaense
3176,EU652442.1,S,partial,Orthohantavirus puumalaense
3177,EU652443.1,S,partial,Orthohantavirus puumalaense
3178,EU562967.1,M,partial,Orthohantavirus puumalaense
3179,EU562968.1,M,partial,Orthohantavirus puumalaense
3180,EU562969.1,M,partial,Orthohantavirus puumalaense
3181,EU562970.1,M,partial,Orthohantavirus puumalaense
3182,EU562971.1,M,partial,Orthohantavirus puumalaense
3183,EU562972.1,M,partial,Orthohantavirus puumalaense
3184,EU562973.1,M,partial,Orthohantavirus puumalaense
3185,EU562974.1,M,partial,Orthohantavirus puumalaense
3186,EU562975.1,M,partial,Orthohantavirus puumalaense
3187,EU562976.1,M,partial,Orthohantavirus puumalaense
3188,EU562977.1,M,partial,Orthohantavirus puumalaense
3189,EU562978.1,M,partial,Orthohantavirus puumalaense
3190,EU562979.1,M,partial,Orthohantavirus puumalaense
3191,EU562980.1,M,partial,Orthohantavirus puumalaense
3192,EU562981.1,M,partial,Orthohantavirus puumalaense
3193,EU562982.1,M,partial,Orthohantavirus puumalaense
3194,EU562983.1,M,partial,Orthohantavirus puumalaense
3195,EU562984.1,M,partial,Orthohantavirus puumalaense
3196,EU562985.1,M,partial,Orthohantavirus puumalaense
3197,EU562986.1,M,partial,Orthohantavirus puumalaense
3198,EU562987.1,M,partial,Orthohantavirus puumalaense
3199,EU562988.1,M,partial,Orthohantavirus puumalaense
3200,EU562997.1,S,partial,Orthohantavirus puumalaense
3201,EU562998.1,S,partial,Orthohantavirus puumalaense
3202,EU562999.1,S,partial,Orthohantavirus puumalaense
3203,EU563000.1,S,partial,Orthohantavirus puumalaense
3204,EU563001.1,S,partial,Orthohantavirus puumalaense
3205,EU563002.1,S,partial,Orthohantavirus puumalaense
3206,EU563003.1,S,partial,Orthohantavirus puumalaense
3207,EU563004.1,S,partial,Orthohantavirus puumalaense
3208,EU563005.1,S,partial,Orthohantavirus puumalaense
3209,EU563006.1,S,partial,Orthohantavirus puumalaense
3210,EU563007.1,S,partial,Orthohantavirus puumalaense
3211,EU563008.1,S,partial,Orthohantavirus puumalaense
3212,EU563009.1,S,partial,Orthohantavirus puumalaense
3213,EU563010.1,S,partial,Orthohantavirus puumalaense
3214,EU563011.1,S,partial,Orthohantavirus puumalaense
3215,EU563012.1,S,partial,Orthohantavirus puumalaense
3216,EU563013.1,S,partial,Orthohantavirus puumalaense
3217,EU563014.1,S,partial,Orthohantavirus puumalaense
3218,EU563015.1,S,partial,Orthohantavirus puumalaense
3219,EU563016.1,S,partial,Orthohantavirus puumalaense
3220,EU563017.1,S,partial,Orthohantavirus puumalaense
3221,EU563018.1,S,partial,Orthohantavirus puumalaense
3222,AB433842.1,S,partial,Orthohantavirus puumalaense
3223,AB433843.2,S,partial,Orthohantavirus puumalaense
3224,AB433844.1,S,partial,Orthohantavirus puumalaense
3225,AB433845.2,S,partial,Orthohantavirus puumalaense
3226,AB433846.1,S,partial,Orthohantavirus puumalaense
3227,AB433847.1,S,partial,Orthohantavirus puumalaense
3228,AB433848.1,S,partial,Orthohantavirus puumalaense
3229,AB433849.1,M,partial,Orthohantavirus puumalaense
3230,AB433850.2,M,partial,Orthohantavirus puumalaense
3231,AB433851.1,M,partial,Orthohantavirus puumalaense
3232,AB433852.2,M,partial,Orthohantavirus puumalaense
3233,AB433853.1,M,partial,Orthohantavirus puumalaense
3234,AB433854.1,M,partial,Orthohantavirus puumalaense
3235,AB433855.1,M,partial,Orthohantavirus puumalaense
3236,EU549802.1,S,partial,Orthohantavirus puumalaense
3237,EU549803.1,S,partial,Orthohantavirus puumalaense
3238,EU549804.1,S,partial,Orthohantavirus puumalaense
3239,EU549805.1,S,partial,Orthohantavirus puumalaense
3240,EU549806.1,S,partial,Orthohantavirus puumalaense
3241,EU549807.1,S,partial,Orthohantavirus puumalaense
3242,EU549808.1,S,partial,Orthohantavirus puumalaense
3243,EU549809.1,S,partial,Orthohantavirus puumalaense
3244,EU549810.1,S,partial,Orthohantavirus puumalaense
3245,EU549811.1,S,partial,Orthohantavirus puumalaense
3246,EU549813.1,S,partial,Orthohantavirus puumalaense
3247,EU549814.1,S,partial,Orthohantavirus puumalaense
3248,EU549815.1,S,partial,Orthohantavirus puumalaense
3249,EU177629.1,S,partial,Orthohantavirus puumalaense
3250,EU177630.1,S,partial,Orthohantavirus puumalaense
3251,EU337014.1,S,partial,Orthohantavirus puumalaense
3252,EU337015.1,S,partial,Orthohantavirus puumalaense
3253,EU337016.1,S,partial,Orthohantavirus puumalaense
3254,EU337017.1,S,partial,Orthohantavirus puumalaense
3258,DQ322669.1,S,partial,Orthohantavirus puumalaense
3259,DQ322670.1,S,partial,Orthohantavirus puumalaense
3260,DQ322671.1,S,partial,Orthohantavirus puumalaense
3261,DQ322672.1,S,partial,Orthohantavirus puumalaense
3262,DQ322673.1,S,partial,Orthohantavirus puumalaense
3263,DQ322674.1,S,partial,Orthohantavirus puumalaense
3264,DQ322675.1,S,partial,Orthohantavirus puumalaense
3265,DQ322676.1,S,partial,Orthohantavirus puumalaense
3266,DQ322677.1,S,partial,Orthohantavirus puumalaense
3267,DQ322678.1,S,partial,Orthohantavirus puumalaense
3268,DQ322679.1,S,partial,Orthohantavirus puumalaense
3269,DQ322680.1,S,partial,Orthohantavirus puumalaense
3270,DQ322681.1,S,partial,Orthohantavirus puumalaense
3271,EU246962.1,S,partial,Orthohantavirus puumalaense
3272,EU246963.1,S,partial,Orthohantavirus puumalaense
3273,EU246964.1,S,partial,Orthohantavirus puumalaense
3274,EU246965.1,S,partial,Orthohantavirus puumalaense
3275,EU246966.1,S,partial,Orthohantavirus puumalaense
3276,EU246967.1,S,partial,Orthohantavirus puumalaense
3277,EU246968.1,S,partial,Orthohantavirus puumalaense
3278,EU246969.1,M,partial,Orthohantavirus puumalaense
3279,EU246970.1,M,partial,Orthohantavirus puumalaense
3280,EU246971.1,M,partial,Orthohantavirus puumalaense
3281,EU246972.1,M,partial,Orthohantavirus puumalaense
3282,EU250755.1,M,partial,Orthohantavirus puumalaense
3283,EU250756.1,M,partial,Orthohantavirus puumalaense
3284,EF625237.1,S,partial,Orthohantavirus puumalaense
3285,AM695638.1,S,partial,Orthohantavirus puumalaense
3286,AM695639.1,M,partial,Orthohantavirus puumalaense
3287,EU004029.1,S,partial,Orthohantavirus puumalaense
3288,EU004030.1,S,partial,Orthohantavirus puumalaense
3289,EU004031.1,S,partial,Orthohantavirus puumalaense
3290,EU004032.1,S,partial,Orthohantavirus puumalaense
3291,EU004033.1,S,partial,Orthohantavirus puumalaense
3292,EU004034.1,S,partial,Orthohantavirus puumalaense
3293,EU004035.1,S,partial,Orthohantavirus puumalaense
3294,EU004036.1,S,partial,Orthohantavirus puumalaense
3295,EU085558.1,S,partial,Orthohantavirus puumalaense
3296,EU085559.1,S,partial,Orthohantavirus puumalaense
3297,EU085560.1,S,partial,Orthohantavirus puumalaense
3298,EU085561.1,S,partial,Orthohantavirus puumalaense
3299,EU085562.1,S,partial,Orthohantavirus puumalaense
3300,EU085563.1,S,partial,Orthohantavirus puumalaense
3301,EU085564.1,S,partial,Orthohantavirus puumalaense
3302,EU085565.1,S,partial,Orthohantavirus puumalaense
3303,EU085566.1,S,partial,Orthohantavirus puumalaense
3304,EU085567.1,M,partial,Orthohantavirus puumalaense
3305,EU069361.1,M,partial,Orthohantavirus puumalaense
3306,AM746297.1,S,partial,Orthohantavirus puumalaense
3307,AM746298.1,S,partial,Orthohantavirus puumalaense
3308,AM746299.1,S,partial,Orthohantavirus puumalaense
3309,AM746300.1,S,partial,Orthohantavirus puumalaense
3310,AM746301.1,S,partial,Orthohantavirus puumalaense
3311,AM746302.1,S,partial,Orthohantavirus puumalaense
3312,AM746303.1,S,partial,Orthohantavirus puumalaense
3313,AM746304.1,S,partial,Orthohantavirus puumalaense
3314,AM746305.1,S,partial,Orthohantavirus puumalaense
3315,AM746306.1,S,partial,Orthohantavirus puumalaense
3316,AM746307.1,S,partial,Orthohantavirus puumalaense
3317,AM746308.1,S,partial,Orthohantavirus puumalaense
3318,AM746309.1,S,partial,Orthohantavirus puumalaense
3319,AM746310.1,S,partial,Orthohantavirus puumalaense
3320,AM746311.1,S,partial,Orthohantavirus puumalaense
3321,AM746312.1,S,partial,Orthohantavirus puumalaense
3322,AM746313.1,S,partial,Orthohantavirus puumalaense
3323,AM746314.1,S,partial,Orthohantavirus puumalaense
3324,AM746315.1,S,partial,Orthohantavirus puumalaense
3325,AM746316.1,S,partial,Orthohantavirus puumalaense
3326,AM746317.1,S,partial,Orthohantavirus puumalaense
3327,AM746318.1,S,partial,Orthohantavirus puumalaense
3328,AM746319.1,S,partial,Orthohantavirus puumalaense
3329,AM746320.1,S,partial,Orthohantavirus puumalaense
3330,AM746321.1,S,partial,Orthohantavirus puumalaense
3331,AM746322.1,S,partial,Orthohantavirus puumalaense
3332,AM746323.1,S,partial,Orthohantavirus puumalaense
3333,AM746324.1,S,partial,Orthohantavirus puumalaense
3334,AM746325.1,S,partial,Orthohantavirus puumalaense
3335,AM746326.1,S,partial,Orthohantavirus puumalaense
3336,AM746327.1,S,partial,Orthohantavirus puumalaense
3337,AM746328.1,S,partial,Orthohantavirus puumalaense
3338,AM746329.1,S,partial,Orthohantavirus puumalaense
3339,AM746330.1,S,partial,Orthohantavirus puumalaense
3340,AM746331.1,S,partial,Orthohantavirus puumalaense
3341,AM746332.1,S,partial,Orthohantavirus puumalaense
3342,AM746333.1,S,partial,Orthohantavirus puumalaense
3343,DQ518211.1,M,partial,Orthohantavirus puumalaense
3344,DQ518212.1,M,partial,Orthohantavirus puumalaense
3345,DQ518213.1,M,partial,Orthohantavirus puumalaense
3346,DQ518214.1,M,partial,Orthohantavirus puumalaense
3347,DQ518215.1,M,partial,Orthohantavirus puumalaense
3348,DQ518216.1,M,partial,Orthohantavirus puumalaense
3349,DQ518217.1,M,partial,Orthohantavirus puumalaense
3350,DQ518218.1,M,partial,Orthohantavirus puumalaense
3351,DQ518219.1,M,partial,Orthohantavirus puumalaense
3352,DQ518220.1,M,partial,Orthohantavirus puumalaense
3353,DQ518221.1,M,partial,Orthohantavirus puumalaense
3354,DQ518222.1,M,partial,Orthohantavirus puumalaense
3355,DQ518223.1,M,partial,Orthohantavirus puumalaense
3356,DQ518224.1,M,partial,Orthohantavirus puumalaense
3357,DQ518225.1,M,partial,Orthohantavirus puumalaense
3358,DQ518226.1,M,partial,Orthohantavirus puumalaense
3359,DQ518227.1,M,partial,Orthohantavirus puumalaense
3360,DQ518228.1,M,partial,Orthohantavirus puumalaense
3361,DQ518229.1,M,partial,Orthohantavirus puumalaense
3362,DQ518230.1,M,partial,Orthohantavirus puumalaense
3363,DQ518231.1,M,partial,Orthohantavirus puumalaense
3364,DQ518232.1,M,partial,Orthohantavirus puumalaense
3365,DQ518233.1,M,partial,Orthohantavirus puumalaense
3366,DQ518234.1,M,partial,Orthohantavirus puumalaense
3367,DQ518235.1,M,partial,Orthohantavirus puumalaense
3368,DQ518236.1,M,partial,Orthohantavirus puumalaense
3369,DQ518237.1,M,partial,Orthohantavirus puumalaense
3370,EF488803.1,S,partial,Orthohantavirus puumalaense
3371,EF488804.1,S,partial,Orthohantavirus puumalaense
3372,EF488805.1,S,partial,Orthohantavirus puumalaense
3373,EF488806.1,S,partial,Orthohantavirus puumalaense
3374,EF442087.1,S,complete,Orthohantavirus puumalaense
3375,EF442088.1,S,partial,Orthohantavirus puumalaense
3376,EF442089.1,S,partial,Orthohantavirus puumalaense
3377,EF442090.1,S,partial,Orthohantavirus puumalaense
3378,EF442091.1,S,partial,Orthohantavirus puumalaense
3379,EF442092.1,S,partial,Orthohantavirus puumalaense
3380,EF442093.1,M,partial,Orthohantavirus puumalaense
3381,EF442094.1,M,partial,Orthohantavirus puumalaense
3382,EF442095.1,M,partial,Orthohantavirus puumalaense
3383,AB297665.2,S,partial,Orthohantavirus puumalaense
3384,AB297666.2,M,partial,Orthohantavirus puumalaense
3385,AB297667.2,L,partial,Orthohantavirus puumalaense
3386,EF422372.2,M,partial,Orthohantavirus puumalaense
3387,DQ408268.1,S,partial,Orthohantavirus puumalaense
3388,DQ408269.1,S,partial,Orthohantavirus puumalaense
3389,DQ408270.1,S,partial,Orthohantavirus puumalaense
3390,DQ408271.1,S,partial,Orthohantavirus puumalaense
3391,DQ408272.1,S,partial,Orthohantavirus puumalaense
3392,DQ408273.1,S,partial,Orthohantavirus puumalaense
3393,DQ408274.1,S,partial,Orthohantavirus puumalaense
3394,DQ408275.1,S,partial,Orthohantavirus puumalaense
3395,DQ408276.1,S,partial,Orthohantavirus puumalaense
3396,EF405801.1,L,complete,Orthohantavirus puumalaense
3397,EF198413.1,M,partial,Orthohantavirus puumalaense
3398,EF211819.1,S,partial,Orthohantavirus puumalaense
3399,EF211820.1,S,partial,Orthohantavirus puumalaense
3400,EF211821.1,S,partial,Orthohantavirus puumalaense
3401,EF211822.1,S,partial,Orthohantavirus puumalaense
3402,EF211823.1,S,partial,Orthohantavirus puumalaense
3403,EF211824.1,S,partial,Orthohantavirus puumalaense
3404,EF211825.1,S,partial,Orthohantavirus puumalaense
3405,DQ091190.1,S,partial,Orthohantavirus puumalaense
3406,DQ091191.1,S,partial,Orthohantavirus puumalaense
3407,DQ091192.1,S,partial,Orthohantavirus puumalaense
3408,AY954722.2,S,partial,Orthohantavirus puumalaense
3409,AY954723.2,S,partial,Orthohantavirus puumalaense
3410,AY954724.2,S,partial,Orthohantavirus puumalaense
3411,AY954725.2,S,partial,Orthohantavirus puumalaense
3412,AJ888731.1,S,partial,Orthohantavirus puumalaense
3413,AJ888732.1,S,partial,Orthohantavirus puumalaense
3414,AJ888733.1,S,partial,Orthohantavirus puumalaense
3415,AJ888734.1,S,partial,Orthohantavirus puumalaense
3416,AJ888735.1,S,partial,Orthohantavirus puumalaense
3417,AJ888736.1,S,partial,Orthohantavirus puumalaense
3418,AJ888737.1,S,partial,Orthohantavirus puumalaense
3419,AJ888738.1,S,partial,Orthohantavirus puumalaense
3420,AJ888739.1,S,partial,Orthohantavirus puumalaense
3421,AJ888740.1,S,partial,Orthohantavirus puumalaense
3422,AJ888741.1,M,partial,Orthohantavirus puumalaense
3423,AJ888742.1,M,partial,Orthohantavirus puumalaense
3424,AJ888743.1,M,partial,Orthohantavirus puumalaense
3425,AJ888744.1,M,partial,Orthohantavirus puumalaense
3426,AJ888745.1,M,partial,Orthohantavirus puumalaense
3427,AJ888746.1,M,partial,Orthohantavirus puumalaense
3428,AJ888747.1,M,partial,Orthohantavirus puumalaense
3429,AJ888748.1,M,partial,Orthohantavirus puumalaense
3430,AJ888749.1,M,partial,Orthohantavirus puumalaense
3431,AJ888750.1,M,partial,Orthohantavirus puumalaense
3432,AJ888751.1,S,partial,Orthohantavirus puumalaense
3433,AJ888752.1,S,partial,Orthohantavirus puumalaense
3434,AJ888753.1,M,partial,Orthohantavirus puumalaense
3435,AJ888754.1,M,partial,Orthohantavirus puumalaense
3436,DQ094844.1,S,partial,Orthohantavirus puumalaense
3437,AJ877240.1,M,partial,Orthohantavirus puumalaense
3438,AJ877241.1,M,partial,Orthohantavirus puumalaense
3439,AJ877242.1,M,partial,Orthohantavirus puumalaense
3440,AJ877243.1,M,partial,Orthohantavirus puumalaense
3441,AJ877244.1,M,partial,Orthohantavirus puumalaense
3442,AJ877245.1,S,partial,Orthohantavirus puumalaense
3443,AJ877246.1,S,partial,Orthohantavirus puumalaense
3444,DQ138125.1,M,partial,Orthohantavirus puumalaense
3445,DQ138127.1,M,partial,Orthohantavirus puumalaense
3446,DQ138128.1,S,partial,Orthohantavirus puumalaense
3447,DQ138129.1,S,partial,Orthohantavirus puumalaense
3448,DQ138130.1,S,partial,Orthohantavirus puumalaense
3449,DQ138131.1,S,partial,Orthohantavirus puumalaense
3450,DQ138132.1,M,partial,Orthohantavirus puumalaense
3451,DQ138133.1,S,partial,Orthohantavirus puumalaense
3452,DQ138134.1,M,partial,Orthohantavirus puumalaense
3453,DQ138135.1,S,partial,Orthohantavirus puumalaense
3454,DQ138136.1,S,partial,Orthohantavirus puumalaense
3455,DQ138137.1,M,partial,Orthohantavirus puumalaense
3456,DQ138138.1,S,partial,Orthohantavirus puumalaense
3457,DQ138139.1,M,partial,Orthohantavirus puumalaense
3458,DQ138140.1,S,partial,Orthohantavirus puumalaense
3459,DQ138141.1,M,partial,Orthohantavirus puumalaense
3460,DQ138142.1,S,partial,Orthohantavirus puumalaense
3461,DQ138143.1,S,partial,Orthohantavirus puumalaense
3462,DQ138144.1,S,partial,Orthohantavirus puumalaense
3463,DQ061259.1,S,partial,Orthohantavirus puumalaense
3464,DQ061260.1,S,partial,Orthohantavirus puumalaense
3465,DQ061261.1,S,partial,Orthohantavirus puumalaense
3466,DQ061262.1,S,partial,Orthohantavirus puumalaense
3467,DQ061263.1,S,partial,Orthohantavirus puumalaense
3468,DQ061264.1,S,partial,Orthohantavirus puumalaense
3469,DQ061270.1,M,partial,Orthohantavirus puumalaense
3470,DQ061271.1,M,partial,Orthohantavirus puumalaense
3471,DQ061272.1,M,partial,Orthohantavirus puumalaense
3472,DQ064647.1,S,partial,Orthohantavirus puumalaense
3473,DQ064648.1,S,partial,Orthohantavirus puumalaense
3474,DQ064649.1,S,partial,Orthohantavirus puumalaense
3475,DQ064650.1,S,partial,Orthohantavirus puumalaense
3476,DQ064651.1,S,partial,Orthohantavirus puumalaense
3477,DQ064652.1,S,partial,Orthohantavirus puumalaense
3478,DQ064653.1,S,partial,Orthohantavirus puumalaense
3479,DQ064654.1,S,partial,Orthohantavirus puumalaense
3480,DQ064655.1,S,partial,Orthohantavirus puumalaense
3481,DQ064656.1,S,partial,Orthohantavirus puumalaense
3482,DQ064657.1,S,partial,Orthohantavirus puumalaense
3483,DQ064658.1,S,partial,Orthohantavirus puumalaense
3484,DQ064659.1,S,partial,Orthohantavirus puumalaense
3485,DQ064660.1,S,partial,Orthohantavirus puumalaense
3486,DQ064661.1,S,partial,Orthohantavirus puumalaense
3487,DQ064662.1,S,partial,Orthohantavirus puumalaense
3488,DQ064663.1,S,partial,Orthohantavirus puumalaense
3489,DQ064664.1,S,partial,Orthohantavirus puumalaense
3490,DQ064665.1,S,partial,Orthohantavirus puumalaense
3491,DQ064666.1,S,partial,Orthohantavirus puumalaense
3492,DQ064667.1,S,partial,Orthohantavirus puumalaense
3493,DQ064668.1,S,partial,Orthohantavirus puumalaense
3494,DQ064669.1,S,partial,Orthohantavirus puumalaense
3495,DQ064670.1,S,partial,Orthohantavirus puumalaense
3496,DQ064671.1,S,partial,Orthohantavirus puumalaense
3497,DQ064672.1,S,partial,Orthohantavirus puumalaense
3498,DQ064673.1,S,partial,Orthohantavirus puumalaense
3499,DQ064674.1,S,partial,Orthohantavirus puumalaense
3500,DQ064675.1,S,partial,Orthohantavirus puumalaense
3501,DQ064676.1,S,partial,Orthohantavirus puumalaense
3502,DQ064677.1,S,partial,Orthohantavirus puumalaense
3503,DQ064678.1,S,partial,Orthohantavirus puumalaense
3504,DQ064679.1,S,partial,Orthohantavirus puumalaense
3505,DQ064680.1,S,partial,Orthohantavirus puumalaense
3506,DQ064681.1,S,partial,Orthohantavirus puumalaense
3507,DQ064682.1,S,partial,Orthohantavirus puumalaense
3508,DQ064683.1,S,partial,Orthohantavirus puumalaense
3509,DQ064684.1,S,partial,Orthohantavirus puumalaense
3510,DQ064685.1,S,partial,Orthohantavirus puumalaense
3511,DQ064686.1,S,partial,Orthohantavirus puumalaense
3512,DQ064687.1,S,partial,Orthohantavirus puumalaense
3513,DQ064688.1,S,partial,Orthohantavirus puumalaense
3514,DQ064689.1,S,partial,Orthohantavirus puumalaense
3515,DQ016430.2,S,partial,Orthohantavirus puumalaense
3516,DQ016431.2,S,partial,Orthohantavirus puumalaense
3517,DQ016432.2,S,partial,Orthohantavirus puumalaense
3518,AJ430468.1,S,partial,Orthohantavirus puumalaense
3519,AY491381.1,M,partial,Orthohantavirus puumalaense
3520,AY491382.1,M,partial,Orthohantavirus puumalaense
3521,AY491383.1,M,partial,Orthohantavirus puumalaense
3522,AY491384.1,M,partial,Orthohantavirus puumalaense
3523,AY526217.1,L,complete,Orthohantavirus puumalaense
3524,AY526218.1,M,complete,Orthohantavirus puumalaense
3525,AY526219.1,S,complete,Orthohantavirus puumalaense
3526,AJ314597.1,S,partial,Orthohantavirus puumalaense
3527,AJ314598.1,S,partial,Orthohantavirus puumalaense
3528,AJ314599.1,S,partial,Orthohantavirus puumalaense
3529,AJ314600.1,S,partial,Orthohantavirus puumalaense
3530,AJ314601.1,S,partial,Orthohantavirus puumalaense
3531,AJ416350.1,M,partial,Orthohantavirus puumalaense
3532,AY365041.1,S,partial,Orthohantavirus puumalaense
3533,AY217102.1,S,partial,Orthohantavirus puumalaense
3534,AY197740.1,S,partial,Orthohantavirus puumalaense
3535,AJ505864.1,S,partial,Orthohantavirus puumalaense
3536,AJ505865.1,S,partial,Orthohantavirus puumalaense
3537,AJ505866.1,S,partial,Orthohantavirus puumalaense
3538,AF538863.1,S,partial,Orthohantavirus puumalaense
3539,AY101391.1,S,partial,Orthohantavirus puumalaense
3540,AF448279.1,M,partial,Orthohantavirus puumalaense
3541,AF442613.1,S,partial,Orthohantavirus puumalaense
3542,AF442614.1,M,partial,Orthohantavirus puumalaense
3543,AF442615.1,M,partial,Orthohantavirus puumalaense
3544,AF442616.1,M,partial,Orthohantavirus puumalaense
3545,AF442617.1,M,partial,Orthohantavirus puumalaense
3546,AF447072.1,M,partial,Orthohantavirus puumalaense
3547,AF411446.1,S,partial,Orthohantavirus puumalaense
3548,AF411447.1,S,partial,Orthohantavirus puumalaense
3549,AF411448.1,S,partial,Orthohantavirus puumalaense
3550,AF411449.1,S,partial,Orthohantavirus puumalaense
3551,AJ277030.1,S,partial,Orthohantavirus puumalaense
3552,AF367055.1,M,partial,Orthohantavirus puumalaense
3553,AF367056.1,M,partial,Orthohantavirus puumalaense
3554,AF367057.1,M,partial,Orthohantavirus puumalaense
3555,AF367058.1,M,partial,Orthohantavirus puumalaense
3556,AF367059.1,M,partial,Orthohantavirus puumalaense
3557,AF367060.1,M,partial,Orthohantavirus puumalaense
3558,AF367061.1,M,partial,Orthohantavirus puumalaense
3559,AF367062.1,M,partial,Orthohantavirus puumalaense
3560,AF367063.1,M,partial,Orthohantavirus puumalaense
3561,AF367064.1,S,partial,Orthohantavirus puumalaense
3562,AF367065.1,S,partial,Orthohantavirus puumalaense
3563,AF367066.1,S,partial,Orthohantavirus puumalaense
3564,AF367067.1,S,partial,Orthohantavirus puumalaense
3565,AF367068.1,S,partial,Orthohantavirus puumalaense
3566,AF367069.1,S,partial,Orthohantavirus puumalaense
3567,AF367070.1,S,partial,Orthohantavirus puumalaense
3568,AF367071.1,S,partial,Orthohantavirus puumalaense
3569,AJ277031.1,S,partial,Orthohantavirus puumalaense
3570,AJ277032.1,S,partial,Orthohantavirus puumalaense
3571,AJ277033.1,S,partial,Orthohantavirus puumalaense
3572,AJ277034.1,S,partial,Orthohantavirus puumalaense
3573,AJ277035.1,S,partial,Orthohantavirus puumalaense
3574,AJ277036.1,S,partial,Orthohantavirus puumalaense
3575,AJ277037.1,S,partial,Orthohantavirus puumalaense
3576,AJ277038.1,S,partial,Orthohantavirus puumalaense
3577,AJ277039.1,S,partial,Orthohantavirus puumalaense
3578,AJ277040.1,M,partial,Orthohantavirus puumalaense
3579,AJ277041.1,M,partial,Orthohantavirus puumalaense
3580,AJ277042.1,M,partial,Orthohantavirus puumalaense
3581,AJ277043.1,M,partial,Orthohantavirus puumalaense
3582,AJ277044.1,M,partial,Orthohantavirus puumalaense
3583,AJ277045.1,M,partial,Orthohantavirus puumalaense
3584,AJ277075.1,S,partial,Orthohantavirus puumalaense
3585,AJ277076.1,S,partial,Orthohantavirus puumalaense
3586,AF352567.1,M,partial,Orthohantavirus puumalaense
3587,AF294652.1,S,partial,Orthohantavirus puumalaense
3588,AJ278086.1,M,partial,Orthohantavirus puumalaense
3589,AJ278087.1,M,partial,Orthohantavirus puumalaense
3590,AJ278089.1,M,partial,Orthohantavirus puumalaense
3591,AJ278090.1,M,partial,Orthohantavirus puumalaense
3592,AJ278091.1,M,partial,Orthohantavirus puumalaense
3593,AJ278092.1,S,partial,Orthohantavirus puumalaense
3594,AJ278093.1,S,partial,Orthohantavirus puumalaense
3595,AF284341.1,S,partial,Orthohantavirus puumalaense
3596,AF284343.1,S,partial,Orthohantavirus puumalaense
3597,AF284344.1,S,partial,Orthohantavirus puumalaense
3598,AJ238788.1,S,partial,Orthohantavirus puumalaense
3599,AJ238789.1,S,partial,Orthohantavirus puumalaense
3600,AJ238790.1,S,partial,Orthohantavirus puumalaense
3601,AJ238791.1,S,partial,Orthohantavirus puumalaense
3602,AJ238133.1,S,partial,Orthohantavirus puumalaense
3603,AJ238134.1,S,partial,Orthohantavirus puumalaense
3604,AJ238135.1,S,partial,Orthohantavirus puumalaense
3605,AJ238136.1,S,partial,Orthohantavirus puumalaense
3606,AJ238137.1,S,partial,Orthohantavirus puumalaense
3607,AJ238138.1,S,partial,Orthohantavirus puumalaense
3608,AJ238139.1,M,partial,Orthohantavirus puumalaense
3609,AJ238140.1,M,partial,Orthohantavirus puumalaense
3610,AJ238141.1,M,partial,Orthohantavirus puumalaense
3611,AJ238142.1,M,partial,Orthohantavirus puumalaense
3612,AJ238143.1,M,partial,Orthohantavirus puumalaense
3613,AJ238144.1,M,partial,Orthohantavirus puumalaense
3614,AJ238145.1,M,partial,Orthohantavirus puumalaense
3615,AJ238778.1,M,partial,Orthohantavirus puumalaense
3616,AJ238779.1,S,partial,Orthohantavirus puumalaense
3617,AJ133581.1,S,partial,Orthohantavirus puumalaense
3618,AJ133582.1,M,partial,Orthohantavirus puumalaense
3619,AJ223367.1,M,partial,Orthohantavirus puumalaense
3620,AJ223368.1,S,partial,Orthohantavirus puumalaense
3621,AJ223369.1,S,partial,Orthohantavirus puumalaense
3622,AJ223370.1,S,partial,Orthohantavirus puumalaense
3623,AJ223371.1,S,partial,Orthohantavirus puumalaense
3624,AJ223372.1,S,partial,Orthohantavirus puumalaense
3625,AJ223373.1,S,partial,Orthohantavirus puumalaense
3626,AJ223374.1,S,partial,Orthohantavirus puumalaense
3627,AJ223375.1,S,partial,Orthohantavirus puumalaense
3628,AJ223376.1,S,partial,Orthohantavirus puumalaense
3629,AJ223377.1,S,partial,Orthohantavirus puumalaense
3630,AJ223378.1,S,partial,Orthohantavirus puumalaense
3631,AJ223379.1,S,partial,Orthohantavirus puumalaense
3632,AJ223380.1,S,partial,Orthohantavirus puumalaense
3633,AJ223381.1,S,partial,Orthohantavirus puumalaense
3634,AJ223382.1,S,partial,Orthohantavirus puumalaense
3635,AJ223383.1,S,partial,Orthohantavirus puumalaense
3636,AB011631.1,M,partial,Orthohantavirus puumalaense
3637,AB010730.1,S,partial,Orthohantavirus puumalaense
3638,AB010731.1,S,partial,Orthohantavirus puumalaense
3639,AB010732.1,S,partial,Orthohantavirus puumalaense
3640,AB010733.1,S,partial,Orthohantavirus puumalaense
3641,AB010734.1,S,partial,Orthohantavirus puumalaense
3642,AB010735.1,S,partial,Orthohantavirus puumalaense
3643,AB010736.1,S,partial,Orthohantavirus puumalaense
3644,AB010737.1,S,partial,Orthohantavirus puumalaense
3645,AB010738.1,S,partial,Orthohantavirus puumalaense
3646,AB010739.1,S,partial,Orthohantavirus puumalaense
3647,AB010799.1,S,partial,Orthohantavirus puumalaense
3648,AB010800.1,S,partial,Orthohantavirus puumalaense
3649,AB010801.1,S,partial,Orthohantavirus puumalaense
3650,AB010802.1,S,partial,Orthohantavirus puumalaense
3651,AB010803.1,S,partial,Orthohantavirus puumalaense
3652,AB010804.1,S,partial,Orthohantavirus puumalaense
3653,AB010805.1,S,partial,Orthohantavirus puumalaense
3654,AB010806.1,S,partial,Orthohantavirus puumalaense
3655,Z84204.1,S,partial,Orthohantavirus puumalaense
3656,Z84205.1,M,partial,Orthohantavirus puumalaense
3657,U95306.1,S,partial,Orthohantavirus puumalaense
3658,U95307.1,S,partial,Orthohantavirus puumalaense
3659,U95308.1,S,partial,Orthohantavirus puumalaense
3660,U77386.1,S,partial,Orthohantavirus puumalaense
3661,U77387.1,M,partial,Orthohantavirus puumalaense
3662,Z69985.1,S,partial,Orthohantavirus puumalaense
3663,Z69986.1,S,partial,Orthohantavirus puumalaense
3664,Z69987.1,S,partial,Orthohantavirus puumalaense
3665,Z69988.1,M,partial,Orthohantavirus puumalaense
3666,Z69989.1,S,partial,Orthohantavirus puumalaense
3667,Z69990.1,M,partial,Orthohantavirus puumalaense
3668,Z70201.1,M,partial,Orthohantavirus puumalaense
3669,Z48586.1,S,partial,Orthohantavirus puumalaense
3670,Z49214.1,M,partial,Orthohantavirus puumalaense
3671,Z66548.1,L,partial,Orthohantavirus puumalaense
3672,Z46942.1,S,partial,Orthohantavirus puumalaense
3673,U22418.1,M,partial,Orthohantavirus puumalaense
3674,U22423.1,S,partial,Orthohantavirus puumalaense
3675,U14136.1,M,partial,Orthohantavirus puumalaense
3676,U14137.1,S,partial,Orthohantavirus puumalaense
3677,Z30704.1,S,partial,Orthohantavirus puumalaense
3678,Z30705.1,S,partial,Orthohantavirus puumalaense
3679,Z30706.1,S,partial,Orthohantavirus puumalaense
3680,Z30707.1,S,partial,Orthohantavirus puumalaense
3681,Z30708.1,S,partial,Orthohantavirus puumalaense
3682,Z30703.1,S,partial,Orthohantavirus puumalaense
3683,L36943.1,S,partial,Orthohantavirus puumalaense
3684,L36944.1,M,partial,Orthohantavirus puumalaense
3685,Z30702.1,S,partial,Orthohantavirus puumalaense
3686,L08754.1,M,partial,Orthohantavirus puumalaense
3687,M29979.1,M,partial,Orthohantavirus puumalaense
3688,M32750.1,S,partial,Orthohantavirus puumalaense
3689,M63194.1,L,partial,Orthohantavirus puumalaense
3690,L08755.1,M,partial,Orthohantavirus puumalaense
3691,L08804.1,S,partial,Orthohantavirus puumalaense
3692,L11347.1,S,partial,Orthohantavirus puumalaense
3693,Z21509.1,M,partial,Orthohantavirus puumalaense
3694,Z21497.1,S,partial,Orthohantavirus puumalaense
3695,X61034.1,M,partial,Orthohantavirus puumalaense
3696,X61035.1,S,partial,Orthohantavirus puumalaense
