Accession,GenBank_RefSeq,Assembly,SRA_Accession,BioSample,BioProject,Organism_Name,Species,Genus,Family,Genotype,Isolate,Segment,GenBank_Title,Length,Nuc_Completeness,Geo_Location,Country,USA,Host,Tissue_Specimen_Source,Submitters,Organization,Org_location,Publications,Collection_Date,Release_Date,Molecule_type
NC_005233.1,RefSeq,GCF_000863045.1,,SAMEA3283064,PRJNA485481,Orthohantavirus dobravaense,Orthohantavirus dobravaense,Orthohantavirus,Hantaviridae,,,S,"Dobrava virus complete S segment gene for nucleocapsid protein, strain DOBV/Ano-Poroia/Afl9/1999",1673,complete,Greece:Ano-Poroia,Greece,,Apodemus flavicollis,,"Nemirov,K., Vapalahti,O., Papa,A., Plyusnina,A., Lundkvist,A., Antoniadis,A., Vaheri,A., Plyusnin,A.","National Center for Biotechnology Information, NIH",USA,1,,2003-11-25,ssRNA(-)
NC_005234.1,RefSeq,GCF_000863045.1,,SAMEA3283064,PRJNA485481,Orthohantavirus dobravaense,Orthohantavirus dobravaense,Orthohantavirus,Hantaviridae,,,M,"Dobrava virus complete M segment gene for glycoprotein precursor (G1-G2), strain DOBV/Ano-Poroia/Afl9/1999)",3635,complete,Greece:Ano-Poroia,Greece,,Apodemus flavicollis,,"Nemirov,K., Vapalahti,O., Papa,A., Plyusnina,A., Lundkvist,A., Antoniadis,A., Vaheri,A., Plyusnin,A.","National Center for Biotechnology Information, NIH",USA,1,,2003-11-25,ssRNA(-)
NC_005235.1,RefSeq,GCF_000863045.1,,SAMEA3283064,PRJNA485481,Orthohantavirus dobravaense,Orthohantavirus dobravaense,Orthohantavirus,Hantaviridae,,,L,"Dobrava virus complete L segment gene for polymerase protein, strain DOBV/Ano-Poroia/Afl9/1999)",6532,complete,Greece:Ano-Poroia,Greece,,Apodemus flavicollis,,"Nemirov,K., Vapalahti,O., Papa,A., Plyusnina,A., Lundkvist,A., Antoniadis,A., Vaheri,A., Plyusnin,A., Henttonen,H.","National Center for Biotechnology Information, NIH",USA,2,,2003-11-25,ssRNA(-)
PZ377041.1,GenBank,,,,,Orthohantavirus dobravaense,Orthohantavirus dobravaense,Orthohantavirus,Hantaviridae,,BLR/2025/Mm/3079,M,"Orthohantavirus dobravaense isolate BLR/2025/Mm/3079 segment M glycoprotein precursor, gene, partial cds",291,partial,Belarus: Dukora,Belarus,,Mus musculus,lung,"Sukhotskaya,L.A., Malinovskaya,Y.V., Semizhon,P.A., Scheslenok,E.P., Dubkov,N.A., Gasich,E.L.","Republican Center of Hygiene, Epidemiology and Public Health, Laboratory of Biotechnology and Immunodiagnostics of High Dangerous Pathogens",Belarus,,2025-12,2026-05-16,ssRNA(-)
PX840724.1,GenBank,,,,,Orthohantavirus dobravaense,Orthohantavirus dobravaense,Orthohantavirus,Hantaviridae,,2632_2025_DOBV_HU,,"Orthohantavirus dobravaense isolate 2632_2025_DOBV_HU nucleocapsid protein gene, partial cds",333,partial,"Hungary: NUTS3, Borsod Abauj Zemplen",Hungary,,Homo sapiens,blood,"Koroknai,A., Nagy,A., Nagy,O., Csonka,N., Mezei,E., Szomor,K., Takacs,M.","National Center for Public Health and Pharmacy, National Reference Laboratory for Viral Zoonoses",Hungary,,2025,2026-03-29,ssRNA(-)
PQ867784.1,GenBank,,,,,Orthohantavirus dobravaense,Orthohantavirus dobravaense,Orthohantavirus,Hantaviridae,,3576_2019_DOBV_HU,,"Orthohantavirus dobravaense isolate 3576_2019_DOBV_HU nucleocapsid protein gene, partial cds",333,partial,Hungary: Szeremle,Hungary,,Homo sapiens,blood,"Koroknai,A., Nagy,A., Nagy,O., Csonka,N., Mezei,E., Szomor,K., Takacs,M.","National Center for Public Health and Pharmacy, National Reference Laboratory for Viral Zoonoses",Hungary,,2019,2026-02-01,ssRNA(-)
PQ867786.1,GenBank,,,,,Orthohantavirus dobravaense,Orthohantavirus dobravaense,Orthohantavirus,Hantaviridae,,2415_2020_DOBV_HU,,"Orthohantavirus dobravaense isolate 2415_2020_DOBV_HU nucleocapsid protein gene, partial cds",333,partial,Hungary: Harasztifalu,Hungary,,Homo sapiens,blood,"Koroknai,A., Nagy,A., Nagy,O., Csonka,N., Mezei,E., Szomor,K., Takacs,M.","National Center for Public Health and Pharmacy, National Reference Laboratory for Viral Zoonoses",Hungary,,2020,2026-02-01,ssRNA(-)
PQ867787.1,GenBank,,,,,Orthohantavirus dobravaense,Orthohantavirus dobravaense,Orthohantavirus,Hantaviridae,,1911_2021_DOBV_HU,,"Orthohantavirus dobravaense isolate 1911_2021_DOBV_HU nucleocapsid protein gene, partial cds",333,partial,Hungary: Szentendre,Hungary,,Homo sapiens,blood,"Koroknai,A., Nagy,A., Nagy,O., Csonka,N., Mezei,E., Szomor,K., Takacs,M.","National Center for Public Health and Pharmacy, National Reference Laboratory for Viral Zoonoses",Hungary,,2021,2026-02-01,ssRNA(-)
PQ867790.1,GenBank,,,,,Orthohantavirus dobravaense,Orthohantavirus dobravaense,Orthohantavirus,Hantaviridae,,2120_2023_DOBV_HU,,"Orthohantavirus dobravaense isolate 2120_2023_DOBV_HU nucleocapsid protein gene, partial cds",333,partial,Hungary: Veszprem,Hungary,,Homo sapiens,blood,"Koroknai,A., Nagy,A., Nagy,O., Csonka,N., Mezei,E., Szomor,K., Takacs,M.","National Center for Public Health and Pharmacy, National Reference Laboratory for Viral Zoonoses",Hungary,,2023,2026-02-01,ssRNA(-)
PQ867791.1,GenBank,,,,,Orthohantavirus dobravaense,Orthohantavirus dobravaense,Orthohantavirus,Hantaviridae,,114_2024_DOBV_HU,,"Orthohantavirus dobravaense isolate 114_2024_DOBV_HU nucleocapsid protein gene, partial cds",333,partial,Hungary: Sarospatak,Hungary,,Homo sapiens,blood,"Koroknai,A., Nagy,A., Nagy,O., Csonka,N., Mezei,E., Szomor,K., Takacs,M.","National Center for Public Health and Pharmacy, National Reference Laboratory for Viral Zoonoses",Hungary,,2024,2026-02-01,ssRNA(-)
PQ256562.1,GenBank,,,,,Orthohantavirus dobravaense,Orthohantavirus dobravaense,Orthohantavirus,Hantaviridae,,S1477,L,"Orthohantavirus dobravaense isolate S1477 RNA-dependent RNA polymerase gene, partial cds",347,partial,Russia: Saratov region,Russia,,Apodemus agrarius,,"Blinova,E.","CRIE, Department of Molecular Diagnostics and Epidemiology",,,,2024-09-21,ssRNA(-)
PQ256563.1,GenBank,,,,,Orthohantavirus dobravaense,Orthohantavirus dobravaense,Orthohantavirus,Hantaviridae,,S1480,L,"Orthohantavirus dobravaense isolate S1480 RNA-dependent RNA polymerase gene, partial cds",347,partial,Russia: Saratov region,Russia,,Apodemus agrarius,,"Blinova,E.","CRIE, Department of Molecular Diagnostics and Epidemiology",,,,2024-09-21,ssRNA(-)
PQ256630.1,GenBank,,,,,Orthohantavirus dobravaense,Orthohantavirus dobravaense,Orthohantavirus,Hantaviridae,,9_Sochi,L,"Orthohantavirus dobravaense isolate 9_Sochi RNA-dependent RNA polymerase gene, partial cds",347,partial,Russia: Krasnodar region,Russia,,Apodemus ponticus,,"Blinova,E.","CRIE, Department of Molecular Diagnostics and Epidemiology",,,,2024-09-21,ssRNA(-)
PQ256632.1,GenBank,,,,,Orthohantavirus dobravaense,Orthohantavirus dobravaense,Orthohantavirus,Hantaviridae,,43_Sochi,L,"Orthohantavirus dobravaense isolate 43_Sochi RNA-dependent RNA polymerase gene, partial cds",347,partial,Russia: Krasnodar region,Russia,,Apodemus ponticus,,"Blinova,E.","CRIE, Department of Molecular Diagnostics and Epidemiology",,,,2024-09-21,ssRNA(-)
PQ256633.1,GenBank,,,,,Orthohantavirus dobravaense,Orthohantavirus dobravaense,Orthohantavirus,Hantaviridae,,94_Sochi,L,"Orthohantavirus dobravaense isolate 94_Sochi RNA-dependent RNA polymerase gene, partial cds",347,partial,Russia: Krasnodar region,Russia,,Apodemus ponticus,,"Blinova,E.","CRIE, Department of Molecular Diagnostics and Epidemiology",,,,2024-09-21,ssRNA(-)
PQ256634.1,GenBank,,,,,Orthohantavirus dobravaense,Orthohantavirus dobravaense,Orthohantavirus,Hantaviridae,,161_Sochi,L,"Orthohantavirus dobravaense isolate 161_Sochi RNA-dependent RNA polymerase gene, partial cds",347,partial,Russia: Krasnodar region,Russia,,Apodemus ponticus,,"Blinova,E.","CRIE, Department of Molecular Diagnostics and Epidemiology",,,,2024-09-21,ssRNA(-)
PQ256635.1,GenBank,,,,,Orthohantavirus dobravaense,Orthohantavirus dobravaense,Orthohantavirus,Hantaviridae,,163_Sochi,L,"Orthohantavirus dobravaense isolate 163_Sochi RNA-dependent RNA polymerase gene, partial cds",347,partial,Russia: Krasnodar region,Russia,,Apodemus ponticus,,"Blinova,E.","CRIE, Department of Molecular Diagnostics and Epidemiology",,,,2024-09-21,ssRNA(-)
PQ256637.1,GenBank,,,,,Orthohantavirus dobravaense,Orthohantavirus dobravaense,Orthohantavirus,Hantaviridae,,273_Sochi,L,"Orthohantavirus dobravaense isolate 273_Sochi RNA-dependent RNA polymerase gene, partial cds",347,partial,Russia: Krasnodar region,Russia,,Apodemus ciscaucasicus,,"Blinova,E.","CRIE, Department of Molecular Diagnostics and Epidemiology",,,,2024-09-21,ssRNA(-)
PQ256638.1,GenBank,,,,,Orthohantavirus dobravaense,Orthohantavirus dobravaense,Orthohantavirus,Hantaviridae,,336_Sochi,L,"Orthohantavirus dobravaense isolate 336_Sochi RNA-dependent RNA polymerase gene, partial cds",347,partial,Russia: Krasnodar region,Russia,,Apodemus ponticus,,"Blinova,E.","CRIE, Department of Molecular Diagnostics and Epidemiology",,,,2024-09-21,ssRNA(-)
PQ256639.1,GenBank,,,,,Orthohantavirus dobravaense,Orthohantavirus dobravaense,Orthohantavirus,Hantaviridae,,352_Sochi,L,"Orthohantavirus dobravaense isolate 352_Sochi RNA-dependent RNA polymerase gene, partial cds",347,partial,Russia: Krasnodar region,Russia,,Apodemus ponticus,,"Blinova,E.","CRIE, Department of Molecular Diagnostics and Epidemiology",,,,2024-09-21,ssRNA(-)
PQ256640.1,GenBank,,,,,Orthohantavirus dobravaense,Orthohantavirus dobravaense,Orthohantavirus,Hantaviridae,,375_Sochi,L,"Orthohantavirus dobravaense isolate 375_Sochi RNA-dependent RNA polymerase gene, partial cds",347,partial,Russia: Krasnodar region,Russia,,Apodemus ponticus,,"Blinova,E.","CRIE, Department of Molecular Diagnostics and Epidemiology",,,,2024-09-21,ssRNA(-)
PQ256643.1,GenBank,,,,,Orthohantavirus dobravaense,Orthohantavirus dobravaense,Orthohantavirus,Hantaviridae,,578_Sochi,L,"Orthohantavirus dobravaense isolate 578_Sochi RNA-dependent RNA polymerase gene, partial cds",347,partial,Russia: Krasnodar region,Russia,,Apodemus ponticus,,"Blinova,E.","CRIE, Department of Molecular Diagnostics and Epidemiology",,,,2024-09-21,ssRNA(-)
PQ256646.1,GenBank,,,,,Orthohantavirus dobravaense,Orthohantavirus dobravaense,Orthohantavirus,Hantaviridae,,625_Sochi,L,"Orthohantavirus dobravaense isolate 625_Sochi RNA-dependent RNA polymerase gene, partial cds",347,partial,Russia: Krasnodar region,Russia,,Apodemus ponticus,,"Blinova,E.","CRIE, Department of Molecular Diagnostics and Epidemiology",,,,2024-09-21,ssRNA(-)
PQ256647.1,GenBank,,,,,Orthohantavirus dobravaense,Orthohantavirus dobravaense,Orthohantavirus,Hantaviridae,,646_Sochi,L,"Orthohantavirus dobravaense isolate 646_Sochi RNA-dependent RNA polymerase gene, partial cds",347,partial,Russia: Krasnodar region,Russia,,Apodemus ponticus,,"Blinova,E.","CRIE, Department of Molecular Diagnostics and Epidemiology",,,,2024-09-21,ssRNA(-)
PQ256648.1,GenBank,,,,,Orthohantavirus dobravaense,Orthohantavirus dobravaense,Orthohantavirus,Hantaviridae,,649_Sochi,L,"Orthohantavirus dobravaense isolate 649_Sochi RNA-dependent RNA polymerase gene, partial cds",347,partial,Russia: Krasnodar region,Russia,,Apodemus ponticus,,"Blinova,E.","CRIE, Department of Molecular Diagnostics and Epidemiology",,,,2024-09-21,ssRNA(-)
MW055917.1,GenBank,,,,,Orthohantavirus dobravaense,Orthohantavirus dobravaense,Orthohantavirus,Hantaviridae,,Turkey/Igneada/13Af/2009,L,"Dobrava-Belgrade orthohantavirus isolate Turkey/Igneada/13Af/2009 segment L, partial sequence",6328,partial,Turkey,Turkey,,Apodemus flavicollis,lung,"Erdin,M., Polat,C., Irmak,S., Smura,T., Matur,F., Cogal,M., Cetintas,O., Sozen,M., Sironen,T., Oktem,M.A.","Dokuz Eylul University, Faculty of Medicine, Department of Medical Microbiology",Turkey,,2009,2023-07-15,ssRNA(-)
MW055918.1,GenBank,,,,,Orthohantavirus dobravaense,Orthohantavirus dobravaense,Orthohantavirus,Hantaviridae,,Turkey/Igneada/13Af/2009,M,"Dobrava-Belgrade orthohantavirus isolate Turkey/Igneada/13Af/2009 segment M, complete sequence",3620,complete,Turkey,Turkey,,Apodemus flavicollis,lung,"Erdin,M., Polat,C., Irmak,S., Smura,T., Matur,F., Cogal,M., Cetintas,O., Sozen,M., Sironen,T., Oktem,M.A.","Dokuz Eylul University, Faculty of Medicine, Department of Medical Microbiology",Turkey,,2009,2023-07-15,ssRNA(-)
MW055919.1,GenBank,,,,,Orthohantavirus dobravaense,Orthohantavirus dobravaense,Orthohantavirus,Hantaviridae,,Turkey/Igneada/13Af/2009,S,"Dobrava-Belgrade orthohantavirus isolate Turkey/Igneada/13Af/2009 segment S, complete sequence",1633,partial,Turkey,Turkey,,Apodemus flavicollis,lung,"Erdin,M., Polat,C., Irmak,S., Smura,T., Matur,F., Cogal,M., Cetintas,O., Sozen,M., Sironen,T., Oktem,M.A.","Dokuz Eylul University, Faculty of Medicine, Department of Medical Microbiology",Turkey,,2009,2023-07-15,ssRNA(-)
OQ129481.1,GenBank,,,,,Orthohantavirus dobravaense,Orthohantavirus dobravaense,Orthohantavirus,Hantaviridae,,YunL-07B,,"Dobrava-Belgrade orthohantavirus isolate YunL-07B RNA-dependent RNA polymerase gene, partial cds",369,partial,China: Henan,China,,Rattus tanezumi,,"Tian,S.","Guangzhou Medical University, School of Public Health",China,,2021-07,2023-01-28,ssRNA(-)
OQ129482.1,GenBank,,,,,Orthohantavirus dobravaense,Orthohantavirus dobravaense,Orthohantavirus,Hantaviridae,,YunL-05B,,"UNVERIFIED: Dobrava-Belgrade orthohantavirus isolate YunL-05B RNA-dependent RNA polymerase-like gene, partial sequence",420,partial,China: Henan,China,,Apodemus agrarius,,"Tian,S.","Guangzhou Medical University, School of Public Health",China,,2021-07,2023-01-28,ssRNA(-)
OQ129483.1,GenBank,,,,,Orthohantavirus dobravaense,Orthohantavirus dobravaense,Orthohantavirus,Hantaviridae,,JP-16B,,"Dobrava-Belgrade orthohantavirus isolate JP-16B RNA-dependent RNA polymerase gene, partial cds",373,partial,China: Henan,China,,Mus musculus,,"Tian,S.","Guangzhou Medical University, School of Public Health",China,,2021-07,2023-01-28,ssRNA(-)
OQ129484.1,GenBank,,,,,Orthohantavirus dobravaense,Orthohantavirus dobravaense,Orthohantavirus,Hantaviridae,,JP-13B,,"Dobrava-Belgrade orthohantavirus isolate JP-13B RNA-dependent RNA polymerase gene, partial cds",373,partial,China: Henan,China,,Rattus norvegicus,,"Tian,S.","Guangzhou Medical University, School of Public Health",China,,2021-07,2023-01-28,ssRNA(-)
ON243777.1,GenBank,,,,,Orthohantavirus dobravaense,Orthohantavirus dobravaense,Orthohantavirus,Hantaviridae,,40AA,M,"Dobrava-Belgrade orthohantavirus isolate 40AA glycoprotein precursor, gene, partial cds",183,partial,Czech Republic: Oldrisov u Opavy,Czech Republic,,Apodemus agrarius,lung,"Honig,V., Kamis,J., Marsikova,A., Matejkova,T., Stopka,P., Macova,A., Ruzek,D., Kvicerova,J.","University of South Bohemia, Faculty of Science, Department of Parasitology",Czech Republic,,2016,2022-09-21,ssRNA(-)
ON243806.1,GenBank,,,,,Orthohantavirus dobravaense,Orthohantavirus dobravaense,Orthohantavirus,Hantaviridae,,7AA,L,"Dobrava-Belgrade orthohantavirus isolate 7AA RNA-dependent RNA polymerase gene, partial cds",290,partial,Czech Republic: Oldrisov u Opavy,Czech Republic,,Apodemus agrarius,"liver, abdominal cavity","Honig,V., Kamis,J., Marsikova,A., Matejkova,T., Stopka,P., Macova,A., Ruzek,D., Kvicerova,J.","University of South Bohemia, Faculty of Science, Department of Parasitology",Czech Republic,,2016,2022-09-21,ssRNA(-)
ON243807.1,GenBank,,,,,Orthohantavirus dobravaense,Orthohantavirus dobravaense,Orthohantavirus,Hantaviridae,,10AA,L,"Dobrava-Belgrade orthohantavirus isolate 10AA RNA-dependent RNA polymerase gene, partial cds",290,partial,Czech Republic: Oldrisov u Opavy,Czech Republic,,Apodemus agrarius,"liver, abdominal cavity","Honig,V., Kamis,J., Marsikova,A., Matejkova,T., Stopka,P., Macova,A., Ruzek,D., Kvicerova,J.","University of South Bohemia, Faculty of Science, Department of Parasitology",Czech Republic,,2016,2022-09-21,ssRNA(-)
ON243808.1,GenBank,,,,,Orthohantavirus dobravaense,Orthohantavirus dobravaense,Orthohantavirus,Hantaviridae,,40AA,L,"Dobrava-Belgrade orthohantavirus isolate 40AA RNA-dependent RNA polymerase gene, partial cds",290,partial,Czech Republic: Oldrisov u Opavy,Czech Republic,,Apodemus agrarius,"liver, abdominal cavity, lung, brain","Honig,V., Kamis,J., Marsikova,A., Matejkova,T., Stopka,P., Macova,A., Ruzek,D., Kvicerova,J.","University of South Bohemia, Faculty of Science, Department of Parasitology",Czech Republic,,2016,2022-09-21,ssRNA(-)
ON243809.1,GenBank,,,,,Orthohantavirus dobravaense,Orthohantavirus dobravaense,Orthohantavirus,Hantaviridae,,43AA,L,"Dobrava-Belgrade orthohantavirus isolate 43AA RNA-dependent RNA polymerase gene, partial cds",290,partial,Czech Republic: Oldrisov u Opavy,Czech Republic,,Apodemus agrarius,"spleen, abdominal cavity","Honig,V., Kamis,J., Marsikova,A., Matejkova,T., Stopka,P., Macova,A., Ruzek,D., Kvicerova,J.","University of South Bohemia, Faculty of Science, Department of Parasitology",Czech Republic,,2016,2022-09-21,ssRNA(-)
ON243810.1,GenBank,,,,,Orthohantavirus dobravaense,Orthohantavirus dobravaense,Orthohantavirus,Hantaviridae,,49AA,L,"Dobrava-Belgrade orthohantavirus isolate 49AA RNA-dependent RNA polymerase gene, partial cds",290,partial,"Czech Republic: Oldrisov, sugar beet field between Oldrisov and Opava",Czech Republic,,Apodemus agrarius,"liver, abdominal cavity, lung, spleen, brain","Honig,V., Kamis,J., Marsikova,A., Matejkova,T., Stopka,P., Macova,A., Ruzek,D., Kvicerova,J.","University of South Bohemia, Faculty of Science, Department of Parasitology",Czech Republic,,2016,2022-09-21,ssRNA(-)
ON243811.1,GenBank,,,,,Orthohantavirus dobravaense,Orthohantavirus dobravaense,Orthohantavirus,Hantaviridae,,55AA,L,"Dobrava-Belgrade orthohantavirus isolate 55AA RNA-dependent RNA polymerase gene, partial cds",290,partial,Czech Republic: Opava,Czech Republic,,Apodemus agrarius,"spleen, abdominal cavity","Honig,V., Kamis,J., Marsikova,A., Matejkova,T., Stopka,P., Macova,A., Ruzek,D., Kvicerova,J.","University of South Bohemia, Faculty of Science, Department of Parasitology",Czech Republic,,2016,2022-09-21,ssRNA(-)
ON243812.1,GenBank,,,,,Orthohantavirus dobravaense,Orthohantavirus dobravaense,Orthohantavirus,Hantaviridae,,23720MA,L,"Dobrava-Belgrade orthohantavirus isolate 23720MA RNA-dependent RNA polymerase gene, partial cds",290,partial,"Czech Republic: Ceske Budejovice, Borek",Czech Republic,,Microtus arvalis,"spleen, abdominal cavity, brain","Honig,V., Kamis,J., Marsikova,A., Matejkova,T., Stopka,P., Macova,A., Ruzek,D., Kvicerova,J.","University of South Bohemia, Faculty of Science, Department of Parasitology",Czech Republic,,2016,2022-09-21,ssRNA(-)
ON243813.1,GenBank,,,,,Orthohantavirus dobravaense,Orthohantavirus dobravaense,Orthohantavirus,Hantaviridae,,23721AS,L,"Dobrava-Belgrade orthohantavirus isolate 23721AS RNA-dependent RNA polymerase gene, partial cds",290,partial,"Czech Republic: Ceske Budejovice, Borek",Czech Republic,,Apodemus sylvaticus,lung,"Honig,V., Kamis,J., Marsikova,A., Matejkova,T., Stopka,P., Macova,A., Ruzek,D., Kvicerova,J.","University of South Bohemia, Faculty of Science, Department of Parasitology",Czech Republic,,2016,2022-09-21,ssRNA(-)
ON243814.1,GenBank,,,,,Orthohantavirus dobravaense,Orthohantavirus dobravaense,Orthohantavirus,Hantaviridae,,23723MA,L,"Dobrava-Belgrade orthohantavirus isolate 23723MA RNA-dependent RNA polymerase gene, partial cds",290,partial,"Czech Republic: Ceske Budejovice, Borek",Czech Republic,,Microtus arvalis,"spleen, abdominal cavity","Honig,V., Kamis,J., Marsikova,A., Matejkova,T., Stopka,P., Macova,A., Ruzek,D., Kvicerova,J.","University of South Bohemia, Faculty of Science, Department of Parasitology",Czech Republic,,2016,2022-09-21,ssRNA(-)
OK422867.1,GenBank,,,,,Orthohantavirus dobravaense,Orthohantavirus dobravaense,Orthohantavirus,Hantaviridae,,LT16/Br_42,M,"Dobrava-Belgrade orthohantavirus isolate LT16/Br_42 segment M, complete sequence",3408,complete,Lithuania: Birzai,Lithuania,,Apodemus agrarius,lung,"Jeske,K., Schulz,J., Tekemen,D., Balciauskas,L., Balciauskiene,L., Hiltbrunner,M., Drewes,S., Mayer-Scholl,A., Heckel,G., Ulrich,R.G.","Institute for Novel and Emerging Infectious Diseases, Friedrich-Loeffler-Institut",Germany,1,2016,2022-08-22,ssRNA(-)
OK422868.1,GenBank,,,,,Orthohantavirus dobravaense,Orthohantavirus dobravaense,Orthohantavirus,Hantaviridae,,LT18/TYT_44,M,"Dobrava-Belgrade orthohantavirus isolate LT18/TYT_44 segment M, complete sequence",3408,complete,Lithuania: Tytuvenai,Lithuania,,Apodemus agrarius,lung,"Jeske,K., Schulz,J., Tekemen,D., Balciauskas,L., Balciauskiene,L., Hiltbrunner,M., Drewes,S., Mayer-Scholl,A., Heckel,G., Ulrich,R.G.","Institute for Novel and Emerging Infectious Diseases, Friedrich-Loeffler-Institut",Germany,1,2018,2022-08-22,ssRNA(-)
OK422869.1,GenBank,,,,,Orthohantavirus dobravaense,Orthohantavirus dobravaense,Orthohantavirus,Hantaviridae,,LT16/Br_42,L,"Dobrava-Belgrade orthohantavirus isolate LT16/Br_42 segment L, complete sequence",6456,complete,Lithuania: Birzai,Lithuania,,Apodemus agrarius,lung,"Jeske,K., Schulz,J., Tekemen,D., Balciauskas,L., Balciauskiene,L., Hiltbrunner,M., Drewes,S., Mayer-Scholl,A., Heckel,G., Ulrich,R.G.","Institute for Novel and Emerging Infectious Diseases, Friedrich-Loeffler-Institut",Germany,1,2016,2022-08-22,ssRNA(-)
OK422870.1,GenBank,,,,,Orthohantavirus dobravaense,Orthohantavirus dobravaense,Orthohantavirus,Hantaviridae,,LT18/TYT_44,L,"Dobrava-Belgrade orthohantavirus isolate LT18/TYT_44 segment L, complete sequence",6456,complete,Lithuania: Tytuvenai,Lithuania,,Apodemus agrarius,lung,"Jeske,K., Schulz,J., Tekemen,D., Balciauskas,L., Balciauskiene,L., Hiltbrunner,M., Drewes,S., Mayer-Scholl,A., Heckel,G., Ulrich,R.G.","Institute for Novel and Emerging Infectious Diseases, Friedrich-Loeffler-Institut",Germany,1,2018,2022-08-22,ssRNA(-)
OK422871.1,GenBank,,,,,Orthohantavirus dobravaense,Orthohantavirus dobravaense,Orthohantavirus,Hantaviridae,,LT18/LK_11,L,"Dobrava-Belgrade orthohantavirus isolate LT18/LK_11 segment L, complete sequence",6456,complete,Lithuania: Lukstas,Lithuania,,Apodemus agrarius,lung,"Jeske,K., Schulz,J., Tekemen,D., Balciauskas,L., Balciauskiene,L., Hiltbrunner,M., Drewes,S., Mayer-Scholl,A., Heckel,G., Ulrich,R.G.","Institute for Novel and Emerging Infectious Diseases, Friedrich-Loeffler-Institut",Germany,1,2018,2022-08-22,ssRNA(-)
OM677634.1,GenBank,,,,,Orthohantavirus dobravaense,Orthohantavirus dobravaense,Orthohantavirus,Hantaviridae,,21RS2853-23,L,"Dobrava-Belgrade orthohantavirus isolate 21RS2853-23 segment L, complete sequence",6456,complete,Italy,Italy,,Apodemus flavicollis,,"Leopardi,S., Drzewniokova,P., Baggieri,M., Marchi,A., Bucci,P., Bregoli,M., De Benedictis,P., Gobbo,F., Bellinati,L., Citterio,C., Monne,I., Pastori,A., Zamperin,G., Palumbo,E., Festa,F., Castellan,M., Zorzan,M., D'Ugo,E., Zucca,P., Terregino,C., Magurano,F., Schivo,A., Salviato,A., Fusaro,A., Milani,A.","Istituto Zooprofilattico Sperimentale delle Venezie, Genomics and viral transcriptomics laboratory",Italy,1,2021-07-20,2022-07-19,ssRNA(-)
OM677635.1,GenBank,,,,,Orthohantavirus dobravaense,Orthohantavirus dobravaense,Orthohantavirus,Hantaviridae,,21RS2853-23,M,"Dobrava-Belgrade orthohantavirus isolate 21RS2853-23 segment M, complete sequence",3622,complete,Italy,Italy,,Apodemus flavicollis,,"Leopardi,S., Drzewniokova,P., Baggieri,M., Marchi,A., Bucci,P., Bregoli,M., De Benedictis,P., Gobbo,F., Bellinati,L., Citterio,C., Monne,I., Pastori,A., Zamperin,G., Palumbo,E., Festa,F., Castellan,M., Zorzan,M., D'Ugo,E., Zucca,P., Terregino,C., Magurano,F., Schivo,A., Salviato,A., Fusaro,A., Milani,A.","Istituto Zooprofilattico Sperimentale delle Venezie, Genomics and viral transcriptomics laboratory",Italy,1,2021-07-20,2022-07-19,ssRNA(-)
OM677636.1,GenBank,,,,,Orthohantavirus dobravaense,Orthohantavirus dobravaense,Orthohantavirus,Hantaviridae,,21RS2853-23,N,"Dobrava-Belgrade orthohantavirus isolate 21RS2853-23 segment N, complete sequence",1456,complete,Italy,Italy,,Apodemus flavicollis,,"Leopardi,S., Drzewniokova,P., Baggieri,M., Marchi,A., Bucci,P., Bregoli,M., De Benedictis,P., Gobbo,F., Bellinati,L., Citterio,C., Monne,I., Pastori,A., Zamperin,G., Palumbo,E., Festa,F., Castellan,M., Zorzan,M., D'Ugo,E., Zucca,P., Terregino,C., Magurano,F., Schivo,A., Salviato,A., Fusaro,A., Milani,A.","Istituto Zooprofilattico Sperimentale delle Venezie, Genomics and viral transcriptomics laboratory",Italy,1,2021-07-20,2022-07-19,ssRNA(-)
OM677637.1,GenBank,,,,,Orthohantavirus dobravaense,Orthohantavirus dobravaense,Orthohantavirus,Hantaviridae,,21RS2853-24,L,"Dobrava-Belgrade orthohantavirus isolate 21RS2853-24 segment L, complete sequence",6456,complete,Italy,Italy,,Apodemus flavicollis,,"Leopardi,S., Drzewniokova,P., Baggieri,M., Marchi,A., Bucci,P., Bregoli,M., De Benedictis,P., Gobbo,F., Bellinati,L., Citterio,C., Monne,I., Pastori,A., Zamperin,G., Palumbo,E., Festa,F., Castellan,M., Zorzan,M., D'Ugo,E., Zucca,P., Terregino,C., Magurano,F., Schivo,A., Salviato,A., Fusaro,A., Milani,A.","Istituto Zooprofilattico Sperimentale delle Venezie, Genomics and viral transcriptomics laboratory",Italy,1,2021-07-20,2022-07-19,ssRNA(-)
OM677638.1,GenBank,,,,,Orthohantavirus dobravaense,Orthohantavirus dobravaense,Orthohantavirus,Hantaviridae,,21RS2853-24,M,"Dobrava-Belgrade orthohantavirus isolate 21RS2853-24 segment M, partial sequence",3475,partial,Italy,Italy,,Apodemus flavicollis,,"Leopardi,S., Drzewniokova,P., Baggieri,M., Marchi,A., Bucci,P., Bregoli,M., De Benedictis,P., Gobbo,F., Bellinati,L., Citterio,C., Monne,I., Pastori,A., Zamperin,G., Palumbo,E., Festa,F., Castellan,M., Zorzan,M., D'Ugo,E., Zucca,P., Terregino,C., Magurano,F., Schivo,A., Salviato,A., Fusaro,A., Milani,A.","Istituto Zooprofilattico Sperimentale delle Venezie, Genomics and viral transcriptomics laboratory",Italy,1,2021-07-20,2022-07-19,ssRNA(-)
OM677639.1,GenBank,,,,,Orthohantavirus dobravaense,Orthohantavirus dobravaense,Orthohantavirus,Hantaviridae,,21RS2853-24,N,"Dobrava-Belgrade orthohantavirus isolate 21RS2853-24 segment N, complete sequence",1456,complete,Italy,Italy,,Apodemus flavicollis,,"Leopardi,S., Drzewniokova,P., Baggieri,M., Marchi,A., Bucci,P., Bregoli,M., De Benedictis,P., Gobbo,F., Bellinati,L., Citterio,C., Monne,I., Pastori,A., Zamperin,G., Palumbo,E., Festa,F., Castellan,M., Zorzan,M., D'Ugo,E., Zucca,P., Terregino,C., Magurano,F., Schivo,A., Salviato,A., Fusaro,A., Milani,A.","Istituto Zooprofilattico Sperimentale delle Venezie, Genomics and viral transcriptomics laboratory",Italy,1,2021-07-20,2022-07-19,ssRNA(-)
MT580910.1,GenBank,,,,,Orthohantavirus dobravaense,Orthohantavirus dobravaense,Orthohantavirus,Hantaviridae,,LT17/RUS_23,L,"Dobrava-Belgrade orthohantavirus isolate LT17/RUS_23 RNA-dependent RNA polymerase gene, partial cds",411,partial,Lithuania: Rusne,Lithuania,,Apodemus agrarius,lung,"Jeske,K., Schulz,J., Emirhar,D., Balciauskas,L., Balciauskiene,L., Mayer-Scholl,A., Heckel,G., Ulrich,R.G.","Institute for Novel and Emerging Infectious Diseases, Friedrich-Loeffler-Institut",Germany,,2017,2021-07-09,ssRNA(-)
MT580911.2,GenBank,,,,,Orthohantavirus dobravaense,Orthohantavirus dobravaense,Orthohantavirus,Hantaviridae,,LT18/RUS_2,L,"Dobrava-Belgrade orthohantavirus isolate LT18/RUS_2 RNA-dependent RNA polymerase gene, complete cds",6456,partial,Lithuania: Rusne,Lithuania,,Apodemus agrarius,lung,"Jeske,K., Schulz,J., Tekemen,L., Balciauskas,L., Balciauskiene,L., Hiltbrunner,M., Drewes,S., Mayer-Scholl,A., Heckel,G., Ulrich,R.G., Emirhar,D.","Institute for Novel and Emerging Infectious Diseases, Friedrich-Loeffler-Institut",Germany,,2018,2021-07-09,ssRNA(-)
MT580912.1,GenBank,,,,,Orthohantavirus dobravaense,Orthohantavirus dobravaense,Orthohantavirus,Hantaviridae,,LT18/TYT_57,L,"Dobrava-Belgrade orthohantavirus isolate LT18/TYT_57 RNA-dependent RNA polymerase gene, partial cds",411,partial,Lithuania: Tytuvenai,Lithuania,,Apodemus agrarius,lung,"Jeske,K., Schulz,J., Emirhar,D., Balciauskas,L., Balciauskiene,L., Mayer-Scholl,A., Heckel,G., Ulrich,R.G.","Institute for Novel and Emerging Infectious Diseases, Friedrich-Loeffler-Institut",Germany,,2018,2021-07-09,ssRNA(-)
MT580913.1,GenBank,,,,,Orthohantavirus dobravaense,Orthohantavirus dobravaense,Orthohantavirus,Hantaviridae,,LT17/RUS_56,M,"Dobrava-Belgrade orthohantavirus isolate LT17/RUS_56 glycoprotein precursor, gene, partial cds",919,partial,Lithuania: Rusne,Lithuania,,Apodemus agrarius,lung,"Jeske,K., Schulz,J., Emirhar,D., Balciauskas,L., Balciauskiene,L., Mayer-Scholl,A., Heckel,G., Ulrich,R.G.","Institute for Novel and Emerging Infectious Diseases, Friedrich-Loeffler-Institut",Germany,,2017,2021-07-09,ssRNA(-)
MT580914.2,GenBank,,,,,Orthohantavirus dobravaense,Orthohantavirus dobravaense,Orthohantavirus,Hantaviridae,,LT18/RUS_2,M,"Dobrava-Belgrade orthohantavirus isolate LT18/RUS_2 segment M glycoprotein precursor, gene, complete cds",3408,partial,Lithuania: Rusne,Lithuania,,Apodemus agrarius,lung,"Jeske,K., Schulz,J., Tekemen,L., Balciauskas,L., Balciauskiene,L., Hiltbrunner,M., Drewes,S., Mayer-Scholl,A., Heckel,G., Ulrich,R.G., Emirhar,D.","Institute for Novel and Emerging Infectious Diseases, Friedrich-Loeffler-Institut",Germany,,2018,2021-07-09,ssRNA(-)
MT580916.2,GenBank,,,,,Orthohantavirus dobravaense,Orthohantavirus dobravaense,Orthohantavirus,Hantaviridae,,LT18/LK_11,M,"Dobrava-Belgrade orthohantavirus isolate LT18/LK_11 segment M glycoprotein precursor, gene, complete cds",3408,partial,Lithuania: Lukstas,Lithuania,,Apodemus agrarius,lung,"Jeske,K., Schulz,J., Tekemen,L., Balciauskas,L., Balciauskiene,L., Hiltbrunner,M., Drewes,S., Mayer-Scholl,A., Heckel,G., Ulrich,R.G., Emirhar,D.","Institute for Novel and Emerging Infectious Diseases, Friedrich-Loeffler-Institut",Germany,,2018,2021-07-09,ssRNA(-)
MT580917.1,GenBank,,,,,Orthohantavirus dobravaense,Orthohantavirus dobravaense,Orthohantavirus,Hantaviridae,,LT17/RUS_56,S,"Dobrava-Belgrade orthohantavirus isolate LT17/RUS_56 nucleocapsid protein gene, complete cds",1290,partial,Lithuania: Rusne,Lithuania,,Apodemus agrarius,lung,"Jeske,K., Schulz,J., Emirhar,D., Balciauskas,L., Balciauskiene,L., Mayer-Scholl,A., Heckel,G., Ulrich,R.G.","Institute for Novel and Emerging Infectious Diseases, Friedrich-Loeffler-Institut",Germany,,2017,2021-07-09,ssRNA(-)
MT580918.2,GenBank,,,,,Orthohantavirus dobravaense,Orthohantavirus dobravaense,Orthohantavirus,Hantaviridae,,LT18/RUS_2,S,"Dobrava-Belgrade orthohantavirus isolate LT18/RUS_2 nucleocapsid protein gene, complete cds",1290,partial,Lithuania: Rusne,Lithuania,,Apodemus agrarius,lung,"Jeske,K., Schulz,J., Tekemen,L., Balciauskas,L., Balciauskiene,L., Hiltbrunner,M., Drewes,S., Mayer-Scholl,A., Heckel,G., Ulrich,R.G., Emirhar,D.","Institute for Novel and Emerging Infectious Diseases, Friedrich-Loeffler-Institut",Germany,,2018,2021-07-09,ssRNA(-)
MT580919.2,GenBank,,,,,Orthohantavirus dobravaense,Orthohantavirus dobravaense,Orthohantavirus,Hantaviridae,,LT18/LK_11,S,"Dobrava-Belgrade orthohantavirus isolate LT18/LK_11 nucleocapsid protein gene, complete cds",1290,partial,Lithuania: Lukstas,Lithuania,,Apodemus agrarius,lung,"Jeske,K., Schulz,J., Tekemen,L., Balciauskas,L., Balciauskiene,L., Hiltbrunner,M., Drewes,S., Mayer-Scholl,A., Heckel,G., Ulrich,R.G., Emirhar,D.","Institute for Novel and Emerging Infectious Diseases, Friedrich-Loeffler-Institut",Germany,,2018,2021-07-09,ssRNA(-)
MT580920.2,GenBank,,,,,Orthohantavirus dobravaense,Orthohantavirus dobravaense,Orthohantavirus,Hantaviridae,,LT18/LK_57,S,"Dobrava-Belgrade orthohantavirus isolate LT18/LK_57 nucleocapsid protein gene, complete cds",1290,partial,Lithuania: Lukstas,Lithuania,,Apodemus agrarius,lung,"Jeske,K., Schulz,J., Tekemen,L., Balciauskas,L., Balciauskiene,L., Hiltbrunner,M., Drewes,S., Mayer-Scholl,A., Heckel,G., Ulrich,R.G., Emirhar,D.","Institute for Novel and Emerging Infectious Diseases, Friedrich-Loeffler-Institut",Germany,,2018,2021-07-09,ssRNA(-)
MT580921.2,GenBank,,,,,Orthohantavirus dobravaense,Orthohantavirus dobravaense,Orthohantavirus,Hantaviridae,,LT18/TYT_44,S,"Dobrava-Belgrade orthohantavirus isolate LT18/TYT_44 nucleocapsid protein gene, complete cds",1290,partial,Lithuania: Tytuvenai,Lithuania,,Apodemus agrarius,lung,"Jeske,K., Schulz,J., Tekemen,L., Balciauskas,L., Balciauskiene,L., Hiltbrunner,M., Drewes,S., Mayer-Scholl,A., Heckel,G., Ulrich,R.G., Emirhar,D.","Institute for Novel and Emerging Infectious Diseases, Friedrich-Loeffler-Institut",Germany,,2018,2021-07-09,ssRNA(-)
MT580922.2,GenBank,,,,,Orthohantavirus dobravaense,Orthohantavirus dobravaense,Orthohantavirus,Hantaviridae,,LT16/BR_42,S,"Dobrava-Belgrade orthohantavirus isolate LT16/BR_42 nucleocapsid protein gene, complete cds",1290,partial,Lithuania: Birzai,Lithuania,,Apodemus agrarius,lung,"Jeske,K., Schulz,J., Tekemen,L., Balciauskas,L., Balciauskiene,L., Hiltbrunner,M., Drewes,S., Mayer-Scholl,A., Heckel,G., Ulrich,R.G., Emirhar,D.","Institute for Novel and Emerging Infectious Diseases, Friedrich-Loeffler-Institut",Germany,,2016,2021-07-09,ssRNA(-)
MT580923.2,GenBank,,,,,Orthohantavirus dobravaense,Orthohantavirus dobravaense,Orthohantavirus,Hantaviridae,,LT17/RUS_14,S,"Dobrava-Belgrade orthohantavirus isolate LT17/RUS_14 nucleocapsid protein gene, partial cds",798,partial,Lithuania: Rusne,Lithuania,,Apodemus agrarius,lung,"Jeske,K., Schulz,J., Tekemen,L., Balciauskas,L., Balciauskiene,L., Hiltbrunner,M., Drewes,S., Mayer-Scholl,A., Heckel,G., Ulrich,R.G., Emirhar,D.","Institute for Novel and Emerging Infectious Diseases, Friedrich-Loeffler-Institut",Germany,,2017,2021-07-09,ssRNA(-)
MT580924.2,GenBank,,,,,Orthohantavirus dobravaense,Orthohantavirus dobravaense,Orthohantavirus,Hantaviridae,,LT17/RUS_23,S,"Dobrava-Belgrade orthohantavirus isolate LT17/RUS_23 nucleocapsid protein gene, partial cds",798,partial,Lithuania: Rusne,Lithuania,,Apodemus agrarius,lung,"Jeske,K., Schulz,J., Tekemen,L., Balciauskas,L., Balciauskiene,L., Hiltbrunner,M., Drewes,S., Mayer-Scholl,A., Heckel,G., Ulrich,R.G., Emirhar,D.","Institute for Novel and Emerging Infectious Diseases, Friedrich-Loeffler-Institut",Germany,,2017,2021-07-09,ssRNA(-)
MT580925.2,GenBank,,,,,Orthohantavirus dobravaense,Orthohantavirus dobravaense,Orthohantavirus,Hantaviridae,,LT17/RUS_69,S,"Dobrava-Belgrade orthohantavirus isolate LT17/RUS_69 nucleocapsid protein gene, partial cds",798,partial,Lithuania: Rusne,Lithuania,,Apodemus agrarius,lung,"Jeske,K., Schulz,J., Tekemen,L., Balciauskas,L., Balciauskiene,L., Hiltbrunner,M., Drewes,S., Mayer-Scholl,A., Heckel,G., Ulrich,R.G., Emirhar,D.","Institute for Novel and Emerging Infectious Diseases, Friedrich-Loeffler-Institut",Germany,,2017,2021-07-09,ssRNA(-)
MT580926.2,GenBank,,,,,Orthohantavirus dobravaense,Orthohantavirus dobravaense,Orthohantavirus,Hantaviridae,,LT18/RUS_4,S,"Dobrava-Belgrade orthohantavirus isolate LT18/RUS_4 nucleocapsid protein gene, partial cds",798,partial,Lithuania: Rusne,Lithuania,,Apodemus agrarius,lung,"Jeske,K., Schulz,J., Tekemen,L., Balciauskas,L., Balciauskiene,L., Hiltbrunner,M., Drewes,S., Mayer-Scholl,A., Heckel,G., Ulrich,R.G., Emirhar,D.","Institute for Novel and Emerging Infectious Diseases, Friedrich-Loeffler-Institut",Germany,,2018,2021-07-09,ssRNA(-)
MT580927.2,GenBank,,,,,Orthohantavirus dobravaense,Orthohantavirus dobravaense,Orthohantavirus,Hantaviridae,,LT18/RUS_18,S,"Dobrava-Belgrade orthohantavirus isolate LT18/RUS_18 nucleocapsid protein gene, partial cds",798,partial,Lithuania: Rusne,Lithuania,,Apodemus agrarius,lung,"Jeske,K., Schulz,J., Tekemen,L., Balciauskas,L., Balciauskiene,L., Hiltbrunner,M., Drewes,S., Mayer-Scholl,A., Heckel,G., Ulrich,R.G., Emirhar,D.","Institute for Novel and Emerging Infectious Diseases, Friedrich-Loeffler-Institut",Germany,,2018,2021-07-09,ssRNA(-)
MT580928.2,GenBank,,,,,Orthohantavirus dobravaense,Orthohantavirus dobravaense,Orthohantavirus,Hantaviridae,,LT18/RUS_76,S,"Dobrava-Belgrade orthohantavirus isolate LT18/RUS_76 nucleocapsid protein gene, partial cds",798,partial,Lithuania: Rusne,Lithuania,,Apodemus agrarius,lung,"Jeske,K., Schulz,J., Tekemen,L., Balciauskas,L., Balciauskiene,L., Hiltbrunner,M., Drewes,S., Mayer-Scholl,A., Heckel,G., Ulrich,R.G., Emirhar,D.","Institute for Novel and Emerging Infectious Diseases, Friedrich-Loeffler-Institut",Germany,,2018,2021-07-09,ssRNA(-)
MT580929.2,GenBank,,,,,Orthohantavirus dobravaense,Orthohantavirus dobravaense,Orthohantavirus,Hantaviridae,,LT18/RUS_93,S,"Dobrava-Belgrade orthohantavirus isolate LT18/RUS_93 nucleocapsid protein gene, partial cds",798,partial,Lithuania: Rusne,Lithuania,,Apodemus agrarius,lung,"Jeske,K., Schulz,J., Tekemen,L., Balciauskas,L., Balciauskiene,L., Hiltbrunner,M., Drewes,S., Mayer-Scholl,A., Heckel,G., Ulrich,R.G., Emirhar,D.","Institute for Novel and Emerging Infectious Diseases, Friedrich-Loeffler-Institut",Germany,,2018,2021-07-09,ssRNA(-)
MT580930.2,GenBank,,,,,Orthohantavirus dobravaense,Orthohantavirus dobravaense,Orthohantavirus,Hantaviridae,,LT18/RUS_119,S,"Dobrava-Belgrade orthohantavirus isolate LT18/RUS_119 nucleocapsid protein gene, partial cds",798,partial,Lithuania: Rusne,Lithuania,,Apodemus agrarius,lung,"Jeske,K., Schulz,J., Tekemen,L., Balciauskas,L., Balciauskiene,L., Hiltbrunner,M., Drewes,S., Mayer-Scholl,A., Heckel,G., Ulrich,R.G., Emirhar,D.","Institute for Novel and Emerging Infectious Diseases, Friedrich-Loeffler-Institut",Germany,,2018,2021-07-09,ssRNA(-)
MT580931.1,GenBank,,,,,Orthohantavirus dobravaense,Orthohantavirus dobravaense,Orthohantavirus,Hantaviridae,,LT18/TYT_57,S,"Dobrava-Belgrade orthohantavirus isolate LT18/TYT_57 nucleocapsid protein gene, partial cds",798,partial,Lithuania: Tytuvenai,Lithuania,,Apodemus agrarius,lung,"Jeske,K., Schulz,J., Emirhar,D., Balciauskas,L., Balciauskiene,L., Mayer-Scholl,A., Heckel,G., Ulrich,R.G.","Institute for Novel and Emerging Infectious Diseases, Friedrich-Loeffler-Institut",Germany,,2018,2021-07-09,ssRNA(-)
MT580932.2,GenBank,,,,,Orthohantavirus dobravaense,Orthohantavirus dobravaense,Orthohantavirus,Hantaviridae,,LT18/TYT_101,S,"Dobrava-Belgrade orthohantavirus isolate LT18/TYT_101 nucleocapsid protein gene, partial cds",798,partial,Lithuania: Tytuvenai,Lithuania,,Apodemus agrarius,lung,"Jeske,K., Schulz,J., Tekemen,L., Balciauskas,L., Balciauskiene,L., Hiltbrunner,M., Drewes,S., Mayer-Scholl,A., Heckel,G., Ulrich,R.G., Emirhar,D.","Institute for Novel and Emerging Infectious Diseases, Friedrich-Loeffler-Institut",Germany,,2018,2021-07-09,ssRNA(-)
MW091491.1,GenBank,,,,,Orthohantavirus dobravaense,Orthohantavirus dobravaense,Orthohantavirus,Hantaviridae,,KS12/1827,M,"Orthohantavirus dobravaense isolate KS12/1827 glycoprotein precursor, gene, complete cds",3408,partial,"Austria: Lake Neusiedl, site 3",Austria,,Apodemus agrarius,"kidney, abdominal cavity","Jeske,K., Herzig-Straschil,B., Raileanu,C., Kunec,D., Tauchmann,O., Emirhar,D., Schmidt,S., Trimpert,J., Silaghi,C., Heckel,G., Ulrich,R.G., Drewes,S.","Institute for Novel and Emerging Infectious Diseases, Friedrich-Loeffler-Institut",Germany,1,2011,2021-02-09,ssRNA(-)
MW091492.1,GenBank,,,,,Orthohantavirus dobravaense,Orthohantavirus dobravaense,Orthohantavirus,Hantaviridae,,KS18/1812,M,"Orthohantavirus dobravaense isolate KS18/1812 glycoprotein precursor, gene, complete cds",3408,partial,"Austria: Lake Neusiedl, site 10",Austria,,Apodemus agrarius,heart,"Jeske,K., Herzig-Straschil,B., Raileanu,C., Kunec,D., Tauchmann,O., Emirhar,D., Schmidt,S., Trimpert,J., Silaghi,C., Heckel,G., Ulrich,R.G., Drewes,S.","Institute for Novel and Emerging Infectious Diseases, Friedrich-Loeffler-Institut",Germany,1,2017,2021-02-09,ssRNA(-)
MW091493.1,GenBank,,,,,Orthohantavirus dobravaense,Orthohantavirus dobravaense,Orthohantavirus,Hantaviridae,,KS12/1827,L,"Orthohantavirus dobravaense isolate KS12/1827 RNA-dependent RNA polymerase gene, complete cds",6456,partial,"Austria: Lake Neusiedl, site 3",Austria,,Apodemus agrarius,"kidney, abdominal cavity","Jeske,K., Herzig-Straschil,B., Raileanu,C., Kunec,D., Tauchmann,O., Emirhar,D., Schmidt,S., Trimpert,J., Silaghi,C., Heckel,G., Ulrich,R.G., Drewes,S.","Institute for Novel and Emerging Infectious Diseases, Friedrich-Loeffler-Institut",Germany,1,2011,2021-02-09,ssRNA(-)
MW091494.1,GenBank,,,,,Orthohantavirus dobravaense,Orthohantavirus dobravaense,Orthohantavirus,Hantaviridae,,KS18/1812,L,"Orthohantavirus dobravaense isolate KS18/1812 RNA-dependent RNA polymerase gene, complete cds",6456,partial,"Austria: Lake Neusiedl, site 10",Austria,,Apodemus agrarius,heart,"Jeske,K., Herzig-Straschil,B., Raileanu,C., Kunec,D., Tauchmann,O., Emirhar,D., Schmidt,S., Trimpert,J., Silaghi,C., Heckel,G., Ulrich,R.G., Drewes,S.","Institute for Novel and Emerging Infectious Diseases, Friedrich-Loeffler-Institut",Germany,1,2017,2021-02-09,ssRNA(-)
MW151008.1,GenBank,,,,,Orthohantavirus dobravaense,Orthohantavirus dobravaense,Orthohantavirus,Hantaviridae,,KS12/1827,S,"Orthohantavirus dobravaense isolate KS12/1827 nucleocapsid protein gene, complete cds",1290,partial,"Austria: Lake Neusiedl, site 3",Austria,,Apodemus agrarius,"kidney, abdominal cavity","Jeske,K., Herzig-Straschil,B., Raileanu,C., Kunec,D., Tauchmann,O., Emirhar,D., Schmidt,S., Trimpert,J., Silaghi,C., Heckel,G., Ulrich,R.G., Drewes,S.","Institute for Novel and Emerging Infectious Diseases, Friedrich-Loeffler-Institut",Germany,1,2011,2021-02-09,ssRNA(-)
MN854701.1,GenBank,,,,,Orthohantavirus dobravaense,Orthohantavirus dobravaense,Orthohantavirus,Hantaviridae,,2019.00054,L,"Orthohantavirus dobravaense strain ex-southeast-Europe/Hu/FRA/2018/2019.00054 RNA-dependent RNA polymerase gene, partial cds",351,partial,France,France,,Homo sapiens,blood,"Antoine,M., Langlois,M.E., Bres,E., Rabeyrin,M., Reynes,J.-M., Deeb,A., Ripaux-Lefevre,M., Caro,V.","Institut Pasteur, Unite Environnement et Risques Infectieux",France,,2018-09-26,2021-01-13,ssRNA(-)
MN657233.1,GenBank,,,,,Orthohantavirus dobravaense,Orthohantavirus dobravaense,Orthohantavirus,Hantaviridae,,KS18/1812,S,"Orthohantavirus dobravaense isolate KS18/1812 nucleocapsid protein gene, complete cds",1290,partial,"Austria: Lake Neusiedl, site 10",Austria,,Apodemus agrarius,lung,"Jeske,K., Herzig-Straschil,B., Raileanu,C., Kunec,D., Tauchmann,O., Emirhar,D., Schmidt,S., Trimpert,J., Silaghi,C., Heckel,G., Ulrich,R.G., Drewes,S.","Institute for Novel and Emerging Infectious Diseases, Friedrich-Loeffler-Institut",Germany,1,2017,2020-12-15,ssRNA(-)
MH598462.1,GenBank,,,,,Orthohantavirus dobravaense,Orthohantavirus dobravaense,Orthohantavirus,Hantaviridae,,,,"Orthohantavirus dobravaense strain Aa15-14 RNA-dependent RNA polymerase gene, partial cds",326,partial,Poland,Poland,,Apodemus agrarius,lung,"Song,J.-W.","School of Medicine, Korea University, Microbiology",,,2015-11-03,2020-07-31,ssRNA(-)
MH598463.1,GenBank,,,,,Orthohantavirus dobravaense,Orthohantavirus dobravaense,Orthohantavirus,Hantaviridae,,,,"Orthohantavirus dobravaense strain Aa15-14 RNA-dependent RNA polymerase gene, partial cds",326,partial,Poland,Poland,,Apodemus agrarius,lung,"Song,J.-W.","School of Medicine, Korea University, Microbiology",,,2015-11-03,2020-07-31,ssRNA(-)
MH598464.1,GenBank,,,,,Orthohantavirus dobravaense,Orthohantavirus dobravaense,Orthohantavirus,Hantaviridae,,,,"Orthohantavirus dobravaense strain Aa15-14 glycoprotein gene, partial cds",419,partial,Poland,Poland,,Apodemus agrarius,lung,"Song,J.-W.","School of Medicine, Korea University, Microbiology",,,2015-11-03,2020-07-31,ssRNA(-)
MH598465.1,GenBank,,,,,Orthohantavirus dobravaense,Orthohantavirus dobravaense,Orthohantavirus,Hantaviridae,,,,"Orthohantavirus dobravaense strain Aa15-42 nucleocapsid protein gene, complete cds",1290,partial,Poland,Poland,,Apodemus agrarius,lung,"Song,J.-W.","School of Medicine, Korea University, Microbiology",,,2015-11-13,2020-07-31,ssRNA(-)
MK605641.1,GenBank,set:ddf5e83f9da05a63f585df7e478617fa2cbb8295,,,,Orthohantavirus dobravaense,Orthohantavirus dobravaense,Orthohantavirus,Hantaviridae,,DOBV/hu1/Domasov nad Bystrici/CZ,L,"Orthohantavirus dobravaense isolate DOBV/hu1/Domasov nad Bystrici/CZ segment L RNA-dependent RNA polymerase gene, partial cds",195,partial,Czech Republic,Czech Republic,,Homo sapiens,blood,"Zelena,H., Strakova,P., Heroldova,M., Mrazek,J., Kastl,T., Zakovska,A., Ruzek,D., Smetana,J., Rudolf,I.","Institute of Vertebrate Biology, Molecular Genetics Laboratory",Czech Republic,1,2010,2019-11-09,ssRNA(-)
MK605642.1,GenBank,set:45f0d4b895a6a8fc81e5fb190051188d80501acc,,,,Orthohantavirus dobravaense,Orthohantavirus dobravaense,Orthohantavirus,Hantaviridae,,DOBV/hu2/Josefovice/CZ,L,"Orthohantavirus dobravaense isolate DOBV/hu2/Josefovice/CZ segment L RNA-dependent RNA polymerase gene, partial cds",195,partial,Czech Republic,Czech Republic,,Homo sapiens,blood,"Zelena,H., Strakova,P., Heroldova,M., Mrazek,J., Kastl,T., Zakovska,A., Ruzek,D., Smetana,J., Rudolf,I.","Institute of Vertebrate Biology, Molecular Genetics Laboratory",Czech Republic,1,2011,2019-11-09,ssRNA(-)
MK605643.1,GenBank,set:0485c31bd3934f6c28f25c8ac12915d11feb5021,,,,Orthohantavirus dobravaense,Orthohantavirus dobravaense,Orthohantavirus,Hantaviridae,,DOBV/hu3/Bilovec/CZ,L,"Orthohantavirus dobravaense isolate DOBV/hu3/Bilovec/CZ segment L RNA-dependent RNA polymerase gene, partial cds",195,partial,Czech Republic,Czech Republic,,Homo sapiens,blood,"Zelena,H., Strakova,P., Heroldova,M., Mrazek,J., Kastl,T., Zakovska,A., Ruzek,D., Smetana,J., Rudolf,I.","Institute of Vertebrate Biology, Molecular Genetics Laboratory",Czech Republic,1,2011,2019-11-09,ssRNA(-)
MK605644.1,GenBank,set:01c3e084227f281106a50c519e8c62041bdbe765,,,,Orthohantavirus dobravaense,Orthohantavirus dobravaense,Orthohantavirus,Hantaviridae,,DOBV/hu4/Velka Kras/CZ,L,"Orthohantavirus dobravaense isolate DOBV/hu4/Velka Kras/CZ segment L RNA-dependent RNA polymerase gene, partial cds",195,partial,Czech Republic,Czech Republic,,Homo sapiens,blood,"Zelena,H., Strakova,P., Heroldova,M., Mrazek,J., Kastl,T., Zakovska,A., Ruzek,D., Smetana,J., Rudolf,I.","Institute of Vertebrate Biology, Molecular Genetics Laboratory",Czech Republic,1,2011,2019-11-09,ssRNA(-)
MK605645.1,GenBank,set:3d54ba99e0a0450764dcdcbf8517417eba0168f9,,,,Orthohantavirus dobravaense,Orthohantavirus dobravaense,Orthohantavirus,Hantaviridae,,DOBV/hu5/Klimkovice/CZ,L,"Orthohantavirus dobravaense isolate DOBV/hu5/Klimkovice/CZ segment L RNA-dependent RNA polymerase gene, partial cds",195,partial,Czech Republic,Czech Republic,,Homo sapiens,blood,"Zelena,H., Strakova,P., Heroldova,M., Mrazek,J., Kastl,T., Zakovska,A., Ruzek,D., Smetana,J., Rudolf,I.","Institute of Vertebrate Biology, Molecular Genetics Laboratory",Czech Republic,1,2011,2019-11-09,ssRNA(-)
MK605646.1,GenBank,set:2e010fffeb819e5ea6156d7ce0f995de94a672ac,,,,Orthohantavirus dobravaense,Orthohantavirus dobravaense,Orthohantavirus,Hantaviridae,,DOBV/hu6/Cernotin/CZ,L,"Orthohantavirus dobravaense isolate DOBV/hu6/Cernotin/CZ segment L RNA-dependent RNA polymerase gene, partial cds",195,partial,Czech Republic,Czech Republic,,Homo sapiens,blood,"Zelena,H., Strakova,P., Heroldova,M., Mrazek,J., Kastl,T., Zakovska,A., Ruzek,D., Smetana,J., Rudolf,I.","Institute of Vertebrate Biology, Molecular Genetics Laboratory",Czech Republic,1,2011,2019-11-09,ssRNA(-)
MK605647.1,GenBank,set:df60f2b05685f4fe31c911f2d062cc85026de567,,,,Orthohantavirus dobravaense,Orthohantavirus dobravaense,Orthohantavirus,Hantaviridae,,DOBV/hu7/Ostrava/CZ,L,"Orthohantavirus dobravaense isolate DOBV/hu7/Ostrava/CZ segment L RNA-dependent RNA polymerase gene, partial cds",195,partial,Czech Republic,Czech Republic,,Homo sapiens,blood,"Zelena,H., Strakova,P., Heroldova,M., Mrazek,J., Kastl,T., Zakovska,A., Ruzek,D., Smetana,J., Rudolf,I.","Institute of Vertebrate Biology, Molecular Genetics Laboratory",Czech Republic,1,2012,2019-11-09,ssRNA(-)
MK605648.1,GenBank,set:5ea5b0605c80892afe14c8c8080b780939afbe39,,,,Orthohantavirus dobravaense,Orthohantavirus dobravaense,Orthohantavirus,Hantaviridae,,DOBV/hu8/Cernotin/CZ,L,"Orthohantavirus dobravaense isolate DOBV/hu8/Cernotin/CZ segment L RNA-dependent RNA polymerase gene, partial cds",195,partial,Czech Republic,Czech Republic,,Homo sapiens,blood,"Zelena,H., Strakova,P., Heroldova,M., Mrazek,J., Kastl,T., Zakovska,A., Ruzek,D., Smetana,J., Rudolf,I.","Institute of Vertebrate Biology, Molecular Genetics Laboratory",Czech Republic,1,2012,2019-11-09,ssRNA(-)
MK605649.1,GenBank,set:b5533a162fa65974b7f289ee25d5b4a522664200,,,,Orthohantavirus dobravaense,Orthohantavirus dobravaense,Orthohantavirus,Hantaviridae,,DOBV/hu9/Ostrava/CZ,L,"Orthohantavirus dobravaense isolate DOBV/hu9/Ostrava/CZ segment L RNA-dependent RNA polymerase gene, partial cds",195,partial,Czech Republic,Czech Republic,,Homo sapiens,blood,"Zelena,H., Strakova,P., Heroldova,M., Mrazek,J., Kastl,T., Zakovska,A., Ruzek,D., Smetana,J., Rudolf,I.","Institute of Vertebrate Biology, Molecular Genetics Laboratory",Czech Republic,1,2012,2019-11-09,ssRNA(-)
MK605650.1,GenBank,set:3bd2c6ed094901b9e2949ea56983e44bffc34023,,,,Orthohantavirus dobravaense,Orthohantavirus dobravaense,Orthohantavirus,Hantaviridae,,DOBV/hu10/Valasska Polanka/CZ,L,"Orthohantavirus dobravaense isolate DOBV/hu10/Valasska Polanka/CZ segment L RNA-dependent RNA polymerase gene, partial cds",195,partial,Czech Republic,Czech Republic,,Homo sapiens,blood,"Zelena,H., Strakova,P., Heroldova,M., Mrazek,J., Kastl,T., Zakovska,A., Ruzek,D., Smetana,J., Rudolf,I.","Institute of Vertebrate Biology, Molecular Genetics Laboratory",Czech Republic,1,2012,2019-11-09,ssRNA(-)
MK605651.1,GenBank,set:c6cf65d7e2f1723f9a7d8411cff6b454889fcb5a,,,,Orthohantavirus dobravaense,Orthohantavirus dobravaense,Orthohantavirus,Hantaviridae,,DOBV/hu11/Karolinka/CZ,L,"Orthohantavirus dobravaense isolate DOBV/hu11/Karolinka/CZ segment L RNA-dependent RNA polymerase gene, partial cds",195,partial,Czech Republic,Czech Republic,,Homo sapiens,blood,"Zelena,H., Strakova,P., Heroldova,M., Mrazek,J., Kastl,T., Zakovska,A., Ruzek,D., Smetana,J., Rudolf,I.","Institute of Vertebrate Biology, Molecular Genetics Laboratory",Czech Republic,1,2012,2019-11-09,ssRNA(-)
MK605652.1,GenBank,set:38a947bad076e98e01b66159868559b3975b32d0,,,,Orthohantavirus dobravaense,Orthohantavirus dobravaense,Orthohantavirus,Hantaviridae,,DOBV/hu12/Sternberk/CZ,L,"Orthohantavirus dobravaense isolate DOBV/hu12/Sternberk/CZ segment L RNA-dependent RNA polymerase gene, partial cds",195,partial,Czech Republic,Czech Republic,,Homo sapiens,blood,"Zelena,H., Strakova,P., Heroldova,M., Mrazek,J., Kastl,T., Zakovska,A., Ruzek,D., Smetana,J., Rudolf,I.","Institute of Vertebrate Biology, Molecular Genetics Laboratory",Czech Republic,1,2012,2019-11-09,ssRNA(-)
MK605653.1,GenBank,set:0a346c188e346055f0ac19042dedcfb203da945c,,,,Orthohantavirus dobravaense,Orthohantavirus dobravaense,Orthohantavirus,Hantaviridae,,DOBV/hu14/Spalov/CZ,L,"Orthohantavirus dobravaense isolate DOBV/hu14/Spalov/CZ segment L RNA-dependent RNA polymerase gene, partial cds",195,partial,Czech Republic,Czech Republic,,Homo sapiens,blood,"Zelena,H., Strakova,P., Heroldova,M., Mrazek,J., Kastl,T., Zakovska,A., Ruzek,D., Smetana,J., Rudolf,I.","Institute of Vertebrate Biology, Molecular Genetics Laboratory",Czech Republic,1,2012,2019-11-09,ssRNA(-)
MK605654.1,GenBank,set:f581dccc8118bbcc8d1cd66954492654f4db7530,,,,Orthohantavirus dobravaense,Orthohantavirus dobravaense,Orthohantavirus,Hantaviridae,,DOBV/hu15/Vernovice/CZ,L,"Orthohantavirus dobravaense isolate DOBV/hu15/Vernovice/CZ segment L RNA-dependent RNA polymerase gene, partial cds",195,partial,Czech Republic,Czech Republic,,Homo sapiens,blood,"Zelena,H., Strakova,P., Heroldova,M., Mrazek,J., Kastl,T., Zakovska,A., Ruzek,D., Smetana,J., Rudolf,I.","Institute of Vertebrate Biology, Molecular Genetics Laboratory",Czech Republic,1,2013,2019-11-09,ssRNA(-)
MK605655.1,GenBank,set:ed7a82b4a6e6b2991d0fbac5ebfa432f37fd5581,,,,Orthohantavirus dobravaense,Orthohantavirus dobravaense,Orthohantavirus,Hantaviridae,,DOBV/hu16/Klimkovice/CZ,L,"Orthohantavirus dobravaense isolate DOBV/hu16/Klimkovice/CZ segment L RNA-dependent RNA polymerase gene, partial cds",195,partial,Czech Republic,Czech Republic,,Homo sapiens,blood,"Zelena,H., Strakova,P., Heroldova,M., Mrazek,J., Kastl,T., Zakovska,A., Ruzek,D., Smetana,J., Rudolf,I.","Institute of Vertebrate Biology, Molecular Genetics Laboratory",Czech Republic,1,2013,2019-11-09,ssRNA(-)
MK605656.1,GenBank,set:cc9091f1235d0c0be07653a028f15bd9ac3b877d,,,,Orthohantavirus dobravaense,Orthohantavirus dobravaense,Orthohantavirus,Hantaviridae,,DOBV/hu17/Bohuslavice u Hlucina/CZ,L,"Orthohantavirus dobravaense isolate DOBV/hu17/Bohuslavice u Hlucina/CZ segment L RNA-dependent RNA polymerase gene, partial cds",195,partial,Czech Republic,Czech Republic,,Homo sapiens,blood,"Zelena,H., Strakova,P., Heroldova,M., Mrazek,J., Kastl,T., Zakovska,A., Ruzek,D., Smetana,J., Rudolf,I.","Institute of Vertebrate Biology, Molecular Genetics Laboratory",Czech Republic,1,2013,2019-11-09,ssRNA(-)
MK605657.1,GenBank,set:3c2423fc3577e479580199b87795cba9a3296e3e,,,,Orthohantavirus dobravaense,Orthohantavirus dobravaense,Orthohantavirus,Hantaviridae,,DOBV/hu19/Lichnov u Noveho Jicina/CZ,L,"Orthohantavirus dobravaense isolate DOBV/hu19/Lichnov u Noveho Jicina/CZ segment L RNA-dependent RNA polymerase gene, partial cds",195,partial,Czech Republic,Czech Republic,,Homo sapiens,blood,"Zelena,H., Strakova,P., Heroldova,M., Mrazek,J., Kastl,T., Zakovska,A., Ruzek,D., Smetana,J., Rudolf,I.","Institute of Vertebrate Biology, Molecular Genetics Laboratory",Czech Republic,1,2014,2019-11-09,ssRNA(-)
MK605658.1,GenBank,set:645dc12b1ae6c6fd0d32447f676b6d5fbd4a632c,,,,Orthohantavirus dobravaense,Orthohantavirus dobravaense,Orthohantavirus,Hantaviridae,,DOBV/hu20/Jakubcovice/CZ,L,"Orthohantavirus dobravaense isolate DOBV/hu20/Jakubcovice/CZ segment L RNA-dependent RNA polymerase gene, partial cds",195,partial,Czech Republic,Czech Republic,,Homo sapiens,blood,"Zelena,H., Strakova,P., Heroldova,M., Mrazek,J., Kastl,T., Zakovska,A., Ruzek,D., Smetana,J., Rudolf,I.","Institute of Vertebrate Biology, Molecular Genetics Laboratory",Czech Republic,1,2014,2019-11-09,ssRNA(-)
MK605659.1,GenBank,set:2c81912d29673eb1b1e9e7dbf7f2c8262676e812,,,,Orthohantavirus dobravaense,Orthohantavirus dobravaense,Orthohantavirus,Hantaviridae,,DOBV/hu21/Dolni Netcice/CZ,L,"Orthohantavirus dobravaense isolate DOBV/hu21/Dolni Netcice/CZ segment L RNA-dependent RNA polymerase gene, partial cds",195,partial,Czech Republic,Czech Republic,,Homo sapiens,blood,"Zelena,H., Strakova,P., Heroldova,M., Mrazek,J., Kastl,T., Zakovska,A., Ruzek,D., Smetana,J., Rudolf,I.","Institute of Vertebrate Biology, Molecular Genetics Laboratory",Czech Republic,1,2014,2019-11-09,ssRNA(-)
MK605660.1,GenBank,set:0a9ddf7e8fd2938a948ac3652810e7df65cce7fc,,,,Orthohantavirus dobravaense,Orthohantavirus dobravaense,Orthohantavirus,Hantaviridae,,DOBV/hu23/Nedasov/CZ,L,"Orthohantavirus dobravaense isolate DOBV/hu23/Nedasov/CZ segment L RNA-dependent RNA polymerase gene, partial cds",195,partial,Czech Republic,Czech Republic,,Homo sapiens,blood,"Zelena,H., Strakova,P., Heroldova,M., Mrazek,J., Kastl,T., Zakovska,A., Ruzek,D., Smetana,J., Rudolf,I.","Institute of Vertebrate Biology, Molecular Genetics Laboratory",Czech Republic,1,2015,2019-11-09,ssRNA(-)
MK605661.1,GenBank,set:74a3d68060a4c9f82397a74d00756d3bd4cf7008,,,,Orthohantavirus dobravaense,Orthohantavirus dobravaense,Orthohantavirus,Hantaviridae,,DOBV/hu24/Velke Heraltice/CZ,L,"Orthohantavirus dobravaense isolate DOBV/hu24/Velke Heraltice/CZ segment L RNA-dependent RNA polymerase gene, partial cds",195,partial,Czech Republic,Czech Republic,,Homo sapiens,blood,"Zelena,H., Strakova,P., Heroldova,M., Mrazek,J., Kastl,T., Zakovska,A., Ruzek,D., Smetana,J., Rudolf,I.","Institute of Vertebrate Biology, Molecular Genetics Laboratory",Czech Republic,1,2015,2019-11-09,ssRNA(-)
MK605662.1,GenBank,set:879720f6a8775a4619dc69cd286e1527d0c58f00,,,,Orthohantavirus dobravaense,Orthohantavirus dobravaense,Orthohantavirus,Hantaviridae,,DOBV/hu25/Tuchlovice/CZ,L,"Orthohantavirus dobravaense isolate DOBV/hu25/Tuchlovice/CZ segment L RNA-dependent RNA polymerase gene, partial cds",195,partial,Czech Republic,Czech Republic,,Homo sapiens,blood,"Zelena,H., Strakova,P., Heroldova,M., Mrazek,J., Kastl,T., Zakovska,A., Ruzek,D., Smetana,J., Rudolf,I.","Institute of Vertebrate Biology, Molecular Genetics Laboratory",Czech Republic,1,2016,2019-11-09,ssRNA(-)
MK605663.1,GenBank,set:a727939664c1f8b0e3a44c567c1f86e15e5d7343,,,,Orthohantavirus dobravaense,Orthohantavirus dobravaense,Orthohantavirus,Hantaviridae,,DOBV/hu26/locality unknown/CZ,L,"Orthohantavirus dobravaense isolate DOBV/hu26/locality unknown/CZ segment L RNA-dependent RNA polymerase gene, partial cds",195,partial,Czech Republic,Czech Republic,,Homo sapiens,blood,"Zelena,H., Strakova,P., Heroldova,M., Mrazek,J., Kastl,T., Zakovska,A., Ruzek,D., Smetana,J., Rudolf,I.","Institute of Vertebrate Biology, Molecular Genetics Laboratory",Czech Republic,1,2017,2019-11-09,ssRNA(-)
MK605664.1,GenBank,set:c2c3c20b86ebbd4aa405dca778308715974bc473,,,,Orthohantavirus dobravaense,Orthohantavirus dobravaense,Orthohantavirus,Hantaviridae,,DOBV/hu27/Jindrichov u Sumperka/CZ,L,"Orthohantavirus dobravaense isolate DOBV/hu27/Jindrichov u Sumperka/CZ segment L RNA-dependent RNA polymerase gene, partial cds",195,partial,Czech Republic,Czech Republic,,Homo sapiens,blood,"Zelena,H., Strakova,P., Heroldova,M., Mrazek,J., Kastl,T., Zakovska,A., Ruzek,D., Smetana,J., Rudolf,I.","Institute of Vertebrate Biology, Molecular Genetics Laboratory",Czech Republic,1,2018,2019-11-09,ssRNA(-)
MK605665.1,GenBank,set:e37e4d6a3db53c6031f67ff0f2c8d79ce48c3a0d,,,,Orthohantavirus dobravaense,Orthohantavirus dobravaense,Orthohantavirus,Hantaviridae,,DOBV/hu28/Senov u Noveho Jicina/CZ,L,"Orthohantavirus dobravaense isolate DOBV/hu28/Senov u Noveho Jicina/CZ segment L RNA-dependent RNA polymerase gene, partial cds",195,partial,Czech Republic,Czech Republic,,Homo sapiens,blood,"Zelena,H., Strakova,P., Heroldova,M., Mrazek,J., Kastl,T., Zakovska,A., Ruzek,D., Smetana,J., Rudolf,I.","Institute of Vertebrate Biology, Molecular Genetics Laboratory",Czech Republic,1,2018,2019-11-09,ssRNA(-)
MK605666.1,GenBank,set:4066a23ffca8090b8153a4505156769e334273e7,,,,Orthohantavirus dobravaense,Orthohantavirus dobravaense,Orthohantavirus,Hantaviridae,,DOBV/CZ/hu2/2011,M,"Orthohantavirus dobravaense isolate DOBV/CZ/hu2/2011 segment M glycoprotein precursor, gene, partial cds",264,partial,Czech Republic,Czech Republic,,Homo sapiens,,"Zelena,H., Strakova,P., Heroldova,M., Mrazek,J., Kastl,T., Zakovska,A., Ruzek,D., Smetana,J., Rudolf,I.","Institute of Vertebrate Biology, Molecular Genetics Laboratory",Czech Republic,1,2011,2019-11-09,ssRNA(-)
MK605667.1,GenBank,set:d1036ff3d0a5bec9eae2d6b09ad081eb5099ba5b,,,,Orthohantavirus dobravaense,Orthohantavirus dobravaense,Orthohantavirus,Hantaviridae,,DOBV/CZ/hu3/2011,M,"Orthohantavirus dobravaense isolate DOBV/CZ/hu3/2011 segment M glycoprotein precursor, gene, partial cds",264,partial,Czech Republic,Czech Republic,,Homo sapiens,,"Zelena,H., Strakova,P., Heroldova,M., Mrazek,J., Kastl,T., Zakovska,A., Ruzek,D., Smetana,J., Rudolf,I.","Institute of Vertebrate Biology, Molecular Genetics Laboratory",Czech Republic,1,2011,2019-11-09,ssRNA(-)
MK605668.1,GenBank,set:e5bf659f9801be45c9aee9341d12716569919c93,,,,Orthohantavirus dobravaense,Orthohantavirus dobravaense,Orthohantavirus,Hantaviridae,,DOBV/CZ/hu4/2011,M,"Orthohantavirus dobravaense isolate DOBV/CZ/hu4/2011 segment M glycoprotein precursor, gene, partial cds",264,partial,Czech Republic,Czech Republic,,Homo sapiens,,"Zelena,H., Strakova,P., Heroldova,M., Mrazek,J., Kastl,T., Zakovska,A., Ruzek,D., Smetana,J., Rudolf,I.","Institute of Vertebrate Biology, Molecular Genetics Laboratory",Czech Republic,1,2011,2019-11-09,ssRNA(-)
MK605669.1,GenBank,set:69b8b8db4fa0beba00dce517c9d92f0ee64c721f,,,,Orthohantavirus dobravaense,Orthohantavirus dobravaense,Orthohantavirus,Hantaviridae,,DOBV/CZ/hu7/2012,M,"Orthohantavirus dobravaense isolate DOBV/CZ/hu7/2012 segment M glycoprotein precursor, gene, partial cds",264,partial,Czech Republic,Czech Republic,,Homo sapiens,,"Zelena,H., Strakova,P., Heroldova,M., Mrazek,J., Kastl,T., Zakovska,A., Ruzek,D., Smetana,J., Rudolf,I.","Institute of Vertebrate Biology, Molecular Genetics Laboratory",Czech Republic,1,2012,2019-11-09,ssRNA(-)
MK605670.1,GenBank,set:160ed345b486380801c7d45cabd5efe6725fe81d,,,,Orthohantavirus dobravaense,Orthohantavirus dobravaense,Orthohantavirus,Hantaviridae,,DOBV/CZ/hu15/2013,M,"Orthohantavirus dobravaense isolate DOBV/CZ/hu15/2013 segment M glycoprotein precursor, gene, partial cds",264,partial,Czech Republic,Czech Republic,,Homo sapiens,,"Zelena,H., Strakova,P., Heroldova,M., Mrazek,J., Kastl,T., Zakovska,A., Ruzek,D., Smetana,J., Rudolf,I.","Institute of Vertebrate Biology, Molecular Genetics Laboratory",Czech Republic,1,2013,2019-11-09,ssRNA(-)
MK605671.1,GenBank,set:3bdd54d5f59fbdda219f95286300dfe96fc105ce,,,,Orthohantavirus dobravaense,Orthohantavirus dobravaense,Orthohantavirus,Hantaviridae,,DOBV/CZ/hu24/2015,M,"Orthohantavirus dobravaense isolate DOBV/CZ/hu24/2015 segment M glycoprotein precursor, gene, partial cds",264,partial,Czech Republic,Czech Republic,,Homo sapiens,,"Zelena,H., Strakova,P., Heroldova,M., Mrazek,J., Kastl,T., Zakovska,A., Ruzek,D., Smetana,J., Rudolf,I.","Institute of Vertebrate Biology, Molecular Genetics Laboratory",Czech Republic,1,2015,2019-11-09,ssRNA(-)
MK605672.1,GenBank,set:4066a23ffca8090b8153a4505156769e334273e7,,,,Orthohantavirus dobravaense,Orthohantavirus dobravaense,Orthohantavirus,Hantaviridae,,DOBV/CZ/hu2/2011,S,"Orthohantavirus dobravaense isolate DOBV/CZ/hu2/2011 segment S nucleocapsid protein gene, partial cds",531,partial,Czech Republic,Czech Republic,,Homo sapiens,,"Zelena,H., Strakova,P., Heroldova,M., Mrazek,J., Kastl,T., Zakovska,A., Ruzek,D., Smetana,J., Rudolf,I.","Institute of Vertebrate Biology, Molecular Genetics Laboratory",Czech Republic,1,2011,2019-11-09,ssRNA(-)
MK605673.1,GenBank,set:d1036ff3d0a5bec9eae2d6b09ad081eb5099ba5b,,,,Orthohantavirus dobravaense,Orthohantavirus dobravaense,Orthohantavirus,Hantaviridae,,DOBV/CZ/hu3/2011,S,"Orthohantavirus dobravaense isolate DOBV/CZ/hu3/2011 segment S nucleocapsid protein gene, partial cds",531,partial,Czech Republic,Czech Republic,,Homo sapiens,,"Zelena,H., Strakova,P., Heroldova,M., Mrazek,J., Kastl,T., Zakovska,A., Ruzek,D., Smetana,J., Rudolf,I.","Institute of Vertebrate Biology, Molecular Genetics Laboratory",Czech Republic,1,2011,2019-11-09,ssRNA(-)
MK605674.1,GenBank,set:69b8b8db4fa0beba00dce517c9d92f0ee64c721f,,,,Orthohantavirus dobravaense,Orthohantavirus dobravaense,Orthohantavirus,Hantaviridae,,DOBV/CZ/hu7/2012,S,"Orthohantavirus dobravaense isolate DOBV/CZ/hu7/2012 segment S nucleocapsid protein gene, partial cds",531,partial,Czech Republic,Czech Republic,,Homo sapiens,,"Zelena,H., Strakova,P., Heroldova,M., Mrazek,J., Kastl,T., Zakovska,A., Ruzek,D., Smetana,J., Rudolf,I.","Institute of Vertebrate Biology, Molecular Genetics Laboratory",Czech Republic,1,2012,2019-11-09,ssRNA(-)
MK605675.1,GenBank,set:652a9a097d6ee4d6188f5c72d60dae52487267a4,,,,Orthohantavirus dobravaense,Orthohantavirus dobravaense,Orthohantavirus,Hantaviridae,,DOBV/CZ/hu9/2012,S,"Orthohantavirus dobravaense isolate DOBV/CZ/hu9/2012 segment S nucleocapsid protein gene, partial cds",531,partial,Czech Republic,Czech Republic,,Homo sapiens,,"Zelena,H., Strakova,P., Heroldova,M., Mrazek,J., Kastl,T., Zakovska,A., Ruzek,D., Smetana,J., Rudolf,I.","Institute of Vertebrate Biology, Molecular Genetics Laboratory",Czech Republic,1,2012,2019-11-09,ssRNA(-)
MK605676.1,GenBank,set:06fa8b128d61f480bfb12cacbc32ed8b84c0f3cb,,,,Orthohantavirus dobravaense,Orthohantavirus dobravaense,Orthohantavirus,Hantaviridae,,DOBV/CZ/hu10/2012,S,"Orthohantavirus dobravaense isolate DOBV/CZ/hu10/2012 segment S nucleocapsid protein gene, partial cds",531,partial,Czech Republic,Czech Republic,,Homo sapiens,,"Zelena,H., Strakova,P., Heroldova,M., Mrazek,J., Kastl,T., Zakovska,A., Ruzek,D., Smetana,J., Rudolf,I.","Institute of Vertebrate Biology, Molecular Genetics Laboratory",Czech Republic,1,2012,2019-11-09,ssRNA(-)
MK605677.1,GenBank,set:938afd040a7e617ad0599fb6e564dd4bc7b2ec61,,,,Orthohantavirus dobravaense,Orthohantavirus dobravaense,Orthohantavirus,Hantaviridae,,DOBV/CZ/hu11/2012,S,"Orthohantavirus dobravaense isolate DOBV/CZ/hu11/2012 segment S nucleocapsid protein gene, partial cds",531,partial,Czech Republic,Czech Republic,,Homo sapiens,,"Zelena,H., Strakova,P., Heroldova,M., Mrazek,J., Kastl,T., Zakovska,A., Ruzek,D., Smetana,J., Rudolf,I.","Institute of Vertebrate Biology, Molecular Genetics Laboratory",Czech Republic,1,2012,2019-11-09,ssRNA(-)
MK605678.1,GenBank,set:cb10d2e128112e9d5958cc74e6a686277e9da5b4,,,,Orthohantavirus dobravaense,Orthohantavirus dobravaense,Orthohantavirus,Hantaviridae,,DOBV/CZ/hu14/2012,S,"Orthohantavirus dobravaense isolate DOBV/CZ/hu14/2012 segment S nucleocapsid protein gene, partial cds",531,partial,Czech Republic,Czech Republic,,Homo sapiens,,"Zelena,H., Strakova,P., Heroldova,M., Mrazek,J., Kastl,T., Zakovska,A., Ruzek,D., Smetana,J., Rudolf,I.","Institute of Vertebrate Biology, Molecular Genetics Laboratory",Czech Republic,1,2012,2019-11-09,ssRNA(-)
MK605679.1,GenBank,set:fcaaca2a71ee34179121febbd6bf9a455a30599a,,,,Orthohantavirus dobravaense,Orthohantavirus dobravaense,Orthohantavirus,Hantaviridae,,DOBV/Af419/Celadna/CZ/2010,L,"Orthohantavirus dobravaense isolate DOBV/Af419/Celadna/CZ/2010 segment L RNA-dependent RNA polymerase gene, partial cds",267,partial,Czech Republic,Czech Republic,,Apodemus flavicollis,lung,"Zelena,H., Strakova,P., Heroldova,M., Mrazek,J., Kastl,T., Zakovska,A., Ruzek,D., Smetana,J., Rudolf,I.","Institute of Vertebrate Biology, Molecular Genetics Laboratory",Czech Republic,1,2010,2019-11-09,ssRNA(-)
MK605680.1,GenBank,set:8e3add676134cda29f02417e5818d48a23fc1f3a,,,,Orthohantavirus dobravaense,Orthohantavirus dobravaense,Orthohantavirus,Hantaviridae,,DOBV/AaP40/Petrovice/CZ/2014,L,"Orthohantavirus dobravaense isolate DOBV/AaP40/Petrovice/CZ/2014 segment L RNA-dependent RNA polymerase gene, partial cds",267,partial,Czech Republic,Czech Republic,,Apodemus agrarius,lung,"Zelena,H., Strakova,P., Heroldova,M., Mrazek,J., Kastl,T., Zakovska,A., Ruzek,D., Smetana,J., Rudolf,I.","Institute of Vertebrate Biology, Molecular Genetics Laboratory",Czech Republic,1,2014,2019-11-09,ssRNA(-)
MK605681.1,GenBank,set:e77236c1b7ad83869f93fa2128d4af77cecc28da,,,,Orthohantavirus dobravaense,Orthohantavirus dobravaense,Orthohantavirus,Hantaviridae,,DOBV/Aa17-112/Petrovice/CZ/2014,L,"Orthohantavirus dobravaense isolate DOBV/Aa17-112/Petrovice/CZ/2014 segment L RNA-dependent RNA polymerase gene, partial cds",267,partial,Czech Republic,Czech Republic,,Apodemus agrarius,lung,"Zelena,H., Strakova,P., Heroldova,M., Mrazek,J., Kastl,T., Zakovska,A., Ruzek,D., Smetana,J., Rudolf,I.","Institute of Vertebrate Biology, Molecular Genetics Laboratory",Czech Republic,1,2014,2019-11-09,ssRNA(-)
MK770453.1,GenBank,set:b55b8914f5950f8adbdceff022d43732f338032e,,,,Orthohantavirus dobravaense,Orthohantavirus dobravaense,Orthohantavirus,Hantaviridae,Kurkino,,L,"Orthohantavirus dobravaense strain BadFreienwalde/H1/14 RNA-dependent RNA polymerase gene, partial cds",347,partial,Germany,Germany,,Homo sapiens,blood,"Faber,M., Krueger,D.H., Auste,B., Stark,K., Hofmann,J., Weiss,S., Kruger,D.H.","Charite - Universitaetsmedizin Berlin, Molecular Evolution and Epidemiology of Hantaviruses",Germany,,2014,2019-08-12,ssRNA(-)
MK770454.1,GenBank,set:77e2139cf5dc287dbbb21ed1dae559a4440f3185,,,,Orthohantavirus dobravaense,Orthohantavirus dobravaense,Orthohantavirus,Hantaviridae,Kurkino,,L,"Orthohantavirus dobravaense strain Berlin/H1/15 RNA-dependent RNA polymerase gene, partial cds",347,partial,Germany,Germany,,Homo sapiens,blood,"Faber,M., Krueger,D.H., Auste,B., Stark,K., Hofmann,J., Weiss,S., Kruger,D.H.","Charite - Universitaetsmedizin Berlin, Molecular Evolution and Epidemiology of Hantaviruses",Germany,,2015,2019-08-12,ssRNA(-)
MK770455.1,GenBank,set:bb498d28b0e408cc38d699cc5a1e53c88f376924,,,,Orthohantavirus dobravaense,Orthohantavirus dobravaense,Orthohantavirus,Hantaviridae,Kurkino,,L,"Orthohantavirus dobravaense strain Borna/H1/14 RNA-dependent RNA polymerase gene, partial cds",347,partial,Germany,Germany,,Homo sapiens,blood,"Faber,M., Krueger,D.H., Auste,B., Stark,K., Hofmann,J., Weiss,S., Kruger,D.H.","Charite - Universitaetsmedizin Berlin, Molecular Evolution and Epidemiology of Hantaviruses",Germany,,2014,2019-08-12,ssRNA(-)
MK770456.1,GenBank,set:ac00f4c1494762983bbba16dbff70a23b73cd030,,,,Orthohantavirus dobravaense,Orthohantavirus dobravaense,Orthohantavirus,Hantaviridae,Kurkino,,L,"Orthohantavirus dobravaense strain Chemnitz/H1/14 RNA-dependent RNA polymerase gene, partial cds",347,partial,Germany,Germany,,Homo sapiens,blood,"Faber,M., Krueger,D.H., Auste,B., Stark,K., Hofmann,J., Weiss,S., Kruger,D.H.","Charite - Universitaetsmedizin Berlin, Molecular Evolution and Epidemiology of Hantaviruses",Germany,,2014,2019-08-12,ssRNA(-)
MK770457.1,GenBank,set:ebc49e3e6925a6a4042ddb6abada345f52d731ff,,,,Orthohantavirus dobravaense,Orthohantavirus dobravaense,Orthohantavirus,Hantaviridae,Kurkino,,L,"Orthohantavirus dobravaense strain Nauen/H1/17 RNA-dependent RNA polymerase gene, partial cds",347,partial,Germany,Germany,,Homo sapiens,blood,"Faber,M., Krueger,D.H., Auste,B., Stark,K., Hofmann,J., Weiss,S., Kruger,D.H.","Charite - Universitaetsmedizin Berlin, Molecular Evolution and Epidemiology of Hantaviruses",Germany,,2017,2019-08-12,ssRNA(-)
MK770458.1,GenBank,set:954ed9c008fd19557eb31e72c6fcd08b7f582810,,,,Orthohantavirus dobravaense,Orthohantavirus dobravaense,Orthohantavirus,Hantaviridae,Kurkino,,L,"Orthohantavirus dobravaense strain Wittenberg/H1/15 RNA-dependent RNA polymerase gene, partial cds",347,partial,Germany,Germany,,Homo sapiens,blood,"Faber,M., Krueger,D.H., Auste,B., Stark,K., Hofmann,J., Weiss,S., Kruger,D.H.","Charite - Universitaetsmedizin Berlin, Molecular Evolution and Epidemiology of Hantaviruses",Germany,,2015,2019-08-12,ssRNA(-)
MH251334.1,GenBank,set:107de667728f163b71c4cddd08bc796e44cd181f,,,,Orthohantavirus dobravaense,Orthohantavirus dobravaense,Orthohantavirus,Hantaviridae,,DOB-SOCHI,S,"Orthohantavirus dobravaense isolate DOB-SOCHI segment S, complete sequence",1649,partial,,,,Homo sapiens,,"Deviatkin,A.A., Lukashev,A.N., Tkachenko,E.A., Kurashova,S.S., Egorova,M.S., Dzagurova,T.K.",Chumakov Federal Scientific Center for Research and Development of Immune-and- Biological Products of RAS,,,,2019-03-05,ssRNA(-)
MH251335.1,GenBank,set:107de667728f163b71c4cddd08bc796e44cd181f,,,,Orthohantavirus dobravaense,Orthohantavirus dobravaense,Orthohantavirus,Hantaviridae,,DOB-SOCHI,M,"Orthohantavirus dobravaense isolate DOB-SOCHI segment M, complete sequence",3615,partial,,,,Homo sapiens,,"Deviatkin,A.A., Lukashev,A.N., Tkachenko,E.A., Kurashova,S.S., Egorova,M.S., Dzagurova,T.K.",Chumakov Federal Scientific Center for Research and Development of Immune-and- Biological Products of RAS,,,,2019-03-05,ssRNA(-)
MH251336.1,GenBank,set:107de667728f163b71c4cddd08bc796e44cd181f,,,,Orthohantavirus dobravaense,Orthohantavirus dobravaense,Orthohantavirus,Hantaviridae,,DOB-SOCHI,L,"Orthohantavirus dobravaense isolate DOB-SOCHI segment L, complete sequence",6514,partial,,,,Homo sapiens,,"Deviatkin,A.A., Lukashev,A.N., Tkachenko,E.A., Kurashova,S.S., Egorova,M.S., Dzagurova,T.K.",Chumakov Federal Scientific Center for Research and Development of Immune-and- Biological Products of RAS,,,,2019-03-05,ssRNA(-)
MH427107.1,GenBank,set:7c3ad4eaf289cda163776f36674b6bd255b2be05,,,,Orthohantavirus dobravaense,Orthohantavirus dobravaense,Orthohantavirus,Hantaviridae,,DOBV/Magnesia-73/02,,"Orthohantavirus dobravaense isolate DOBV/Magnesia-73/02 nucleocapsid protein gene, partial cds",531,partial,Greece,Greece,,,,"Tsergouli,K., Papadopoulou,E., Tsioka,K., Papa,A.","Aristotle University of Thessaloniki, Dept. of Microbiology",Greece,1,2002,2018-06-19,ssRNA(-)
MH427108.1,GenBank,set:07f7318107fc7fb898b4b0bf0d683d94aaabbe7c,,,,Orthohantavirus dobravaense,Orthohantavirus dobravaense,Orthohantavirus,Hantaviridae,,DOBV/Ioannina-79/02,,"Orthohantavirus dobravaense isolate DOBV/Ioannina-79/02 nucleocapsid protein gene, partial cds",531,partial,Greece,Greece,,,,"Tsergouli,K., Papadopoulou,E., Tsioka,K., Papa,A.","Aristotle University of Thessaloniki, Dept. of Microbiology",Greece,1,2002,2018-06-19,ssRNA(-)
MH427109.1,GenBank,set:33bb226899ff0f85fcb16b096c9c7983113e33f6,,,,Orthohantavirus dobravaense,Orthohantavirus dobravaense,Orthohantavirus,Hantaviridae,,DOBV/Fthiotida-75/03,,"Orthohantavirus dobravaense isolate DOBV/Fthiotida-75/03 nucleocapsid protein gene, partial cds",531,partial,Greece,Greece,,,,"Tsergouli,K., Papadopoulou,E., Tsioka,K., Papa,A.","Aristotle University of Thessaloniki, Dept. of Microbiology",Greece,1,2003,2018-06-19,ssRNA(-)
MH427110.1,GenBank,set:224964cc8f61c3924417437e7671b6f18c29749e,,,,Orthohantavirus dobravaense,Orthohantavirus dobravaense,Orthohantavirus,Hantaviridae,,DOBV/Trikala-102/04,,"Orthohantavirus dobravaense isolate DOBV/Trikala-102/04 nucleocapsid protein gene, partial cds",531,partial,Greece,Greece,,,,"Tsergouli,K., Papadopoulou,E., Tsioka,K., Papa,A.","Aristotle University of Thessaloniki, Dept. of Microbiology",Greece,1,2004,2018-06-19,ssRNA(-)
MH427111.1,GenBank,set:7f618cd67cdd11f1685c678c8521557c39936ecc,,,,Orthohantavirus dobravaense,Orthohantavirus dobravaense,Orthohantavirus,Hantaviridae,,DOBV/Grevena-240/04,,"Orthohantavirus dobravaense isolate DOBV/Grevena-240/04 nucleocapsid protein gene, partial cds",531,partial,Greece,Greece,,,,"Tsergouli,K., Papadopoulou,E., Tsioka,K., Papa,A.","Aristotle University of Thessaloniki, Dept. of Microbiology",Greece,1,2004,2018-06-19,ssRNA(-)
MH427112.1,GenBank,set:0b503f1c9d1596a05dbaebfecc68b668b383f887,,,,Orthohantavirus dobravaense,Orthohantavirus dobravaense,Orthohantavirus,Hantaviridae,,DOBV/Magnesia-167/05,,"Orthohantavirus dobravaense isolate DOBV/Magnesia-167/05 nucleocapsid protein gene, partial cds",531,partial,Greece,Greece,,,,"Tsergouli,K., Papadopoulou,E., Tsioka,K., Papa,A.","Aristotle University of Thessaloniki, Dept. of Microbiology",Greece,1,2005,2018-06-19,ssRNA(-)
MH427113.1,GenBank,set:abf1ed6f9c2b18e6bd104fdbf040587137247595,,,,Orthohantavirus dobravaense,Orthohantavirus dobravaense,Orthohantavirus,Hantaviridae,,DOBV/Ioannina-203/05,,"Orthohantavirus dobravaense isolate DOBV/Ioannina-203/05 nucleocapsid protein gene, partial cds",531,partial,Greece,Greece,,,,"Tsergouli,K., Papadopoulou,E., Tsioka,K., Papa,A.","Aristotle University of Thessaloniki, Dept. of Microbiology",Greece,1,2005,2018-06-19,ssRNA(-)
MH427114.1,GenBank,set:83389f7d4fcda1e529fb8ed26240ccca8b0510a4,,,,Orthohantavirus dobravaense,Orthohantavirus dobravaense,Orthohantavirus,Hantaviridae,,DOBV/Chalkidiki-236/05,,"Orthohantavirus dobravaense isolate DOBV/Chalkidiki-236/05 nucleocapsid protein gene, partial cds",531,partial,Greece,Greece,,,,"Tsergouli,K., Papadopoulou,E., Tsioka,K., Papa,A.","Aristotle University of Thessaloniki, Dept. of Microbiology",Greece,1,2005,2018-06-19,ssRNA(-)
MH427115.1,GenBank,set:85a42a3bfe0d8f1dbcfcebb7f736d8fc191dcc70,,,,Orthohantavirus dobravaense,Orthohantavirus dobravaense,Orthohantavirus,Hantaviridae,,DOBV/Pella-246/05,,"Orthohantavirus dobravaense isolate DOBV/Pella-246/05 nucleocapsid protein gene, partial cds",531,partial,Greece,Greece,,,,"Tsergouli,K., Papadopoulou,E., Tsioka,K., Papa,A.","Aristotle University of Thessaloniki, Dept. of Microbiology",Greece,1,2005,2018-06-19,ssRNA(-)
MH427116.1,GenBank,set:69e3b8d85b0f37c44f6c530cc2f9c05eeed28968,,,,Orthohantavirus dobravaense,Orthohantavirus dobravaense,Orthohantavirus,Hantaviridae,,DOBV/Chalkidiki-177/06,,"Orthohantavirus dobravaense isolate DOBV/Chalkidiki-177/06 nucleocapsid protein gene, partial cds",531,partial,Greece,Greece,,,,"Tsergouli,K., Papadopoulou,E., Tsioka,K., Papa,A.","Aristotle University of Thessaloniki, Dept. of Microbiology",Greece,1,2006,2018-06-19,ssRNA(-)
MH427117.1,GenBank,set:ccbac664b8e38e3a1bd5ca37810b99fa5bb8a781,,,,Orthohantavirus dobravaense,Orthohantavirus dobravaense,Orthohantavirus,Hantaviridae,,DOBV/Pieria-188/06,,"Orthohantavirus dobravaense isolate DOBV/Pieria-188/06 nucleocapsid protein gene, partial cds",531,partial,Greece,Greece,,,,"Tsergouli,K., Papadopoulou,E., Tsioka,K., Papa,A.","Aristotle University of Thessaloniki, Dept. of Microbiology",Greece,1,2006,2018-06-19,ssRNA(-)
MH427118.1,GenBank,set:2c9a676f194e54a0b9a685933b2a5156add75ecb,,,,Orthohantavirus dobravaense,Orthohantavirus dobravaense,Orthohantavirus,Hantaviridae,,DOBV/Florina-167/06,,"Orthohantavirus dobravaense isolate DOBV/Florina-167/06 nucleocapsid protein gene, partial cds",531,partial,Greece,Greece,,,,"Tsergouli,K., Papadopoulou,E., Tsioka,K., Papa,A.","Aristotle University of Thessaloniki, Dept. of Microbiology",Greece,1,2006,2018-06-19,ssRNA(-)
MH427119.1,GenBank,set:2cb8c041ee8465548a5cc25637302e771d12ea89,,,,Orthohantavirus dobravaense,Orthohantavirus dobravaense,Orthohantavirus,Hantaviridae,,DOBV/Larisa-272/06,,"Orthohantavirus dobravaense isolate DOBV/Larisa-272/06 nucleocapsid protein gene, partial cds",531,partial,Greece,Greece,,,,"Tsergouli,K., Papadopoulou,E., Tsioka,K., Papa,A.","Aristotle University of Thessaloniki, Dept. of Microbiology",Greece,1,2006,2018-06-19,ssRNA(-)
MH427120.1,GenBank,set:bee59cab960a852ec3a50292758efdb0edced1cd,,,,Orthohantavirus dobravaense,Orthohantavirus dobravaense,Orthohantavirus,Hantaviridae,,DOBV/Kastoria-108/07,,"Orthohantavirus dobravaense isolate DOBV/Kastoria-108/07 nucleocapsid protein gene, partial cds",531,partial,Greece,Greece,,,,"Tsergouli,K., Papadopoulou,E., Tsioka,K., Papa,A.","Aristotle University of Thessaloniki, Dept. of Microbiology",Greece,1,2007,2018-06-19,ssRNA(-)
MH427121.1,GenBank,set:407a4ee1d0f08e9e60d1732bc72adc11d18b5281,,,,Orthohantavirus dobravaense,Orthohantavirus dobravaense,Orthohantavirus,Hantaviridae,,DOBV/Kozani-116/07,,"Orthohantavirus dobravaense isolate DOBV/Kozani-116/07 nucleocapsid protein gene, partial cds",531,partial,Greece,Greece,,,,"Tsergouli,K., Papadopoulou,E., Tsioka,K., Papa,A.","Aristotle University of Thessaloniki, Dept. of Microbiology",Greece,1,2007,2018-06-19,ssRNA(-)
MH427122.1,GenBank,set:b9454054c4a00f0fb3ff6e60dcbac0bef5cbfd16,,,,Orthohantavirus dobravaense,Orthohantavirus dobravaense,Orthohantavirus,Hantaviridae,,DOBV/Imathia-159/07,,"Orthohantavirus dobravaense isolate DOBV/Imathia-159/07 nucleocapsid protein gene, partial cds",531,partial,Greece,Greece,,,,"Tsergouli,K., Papadopoulou,E., Tsioka,K., Papa,A.","Aristotle University of Thessaloniki, Dept. of Microbiology",Greece,1,2007,2018-06-19,ssRNA(-)
MH427123.1,GenBank,set:7ea53a2d4f35dd60e480bb0da04a639e113216b7,,,,Orthohantavirus dobravaense,Orthohantavirus dobravaense,Orthohantavirus,Hantaviridae,,DOBV/Drama-196/07,,"Orthohantavirus dobravaense isolate DOBV/Drama-196/07 nucleocapsid protein gene, partial cds",531,partial,Greece,Greece,,,,"Tsergouli,K., Papadopoulou,E., Tsioka,K., Papa,A.","Aristotle University of Thessaloniki, Dept. of Microbiology",Greece,1,2007,2018-06-19,ssRNA(-)
MH427124.1,GenBank,set:bb6436b10c7d51c12e791d305d447b82a12a2f9c,,,,Orthohantavirus dobravaense,Orthohantavirus dobravaense,Orthohantavirus,Hantaviridae,,DOBV/Ioannina-226/07,,"Orthohantavirus dobravaense isolate DOBV/Ioannina-226/07 nucleocapsid protein gene, partial cds",531,partial,Greece,Greece,,,,"Tsergouli,K., Papadopoulou,E., Tsioka,K., Papa,A.","Aristotle University of Thessaloniki, Dept. of Microbiology",Greece,1,2007,2018-06-19,ssRNA(-)
MH427125.1,GenBank,set:b42bea4a266fc3fbc6c522545e80456f6883ac47,,,,Orthohantavirus dobravaense,Orthohantavirus dobravaense,Orthohantavirus,Hantaviridae,,DOBV/Drama-29/09,,"Orthohantavirus dobravaense isolate DOBV/Drama-29/09 nucleocapsid protein gene, partial cds",531,partial,Greece,Greece,,,,"Tsergouli,K., Papadopoulou,E., Tsioka,K., Papa,A.","Aristotle University of Thessaloniki, Dept. of Microbiology",Greece,1,2009,2018-06-19,ssRNA(-)
MH427126.1,GenBank,set:cd63ba53f35065133611dc9e26b3f24293f0df3b,,,,Orthohantavirus dobravaense,Orthohantavirus dobravaense,Orthohantavirus,Hantaviridae,,DOBV/Lamia-135/13,,"Orthohantavirus dobravaense isolate DOBV/Lamia-135/13 nucleocapsid protein gene, partial cds",531,partial,Greece,Greece,,,,"Tsergouli,K., Papadopoulou,E., Tsioka,K., Papa,A.","Aristotle University of Thessaloniki, Dept. of Microbiology",Greece,1,2013,2018-06-19,ssRNA(-)
MH427127.1,GenBank,set:50a2e0410de67e936ff0bbad106888c48707ca43,,,,Orthohantavirus dobravaense,Orthohantavirus dobravaense,Orthohantavirus,Hantaviridae,,DOBV/Chalkidiki-398/13,,"Orthohantavirus dobravaense isolate DOBV/Chalkidiki-398/13 nucleocapsid protein gene, partial cds",531,partial,Greece,Greece,,,,"Tsergouli,K., Papadopoulou,E., Tsioka,K., Papa,A.","Aristotle University of Thessaloniki, Dept. of Microbiology",Greece,1,2013,2018-06-19,ssRNA(-)
MH427128.1,GenBank,set:f869bbb8f20d261fc8fba48179f1eb4e05519495,,,,Orthohantavirus dobravaense,Orthohantavirus dobravaense,Orthohantavirus,Hantaviridae,,DOBV/Pella-89/14,,"Orthohantavirus dobravaense isolate DOBV/Pella-89/14 nucleocapsid protein gene, partial cds",531,partial,Greece,Greece,,,,"Tsergouli,K., Papadopoulou,E., Tsioka,K., Papa,A.","Aristotle University of Thessaloniki, Dept. of Microbiology",Greece,1,2014,2018-06-19,ssRNA(-)
MH427129.1,GenBank,set:c3de1305dffcbe9c8287c6ad243834dab603dc8f,,,,Orthohantavirus dobravaense,Orthohantavirus dobravaense,Orthohantavirus,Hantaviridae,,DOBV/Edessa-216/14,,"Orthohantavirus dobravaense isolate DOBV/Edessa-216/14 nucleocapsid protein gene, partial cds",531,partial,Greece,Greece,,,,"Tsergouli,K., Papadopoulou,E., Tsioka,K., Papa,A.","Aristotle University of Thessaloniki, Dept. of Microbiology",Greece,1,2014,2018-06-19,ssRNA(-)
MH427130.1,GenBank,set:9953f9f98ab8ce8c25cbf81b635bd967e8b161e4,,,,Orthohantavirus dobravaense,Orthohantavirus dobravaense,Orthohantavirus,Hantaviridae,,DOBV/Thessaloniki-43/15,,"Orthohantavirus dobravaense isolate DOBV/Thessaloniki-43/15 nucleocapsid protein gene, partial cds",531,partial,Greece,Greece,,,,"Tsergouli,K., Papadopoulou,E., Tsioka,K., Papa,A.","Aristotle University of Thessaloniki, Dept. of Microbiology",Greece,1,2015,2018-06-19,ssRNA(-)
MH427131.1,GenBank,set:1146ef019a5bec3c616bbe311f659b02ef2d8f48,,,,Orthohantavirus dobravaense,Orthohantavirus dobravaense,Orthohantavirus,Hantaviridae,,DOBV/Fokida-223/16,,"Orthohantavirus dobravaense isolate DOBV/Fokida-223/16 nucleocapsid protein gene, partial cds",531,partial,Greece,Greece,,,,"Tsergouli,K., Papadopoulou,E., Tsioka,K., Papa,A.","Aristotle University of Thessaloniki, Dept. of Microbiology",Greece,1,2016,2018-06-19,ssRNA(-)
MH427132.1,GenBank,set:56d9d8e32cb32eb77e44b726e4f50f488ed95b63,,,,Orthohantavirus dobravaense,Orthohantavirus dobravaense,Orthohantavirus,Hantaviridae,,DOBV/Ioannina-54/17,,"Orthohantavirus dobravaense isolate DOBV/Ioannina-54/17 nucleocapsid protein gene, partial cds",531,partial,Greece,Greece,,,,"Tsergouli,K., Papadopoulou,E., Tsioka,K., Papa,A.","Aristotle University of Thessaloniki, Dept. of Microbiology",Greece,1,2017,2018-06-19,ssRNA(-)
MH427133.1,GenBank,set:085b04aa9db1eec3e1e786b950df628168cf3249,,,,Orthohantavirus dobravaense,Orthohantavirus dobravaense,Orthohantavirus,Hantaviridae,,DOBV/Aitoloakarnania-259/17,,"Orthohantavirus dobravaense isolate DOBV/Aitoloakarnania-259/17 nucleocapsid protein gene, partial cds",531,partial,Greece,Greece,,,,"Tsergouli,K., Papadopoulou,E., Tsioka,K., Papa,A.","Aristotle University of Thessaloniki, Dept. of Microbiology",Greece,1,2017,2018-06-19,ssRNA(-)
MH427134.1,GenBank,set:2c9a676f194e54a0b9a685933b2a5156add75ecb,,,,Orthohantavirus dobravaense,Orthohantavirus dobravaense,Orthohantavirus,Hantaviridae,,DOBV/Florina-167/06,,"Orthohantavirus dobravaense isolate DOBV/Florina-167/06 glycoprotein precursor, gene, partial cds",247,partial,Greece,Greece,,,,"Tsergouli,K., Papadopoulou,E., Tsioka,K., Papa,A.","Aristotle University of Thessaloniki, Dept. of Microbiology",Greece,1,2006,2018-06-19,ssRNA(-)
MH427135.1,GenBank,set:cd63ba53f35065133611dc9e26b3f24293f0df3b,,,,Orthohantavirus dobravaense,Orthohantavirus dobravaense,Orthohantavirus,Hantaviridae,,DOBV/Lamia-135/13,,"Orthohantavirus dobravaense isolate DOBV/Lamia-135/13 glycoprotein precursor, gene, partial cds",247,partial,Greece,Greece,,,,"Tsergouli,K., Papadopoulou,E., Tsioka,K., Papa,A.","Aristotle University of Thessaloniki, Dept. of Microbiology",Greece,1,2013,2018-06-19,ssRNA(-)
MH427136.1,GenBank,set:f869bbb8f20d261fc8fba48179f1eb4e05519495,,,,Orthohantavirus dobravaense,Orthohantavirus dobravaense,Orthohantavirus,Hantaviridae,,DOBV/Pella-89/14,,"Orthohantavirus dobravaense isolate DOBV/Pella-89/14 glycoprotein precursor, gene, partial cds",247,partial,Greece,Greece,,,,"Tsergouli,K., Papadopoulou,E., Tsioka,K., Papa,A.","Aristotle University of Thessaloniki, Dept. of Microbiology",Greece,1,2014,2018-06-19,ssRNA(-)
MH427137.1,GenBank,set:c3de1305dffcbe9c8287c6ad243834dab603dc8f,,,,Orthohantavirus dobravaense,Orthohantavirus dobravaense,Orthohantavirus,Hantaviridae,,DOBV/Edessa-216/14,,"Orthohantavirus dobravaense isolate DOBV/Edessa-216/14 glycoprotein precursor, gene, partial cds",247,partial,Greece,Greece,,,,"Tsergouli,K., Papadopoulou,E., Tsioka,K., Papa,A.","Aristotle University of Thessaloniki, Dept. of Microbiology",Greece,1,2014,2018-06-19,ssRNA(-)
MH427138.1,GenBank,set:9953f9f98ab8ce8c25cbf81b635bd967e8b161e4,,,,Orthohantavirus dobravaense,Orthohantavirus dobravaense,Orthohantavirus,Hantaviridae,,DOBV/Thessaloniki-43/15,,"Orthohantavirus dobravaense isolate DOBV/Thessaloniki-43/15 glycoprotein precursor, gene, partial cds",247,partial,Greece,Greece,,,,"Tsergouli,K., Papadopoulou,E., Tsioka,K., Papa,A.","Aristotle University of Thessaloniki, Dept. of Microbiology",Greece,1,2015,2018-06-19,ssRNA(-)
MH427139.1,GenBank,set:1146ef019a5bec3c616bbe311f659b02ef2d8f48,,,,Orthohantavirus dobravaense,Orthohantavirus dobravaense,Orthohantavirus,Hantaviridae,,DOBV/Fokida-223/16,,"Orthohantavirus dobravaense isolate DOBV/Fokida-223/16 glycoprotein precursor, gene, partial cds",247,partial,Greece,Greece,,,,"Tsergouli,K., Papadopoulou,E., Tsioka,K., Papa,A.","Aristotle University of Thessaloniki, Dept. of Microbiology",Greece,1,2016,2018-06-19,ssRNA(-)
MH427140.1,GenBank,set:085b04aa9db1eec3e1e786b950df628168cf3249,,,,Orthohantavirus dobravaense,Orthohantavirus dobravaense,Orthohantavirus,Hantaviridae,,DOBV/Aitoloakarnania-259/17,,"Orthohantavirus dobravaense isolate DOBV/Aitoloakarnania-259/17 glycoprotein precursor, gene, partial cds",247,partial,Greece,Greece,,,,"Tsergouli,K., Papadopoulou,E., Tsioka,K., Papa,A.","Aristotle University of Thessaloniki, Dept. of Microbiology",Greece,1,2017,2018-06-19,ssRNA(-)
KU256217.1,GenBank,set:e4e661312175c035304c2f46450f105433a824cd,,,,Orthohantavirus dobravaense,Orthohantavirus dobravaense,Orthohantavirus,Hantaviridae,Dobrava,,L,"Orthohantavirus dobravaense strain DOBV/Bachorzec-Slonne/Af-51 segment L RNA-dependent RNA polymerase gene, partial cds",489,partial,Poland,Poland,,Apodemus flavicollis,,"Kolodziej,M., Melgies,A., Joniec,J., Michalski,A., Niemcewicz,M., Nowakowska,A., Pitucha,G.","Military Institute of Hygiene and Epidemiology, Biological Threats Identification and Countermeasure Center",Poland,,2010-06-22,2018-02-01,ssRNA(-)
KU561220.1,GenBank,set:e4e661312175c035304c2f46450f105433a824cd,,,,Orthohantavirus dobravaense,Orthohantavirus dobravaense,Orthohantavirus,Hantaviridae,Dobrava,,M,"Orthohantavirus dobravaense strain DOBV/Bachorzec-Slonne/Af-51 segment M glycoprotein precursor, gene, partial cds",204,complete,Poland,Poland,,Apodemus flavicollis,,"Kolodziej,M., Melgies,A., Joniec,J., Michalski,A., Niemcewicz,M., Nowakowska,A., Pitucha,G.","Military Institute of Hygiene and Epidemiology, Biological Threats Identification and Countermeasure Center",Poland,,2010-06-22,2018-02-01,ssRNA(-)
KU561221.1,GenBank,set:e4e661312175c035304c2f46450f105433a824cd,,,,Orthohantavirus dobravaense,Orthohantavirus dobravaense,Orthohantavirus,Hantaviridae,Dobrava,,S,"Orthohantavirus dobravaense strain DOBV/Bachorzec-Slonne/Af-51 segment S nucleocapsid protein gene, partial cds",326,partial,Poland,Poland,,Apodemus flavicollis,,"Kolodziej,M., Melgies,A., Joniec,J., Michalski,A., Niemcewicz,M., Nowakowska,A., Pitucha,G.","Military Institute of Hygiene and Epidemiology, Biological Threats Identification and Countermeasure Center",Poland,,2010-06-22,2018-02-01,ssRNA(-)
KY649161.1,GenBank,set:54dc6c3215463e74e09eeea6e5abaa59c394c0ff,,,,Orthohantavirus dobravaense,Orthohantavirus dobravaense,Orthohantavirus,Hantaviridae,,L_515_Hu_CRS_07,,"Orthohantavirus dobravaense isolate L_515_Hu_CRS_07 RNA-dependent RNA polymerase gene, partial cds",262,partial,Serbia,Serbia,,Homo sapiens,,"Cirkovic,V., Stanojevic,M., Siljic,M., Bozovic,B., Gligic,A., Stamenkovic,G.","Institute for Biological Research Sinisa Stankovic, Laboratory for genetic research",Serbia,,2007,2017-05-24,ssRNA(-)
KY649162.1,GenBank,set:d84e614c0537bc804b2e6298a518c73cd5652f7f,,,,Orthohantavirus dobravaense,Orthohantavirus dobravaense,Orthohantavirus,Hantaviridae,,L_2331_Hu_SRS_10,,"Orthohantavirus dobravaense isolate L_2331_Hu_SRS_10 RNA-dependent RNA polymerase gene, partial cds",262,partial,Serbia,Serbia,,Homo sapiens,,"Cirkovic,V., Stanojevic,M., Siljic,M., Bozovic,B., Gligic,A., Stamenkovic,G.","Institute for Biological Research Sinisa Stankovic, Laboratory for genetic research",Serbia,,2010,2017-05-24,ssRNA(-)
KY649163.1,GenBank,set:02f23d15a8420d8f271bc2b31886ee85c1ae527c,,,,Orthohantavirus dobravaense,Orthohantavirus dobravaense,Orthohantavirus,Hantaviridae,,L_2553_Hu_SRS_09,,"Orthohantavirus dobravaense isolate L_2553_Hu_SRS_09 RNA-dependent RNA polymerase gene, partial cds",262,partial,Serbia,Serbia,,Homo sapiens,,"Cirkovic,V., Stanojevic,M., Siljic,M., Bozovic,B., Gligic,A., Stamenkovic,G.","Institute for Biological Research Sinisa Stankovic, Laboratory for genetic research",Serbia,,2009,2017-05-24,ssRNA(-)
KY649164.1,GenBank,set:8738e7ffa82b26c1b228b88d9d9ba12e210bfa4a,,,,Orthohantavirus dobravaense,Orthohantavirus dobravaense,Orthohantavirus,Hantaviridae,,L_2634_Hu_SRS_09,,"Orthohantavirus dobravaense isolate L_2634_Hu_SRS_09 RNA-dependent RNA polymerase gene, partial cds",262,partial,Serbia,Serbia,,Homo sapiens,,"Cirkovic,V., Stanojevic,M., Siljic,M., Bozovic,B., Gligic,A., Stamenkovic,G.","Institute for Biological Research Sinisa Stankovic, Laboratory for genetic research",Serbia,,2009,2017-05-24,ssRNA(-)
KY649165.1,GenBank,set:5c174d74744c21aa28b6347a4b898f07b425063c,,,,Orthohantavirus dobravaense,Orthohantavirus dobravaense,Orthohantavirus,Hantaviridae,,L_2890_Hu_WRS_10,,"Orthohantavirus dobravaense isolate L_2890_Hu_WRS_10 RNA-dependent RNA polymerase gene, partial cds",262,partial,Serbia,Serbia,,Homo sapiens,,"Cirkovic,V., Stanojevic,M., Siljic,M., Bozovic,B., Gligic,A., Stamenkovic,G.","Institute for Biological Research Sinisa Stankovic, Laboratory for genetic research",Serbia,,2010,2017-05-24,ssRNA(-)
KY649166.1,GenBank,set:a1415e065867a9a0331830581a27f18ac85ad8be,,,,Orthohantavirus dobravaense,Orthohantavirus dobravaense,Orthohantavirus,Hantaviridae,,L_2925_Hu_BA_11,,"Orthohantavirus dobravaense isolate L_2925_Hu_BA_11 RNA-dependent RNA polymerase gene, partial cds",262,partial,Serbia,Serbia,,Homo sapiens,,"Cirkovic,V., Stanojevic,M., Siljic,M., Bozovic,B., Gligic,A., Stamenkovic,G.","Institute for Biological Research Sinisa Stankovic, Laboratory for genetic research",Serbia,,2011,2017-05-24,ssRNA(-)
KY649167.1,GenBank,set:f1ae0fb53bf613737eab1b6887a80637e159e96b,,,,Orthohantavirus dobravaense,Orthohantavirus dobravaense,Orthohantavirus,Hantaviridae,,L_2987_Hu_CRS_07,,"Orthohantavirus dobravaense isolate L_2987_Hu_CRS_07 RNA-dependent RNA polymerase gene, partial cds",262,partial,Serbia,Serbia,,Homo sapiens,,"Cirkovic,V., Stanojevic,M., Siljic,M., Bozovic,B., Gligic,A., Stamenkovic,G.","Institute for Biological Research Sinisa Stankovic, Laboratory for genetic research",Serbia,,2007,2017-05-24,ssRNA(-)
KY649168.1,GenBank,set:b7a550b8b67f276cc52857f2493c3bfaf4997ce4,,,,Orthohantavirus dobravaense,Orthohantavirus dobravaense,Orthohantavirus,Hantaviridae,,L_3115_Hu_CRS_08,,"Orthohantavirus dobravaense isolate L_3115_Hu_CRS_08 RNA-dependent RNA polymerase gene, partial cds",262,partial,Serbia,Serbia,,Homo sapiens,,"Cirkovic,V., Stanojevic,M., Siljic,M., Bozovic,B., Gligic,A., Stamenkovic,G.","Institute for Biological Research Sinisa Stankovic, Laboratory for genetic research",Serbia,,2008,2017-05-24,ssRNA(-)
KY649169.1,GenBank,set:51c5178082fcd8248dc4af0c29de085d83e4103f,,,,Orthohantavirus dobravaense,Orthohantavirus dobravaense,Orthohantavirus,Hantaviridae,,L_3431_Hu_SRS_10,,"Orthohantavirus dobravaense isolate L_3431_Hu_SRS_10 RNA-dependent RNA polymerase gene, partial cds",262,partial,Serbia,Serbia,,Homo sapiens,,"Cirkovic,V., Stanojevic,M., Siljic,M., Bozovic,B., Gligic,A., Stamenkovic,G.","Institute for Biological Research Sinisa Stankovic, Laboratory for genetic research",Serbia,,2010,2017-05-24,ssRNA(-)
KY649170.1,GenBank,set:7cb03f5dd022a569fad4bff858c6e2ee06fd3d18,,,,Orthohantavirus dobravaense,Orthohantavirus dobravaense,Orthohantavirus,Hantaviridae,,L_3526_Hu_SRS_11,,"Orthohantavirus dobravaense isolate L_3526_Hu_SRS_11 RNA-dependent RNA polymerase gene, partial cds",262,partial,Serbia,Serbia,,Homo sapiens,,"Cirkovic,V., Stanojevic,M., Siljic,M., Bozovic,B., Gligic,A., Stamenkovic,G.","Institute for Biological Research Sinisa Stankovic, Laboratory for genetic research",Serbia,,2011,2017-05-24,ssRNA(-)
KY649171.1,GenBank,set:aab9fb8eb44d21b80c1b03a58fad2b3577941a43,,,,Orthohantavirus dobravaense,Orthohantavirus dobravaense,Orthohantavirus,Hantaviridae,,L_3528_Hu_SRS_11,,"Orthohantavirus dobravaense isolate L_3528_Hu_SRS_11 RNA-dependent RNA polymerase gene, partial cds",262,partial,Serbia,Serbia,,Homo sapiens,,"Cirkovic,V., Stanojevic,M., Siljic,M., Bozovic,B., Gligic,A., Stamenkovic,G.","Institute for Biological Research Sinisa Stankovic, Laboratory for genetic research",Serbia,,2011,2017-05-24,ssRNA(-)
KY649172.1,GenBank,set:a344857fa31577aa6e8259aed7faa487b014eae7,,,,Orthohantavirus dobravaense,Orthohantavirus dobravaense,Orthohantavirus,Hantaviridae,,L_3694_Hu_CRS_07,,"Orthohantavirus dobravaense isolate L_3694_Hu_CRS_07 RNA-dependent RNA polymerase gene, partial cds",262,partial,Serbia,Serbia,,Homo sapiens,,"Cirkovic,V., Stanojevic,M., Siljic,M., Bozovic,B., Gligic,A., Stamenkovic,G.","Institute for Biological Research Sinisa Stankovic, Laboratory for genetic research",Serbia,,2007,2017-05-24,ssRNA(-)
KY649173.1,GenBank,set:72244449fa32ce90028ffe08bd17ac2d12232dc6,,,,Orthohantavirus dobravaense,Orthohantavirus dobravaense,Orthohantavirus,Hantaviridae,,L_3748_Hu_CRS_09,,"Orthohantavirus dobravaense isolate L_3748_Hu_CRS_09 RNA-dependent RNA polymerase gene, partial cds",262,partial,Serbia,Serbia,,Homo sapiens,,"Cirkovic,V., Stanojevic,M., Siljic,M., Bozovic,B., Gligic,A., Stamenkovic,G.","Institute for Biological Research Sinisa Stankovic, Laboratory for genetic research",Serbia,,2009,2017-05-24,ssRNA(-)
KY649174.1,GenBank,set:646c344ba9ae41b618afda91f67b2b3538f90697,,,,Orthohantavirus dobravaense,Orthohantavirus dobravaense,Orthohantavirus,Hantaviridae,,L_3861_Hu_CRS_08,,"Orthohantavirus dobravaense isolate L_3861_Hu_CRS_08 RNA-dependent RNA polymerase gene, partial cds",262,partial,Serbia,Serbia,,Homo sapiens,,"Cirkovic,V., Stanojevic,M., Siljic,M., Bozovic,B., Gligic,A., Stamenkovic,G.","Institute for Biological Research Sinisa Stankovic, Laboratory for genetic research",Serbia,,2008,2017-05-24,ssRNA(-)
KY649175.1,GenBank,set:5888a4ae26099afc47705d67adb01892465e30ce,,,,Orthohantavirus dobravaense,Orthohantavirus dobravaense,Orthohantavirus,Hantaviridae,,L_4097_Hu_WRS_07,,"Orthohantavirus dobravaense isolate L_4097_Hu_WRS_07 RNA-dependent RNA polymerase gene, partial cds",262,partial,Serbia,Serbia,,Homo sapiens,,"Cirkovic,V., Stanojevic,M., Siljic,M., Bozovic,B., Gligic,A., Stamenkovic,G.","Institute for Biological Research Sinisa Stankovic, Laboratory for genetic research",Serbia,,2007,2017-05-24,ssRNA(-)
KY649176.1,GenBank,set:2f452841d630241cb43b2a9a94f79dd1da1548f1,,,,Orthohantavirus dobravaense,Orthohantavirus dobravaense,Orthohantavirus,Hantaviridae,,L_4206_Hu_ERS_09,,"Orthohantavirus dobravaense isolate L_4206_Hu_ERS_09 RNA-dependent RNA polymerase gene, partial cds",262,partial,Serbia,Serbia,,Homo sapiens,,"Cirkovic,V., Stanojevic,M., Siljic,M., Bozovic,B., Gligic,A., Stamenkovic,G.","Institute for Biological Research Sinisa Stankovic, Laboratory for genetic research",Serbia,,2009,2017-05-24,ssRNA(-)
KY649177.1,GenBank,set:1394b41e3f161b91127cbba841257262bd3bdb58,,,,Orthohantavirus dobravaense,Orthohantavirus dobravaense,Orthohantavirus,Hantaviridae,,L_5312_Hu_NRS_10,,"Orthohantavirus dobravaense isolate L_5312_Hu_NRS_10 RNA-dependent RNA polymerase gene, partial cds",262,partial,Serbia,Serbia,,Homo sapiens,,"Cirkovic,V., Stanojevic,M., Siljic,M., Bozovic,B., Gligic,A., Stamenkovic,G.","Institute for Biological Research Sinisa Stankovic, Laboratory for genetic research",Serbia,,2010,2017-05-24,ssRNA(-)
KY649178.1,GenBank,set:a99f6cb57a8e054b84fec9792268eef8e57e38eb,,,,Orthohantavirus dobravaense,Orthohantavirus dobravaense,Orthohantavirus,Hantaviridae,,L_5502_Hu_ERS_10,,"Orthohantavirus dobravaense isolate L_5502_Hu_ERS_10 RNA-dependent RNA polymerase gene, partial cds",262,partial,Serbia,Serbia,,Homo sapiens,,"Cirkovic,V., Stanojevic,M., Siljic,M., Bozovic,B., Gligic,A., Stamenkovic,G.","Institute for Biological Research Sinisa Stankovic, Laboratory for genetic research",Serbia,,2010,2017-05-24,ssRNA(-)
KY649179.1,GenBank,set:ab68aaec78dfa7fbb36249ab303dd8a6c5df5504,,,,Orthohantavirus dobravaense,Orthohantavirus dobravaense,Orthohantavirus,Hantaviridae,,S_2331_Hu_SRS_10,,"Orthohantavirus dobravaense isolate S_2331_Hu_SRS_10 nucleoprotein gene, partial cds",494,partial,Serbia,Serbia,,Homo sapiens,,"Cirkovic,V., Stanojevic,M., Siljic,M., Bozovic,B., Gligic,A., Stamenkovic,G.","Institute for Biological Research Sinisa Stankovic, Laboratory for genetic research",Serbia,,2010,2017-05-24,ssRNA(-)
KY649180.1,GenBank,set:2aefe1b381337159febe974c65cd3c854ab9d938,,,,Orthohantavirus dobravaense,Orthohantavirus dobravaense,Orthohantavirus,Hantaviridae,,S_2890_Hu_WRS_10,,"Orthohantavirus dobravaense isolate S_2890_Hu_WRS_10 nucleoprotein gene, partial cds",494,partial,Serbia,Serbia,,Homo sapiens,,"Cirkovic,V., Stanojevic,M., Siljic,M., Bozovic,B., Gligic,A., Stamenkovic,G.","Institute for Biological Research Sinisa Stankovic, Laboratory for genetic research",Serbia,,2010,2017-05-24,ssRNA(-)
KY649181.1,GenBank,set:d44a80440dd640df423f6ec050cd9dd1ad2e1423,,,,Orthohantavirus dobravaense,Orthohantavirus dobravaense,Orthohantavirus,Hantaviridae,,S_3431_Hu_SRS_10,,"Orthohantavirus dobravaense isolate S_3431_Hu_SRS_10 nucleoprotein gene, partial cds",494,partial,Serbia,Serbia,,Homo sapiens,,"Cirkovic,V., Stanojevic,M., Siljic,M., Bozovic,B., Gligic,A., Stamenkovic,G.","Institute for Biological Research Sinisa Stankovic, Laboratory for genetic research",Serbia,,2010,2017-05-24,ssRNA(-)
KY649182.1,GenBank,set:88a10477a478b6c0f7ddaa7d62e61ffa06879fcd,,,,Orthohantavirus dobravaense,Orthohantavirus dobravaense,Orthohantavirus,Hantaviridae,,S_3526_Hu_SRS_11,,"Orthohantavirus dobravaense isolate S_3526_Hu_SRS_11 nucleoprotein gene, partial cds",494,partial,Serbia,Serbia,,Homo sapiens,,"Cirkovic,V., Stanojevic,M., Siljic,M., Bozovic,B., Gligic,A., Stamenkovic,G.","Institute for Biological Research Sinisa Stankovic, Laboratory for genetic research",Serbia,,2011,2017-05-24,ssRNA(-)
KY649183.1,GenBank,set:3d8e7325f836133df72aded81452d5647754af75,,,,Orthohantavirus dobravaense,Orthohantavirus dobravaense,Orthohantavirus,Hantaviridae,,S_3748_Hu_CRS_09,,"Orthohantavirus dobravaense isolate S_3748_Hu_CRS_09 nucleoprotein gene, partial cds",494,partial,Serbia,Serbia,,Homo sapiens,,"Cirkovic,V., Stanojevic,M., Siljic,M., Bozovic,B., Gligic,A., Stamenkovic,G.","Institute for Biological Research Sinisa Stankovic, Laboratory for genetic research",Serbia,,2009,2017-05-24,ssRNA(-)
KY649184.1,GenBank,set:33c3215c7dcc4de22a2ad18a522c5918ff48d5b2,,,,Orthohantavirus dobravaense,Orthohantavirus dobravaense,Orthohantavirus,Hantaviridae,,S_3861_Hu_CRS_08,,"Orthohantavirus dobravaense isolate S_3861_Hu_CRS_08 nucleoprotein gene, partial cds",494,partial,Serbia,Serbia,,Homo sapiens,,"Cirkovic,V., Stanojevic,M., Siljic,M., Bozovic,B., Gligic,A., Stamenkovic,G.","Institute for Biological Research Sinisa Stankovic, Laboratory for genetic research",Serbia,,2008,2017-05-24,ssRNA(-)
KY649185.1,GenBank,set:ec398708e5bffdbc7f6a27cb5c3fb1ea8e81518a,,,,Orthohantavirus dobravaense,Orthohantavirus dobravaense,Orthohantavirus,Hantaviridae,,S_5312_Hu_NRS_10,,"Orthohantavirus dobravaense isolate S_5312_Hu_NRS_10 nucleoprotein gene, partial cds",494,partial,Serbia,Serbia,,Homo sapiens,,"Cirkovic,V., Stanojevic,M., Siljic,M., Bozovic,B., Gligic,A., Stamenkovic,G.","Institute for Biological Research Sinisa Stankovic, Laboratory for genetic research",Serbia,,2010,2017-05-24,ssRNA(-)
KY649186.1,GenBank,set:929629118f3295f2fc5637103f94b255cbc39bef,,,,Orthohantavirus dobravaense,Orthohantavirus dobravaense,Orthohantavirus,Hantaviridae,,S_5502_Hu_ERS_10,,"Orthohantavirus dobravaense isolate S_5502_Hu_ERS_10 nucleoprotein gene, partial cds",494,partial,Serbia,Serbia,,Homo sapiens,,"Cirkovic,V., Stanojevic,M., Siljic,M., Bozovic,B., Gligic,A., Stamenkovic,G.","Institute for Biological Research Sinisa Stankovic, Laboratory for genetic research",Serbia,,2010,2017-05-24,ssRNA(-)
KY649187.1,GenBank,set:ad6acbf2c28fd9bf5e4071c836a7533f131b724e,,,,Orthohantavirus dobravaense,Orthohantavirus dobravaense,Orthohantavirus,Hantaviridae,,S_2925_Hu_BA_11,,"Orthohantavirus dobravaense isolate S_2925_Hu_BA_11 nucleoprotein gene, partial cds",494,partial,Serbia,Serbia,,Homo sapiens,,"Cirkovic,V., Stanojevic,M., Siljic,M., Bozovic,B., Gligic,A., Stamenkovic,G.","Institute for Biological Research Sinisa Stankovic, Laboratory for genetic research",Serbia,,2011,2017-05-24,ssRNA(-)
KY649188.1,GenBank,set:e21d4202f4a67e87c760bcd2581d59efbcc4237b,,,,Orthohantavirus dobravaense,Orthohantavirus dobravaense,Orthohantavirus,Hantaviridae,,S_3528_Hu_SRS_11,,"Orthohantavirus dobravaense isolate S_3528_Hu_SRS_11 nucleoprotein gene, partial cds",494,partial,Serbia,Serbia,,Homo sapiens,,"Cirkovic,V., Stanojevic,M., Siljic,M., Bozovic,B., Gligic,A., Stamenkovic,G.","Institute for Biological Research Sinisa Stankovic, Laboratory for genetic research",Serbia,,2011,2017-05-24,ssRNA(-)
KY649189.1,GenBank,set:1bef855a2b4616edd2fe7933c14d1cae2793f199,,,,Orthohantavirus dobravaense,Orthohantavirus dobravaense,Orthohantavirus,Hantaviridae,,S_4097_Hu_WRS_07,,"Orthohantavirus dobravaense isolate S_4097_Hu_WRS_07 nucleoprotein gene, partial cds",494,partial,Serbia,Serbia,,Homo sapiens,,"Cirkovic,V., Stanojevic,M., Siljic,M., Bozovic,B., Gligic,A., Stamenkovic,G.","Institute for Biological Research Sinisa Stankovic, Laboratory for genetic research",Serbia,,2007,2017-05-24,ssRNA(-)
KU529944.1,GenBank,set:8f3b997734815cefcd648d936faa47fc29d307aa,,,,Orthohantavirus dobravaense,Orthohantavirus dobravaense,Orthohantavirus,Hantaviridae,Sochi,,M,"Orthohantavirus dobravaense strain Sochi/hu glycoprotein precursor, gene, partial cds",271,partial,Russia,Russia,,Homo sapiens,,"Krautkramer,E., Nusshag,C., Baumann,A., Schaefer,J., Hofmann,J., Schnitzler,P., Klempa,B., Witkowski,P.T., Krueger,D.H., Zeier,M.","University of Heidelberg, Nephrology",Germany,,2014,2016-07-27,ssRNA(-)
KU529945.1,GenBank,set:8f3b997734815cefcd648d936faa47fc29d307aa,,,,Orthohantavirus dobravaense,Orthohantavirus dobravaense,Orthohantavirus,Hantaviridae,Sochi,,L,"Orthohantavirus dobravaense strain Sochi/hu RNA-dependent RNA polymerase gene, partial cds",347,partial,Russia,Russia,,Homo sapiens,,"Krautkramer,E., Nusshag,C., Baumann,A., Schaefer,J., Hofmann,J., Schnitzler,P., Klempa,B., Witkowski,P.T., Krueger,D.H., Zeier,M.","University of Heidelberg, Nephrology",Germany,,2014,2016-07-27,ssRNA(-)
KU529946.1,GenBank,set:8f3b997734815cefcd648d936faa47fc29d307aa,,,,Orthohantavirus dobravaense,Orthohantavirus dobravaense,Orthohantavirus,Hantaviridae,Sochi,,S,"Orthohantavirus dobravaense strain Sochi/hu nucleocapsid protein gene, partial cds",549,partial,Russia,Russia,,Homo sapiens,,"Krautkramer,E., Nusshag,C., Baumann,A., Schaefer,J., Hofmann,J., Schnitzler,P., Klempa,B., Witkowski,P.T., Krueger,D.H., Zeier,M.","University of Heidelberg, Nephrology",Germany,,2014,2016-07-27,ssRNA(-)
KT971005.1,GenBank,set:db40a3d9c1b10fba0dae4b0096a9dd5cf8a6e7db,,,,Orthohantavirus dobravaense,Orthohantavirus dobravaense,Orthohantavirus,Hantaviridae,,,,"Orthohantavirus dobravaense strain Brezhdan/Diber/19Af/2006/ALB nucleocapsid protein gene, partial cds",543,partial,Albania,Albania,,Apodemus flavicollis,,"Papa,A., Rogozi,E., Velo,E., Papadimitriou,E., Bino,S.","Aristotle University of Thessaloniki, A' Dept. of Microbiology",Greece,1,2006-07-17,2016-06-22,ssRNA(-)
KT971006.1,GenBank,set:c348619dec0b10b59b8da5ff263064d0bfc7c549,,,,Orthohantavirus dobravaense,Orthohantavirus dobravaense,Orthohantavirus,Hantaviridae,,,,"Orthohantavirus dobravaense strain Pilafe/Diber/20Af/2006/ALB nucleocapsid protein gene, partial cds",543,partial,Albania,Albania,,Apodemus flavicollis,,"Papa,A., Rogozi,E., Velo,E., Papadimitriou,E., Bino,S.","Aristotle University of Thessaloniki, A' Dept. of Microbiology",Greece,1,2006-07-17,2016-06-22,ssRNA(-)
KT971007.1,GenBank,set:002c623580ccef755800806cdfd0d8ac2c33cabb,,,,Orthohantavirus dobravaense,Orthohantavirus dobravaense,Orthohantavirus,Hantaviridae,,,,"Orthohantavirus dobravaense strain Llasen/Diber/22Af/2006/ALB nucleocapsid protein gene, partial cds",543,partial,Albania,Albania,,Apodemus flavicollis,,"Papa,A., Rogozi,E., Velo,E., Papadimitriou,E., Bino,S.","Aristotle University of Thessaloniki, A' Dept. of Microbiology",Greece,1,2006-07-17,2016-06-22,ssRNA(-)
KT971008.1,GenBank,set:4cdb8ff0c9ccedf6430cc54b651f61499db0c5bb,,,,Orthohantavirus dobravaense,Orthohantavirus dobravaense,Orthohantavirus,Hantaviridae,,,,"Orthohantavirus dobravaense strain Togez/Librazhd/54Af/2006/ALB nucleocapsid protein gene, partial cds",543,partial,Albania,Albania,,Apodemus flavicollis,,"Papa,A., Rogozi,E., Velo,E., Papadimitriou,E., Bino,S.","Aristotle University of Thessaloniki, A' Dept. of Microbiology",Greece,1,2006-08-24,2016-06-22,ssRNA(-)
KT971009.1,GenBank,set:e4ffe0b02b84410712d7483d9b53d39370ebc8cb,,,,Orthohantavirus dobravaense,Orthohantavirus dobravaense,Orthohantavirus,Hantaviridae,,,,"Orthohantavirus dobravaense strain Voskopoje/Korce/65Af/2006/ALB nucleocapsid protein gene, partial cds",543,partial,Albania,Albania,,Apodemus flavicollis,,"Papa,A., Rogozi,E., Velo,E., Papadimitriou,E., Bino,S.","Aristotle University of Thessaloniki, A' Dept. of Microbiology",Greece,1,2006-09-13,2016-06-22,ssRNA(-)
KT971010.1,GenBank,set:3950b1ba9186299a78bf98c5bf6aa0c84f80b622,,,,Orthohantavirus dobravaense,Orthohantavirus dobravaense,Orthohantavirus,Hantaviridae,,,,"Orthohantavirus dobravaense strain Llogora/Vlore/85Af/2006/ALB nucleocapsid protein gene, partial cds",543,partial,Albania,Albania,,Apodemus flavicollis,,"Papa,A., Rogozi,E., Velo,E., Papadimitriou,E., Bino,S.","Aristotle University of Thessaloniki, A' Dept. of Microbiology",Greece,1,2006-10-26,2016-06-22,ssRNA(-)
KT971011.1,GenBank,set:ad60f354a8bd80a6217bba58110b21182d1fc9de,,,,Orthohantavirus dobravaense,Orthohantavirus dobravaense,Orthohantavirus,Hantaviridae,,,,"Orthohantavirus dobravaense strain Diellas/Korce/201Af/2007/ALB nucleocapsid protein gene, partial cds",543,partial,Albania,Albania,,Apodemus flavicollis,,"Papa,A., Rogozi,E., Velo,E., Papadimitriou,E., Bino,S.","Aristotle University of Thessaloniki, A' Dept. of Microbiology",Greece,1,2007-09-26,2016-06-22,ssRNA(-)
KT971012.1,GenBank,set:a855a7d725f18cab63c2d905bce3d3c46ce620d6,,,,Orthohantavirus dobravaense,Orthohantavirus dobravaense,Orthohantavirus,Hantaviridae,,,,"Orthohantavirus dobravaense strain Dardhe/Korce/219Af/2007/ALB nucleocapsid protein gene, partial cds",543,partial,Albania,Albania,,Apodemus flavicollis,,"Papa,A., Rogozi,E., Velo,E., Papadimitriou,E., Bino,S.","Aristotle University of Thessaloniki, A' Dept. of Microbiology",Greece,1,2007-10-04,2016-06-22,ssRNA(-)
KT971013.1,GenBank,set:4a2219bf5daf3136f66241ed0158ff8fe8f9ddf0,,,,Orthohantavirus dobravaense,Orthohantavirus dobravaense,Orthohantavirus,Hantaviridae,,,,"Orthohantavirus dobravaense strain Mollas/Kolonje/243Af/2007/ALB nucleocapsid protein gene, partial cds",543,partial,Albania,Albania,,Apodemus flavicollis,,"Papa,A., Rogozi,E., Velo,E., Papadimitriou,E., Bino,S.","Aristotle University of Thessaloniki, A' Dept. of Microbiology",Greece,1,2007-10-16,2016-06-22,ssRNA(-)
KT971014.1,GenBank,set:d45a87c595ff2bbe2b037afa25351732e35536d4,,,,Orthohantavirus dobravaense,Orthohantavirus dobravaense,Orthohantavirus,Hantaviridae,,,,"Orthohantavirus dobravaense strain Geshtenjas/Pogradec/261Af/2007/ALB nucleocapsid protein gene, partial cds",543,partial,Albania,Albania,,Apodemus flavicollis,,"Papa,A., Rogozi,E., Velo,E., Papadimitriou,E., Bino,S.","Aristotle University of Thessaloniki, A' Dept. of Microbiology",Greece,1,2007-10-25,2016-06-22,ssRNA(-)
KT315623.1,GenBank,set:1721b59fd07b8f3bfae8c9e890cf2d929213b7a1,,,,Orthohantavirus dobravaense,Orthohantavirus dobravaense,Orthohantavirus,Hantaviridae,,Turkey/Igneada/09Af/2009,M,"Dobrava-Belgrade virus isolate Turkey/Igneada/09Af/2009 segment M glycoprotein precursor, gene, partial cds",834,partial,Turkey,Turkey,,Apodemus flavicollis,,"Polat,C., Sironen,T., Plyusnina,A., Karatas,A., Sozen,M., Matur,F., Vapalahti,O., Oktem,I.M., Plyusnin,A., Oktem,I.M.A.","Dokuz Eylul University, Faculty of Medicine, Department of Medical Microbiology",Turkey,1,2009-07-30,2015-12-16,ssRNA(-)
KT315624.1,GenBank,set:9c877024d071643eda02c4925722fd0894fa215e,,,,Orthohantavirus dobravaense,Orthohantavirus dobravaense,Orthohantavirus,Hantaviridae,,Turkey/Igneada/13Af/2009,M,"Dobrava-Belgrade virus isolate Turkey/Igneada/13Af/2009 segment M glycoprotein precursor, gene, partial cds",834,partial,Turkey,Turkey,,Apodemus flavicollis,,"Polat,C., Sironen,T., Plyusnina,A., Karatas,A., Sozen,M., Matur,F., Vapalahti,O., Oktem,I.M., Plyusnin,A., Oktem,I.M.A.","Dokuz Eylul University, Faculty of Medicine, Department of Medical Microbiology",Turkey,1,2009-07-30,2015-12-16,ssRNA(-)
KT315625.1,GenBank,set:da152eb565db697c288b8354777c58541be5e315,,,,Orthohantavirus dobravaense,Orthohantavirus dobravaense,Orthohantavirus,Hantaviridae,,Turkey/Igneada/57Af/2009,M,"Dobrava-Belgrade virus isolate Turkey/Igneada/57Af/2009 segment M glycoprotein precursor, gene, partial cds",834,partial,Turkey,Turkey,,Apodemus flavicollis,,"Polat,C., Sironen,T., Plyusnina,A., Karatas,A., Sozen,M., Matur,F., Vapalahti,O., Oktem,I.M., Plyusnin,A., Oktem,I.M.A.","Dokuz Eylul University, Faculty of Medicine, Department of Medical Microbiology",Turkey,1,2009-07-30,2015-12-16,ssRNA(-)
KT315626.1,GenBank,set:8000337f372a0e92a0fbcc6875f98bee77bbb121,,,,Orthohantavirus dobravaense,Orthohantavirus dobravaense,Orthohantavirus,Hantaviridae,,Turkey/Igneada/89Af/2009,M,"Dobrava-Belgrade virus isolate Turkey/Igneada/89Af/2009 segment M glycoprotein precursor, gene, partial cds",834,partial,Turkey,Turkey,,Apodemus flavicollis,,"Polat,C., Sironen,T., Plyusnina,A., Karatas,A., Sozen,M., Matur,F., Vapalahti,O., Oktem,I.M., Plyusnin,A., Oktem,I.M.A.","Dokuz Eylul University, Faculty of Medicine, Department of Medical Microbiology",Turkey,1,2009-07-30,2015-12-16,ssRNA(-)
KT315627.1,GenBank,set:fd24747a1f8548727601553b119792e06aecbdc3,,,,Orthohantavirus dobravaense,Orthohantavirus dobravaense,Orthohantavirus,Hantaviridae,,Turkey/Igneada/02Af/2009,L,"Dobrava-Belgrade virus isolate Turkey/Igneada/02Af/2009 segment L RNA-dependent RNA polymerase gene, partial cds",258,partial,Turkey,Turkey,,Apodemus flavicollis,,"Polat,C., Sironen,T., Plyusnina,A., Karatas,A., Sozen,M., Matur,F., Vapalahti,O., Oktem,I.M., Plyusnin,A., Oktem,I.M.A.","Dokuz Eylul University, Faculty of Medicine, Department of Medical Microbiology",Turkey,1,2009-07-30,2015-12-16,ssRNA(-)
KT315628.1,GenBank,set:14cf8470a4b65f4d22b37f6da2c1f70a987782f8,,,,Orthohantavirus dobravaense,Orthohantavirus dobravaense,Orthohantavirus,Hantaviridae,,Turkey/Igneada/03Af/2009,L,"Dobrava-Belgrade virus isolate Turkey/Igneada/03Af/2009 segment L RNA-dependent RNA polymerase gene, partial cds",258,partial,Turkey,Turkey,,Apodemus flavicollis,,"Polat,C., Sironen,T., Plyusnina,A., Karatas,A., Sozen,M., Matur,F., Vapalahti,O., Oktem,I.M., Plyusnin,A., Oktem,I.M.A.","Dokuz Eylul University, Faculty of Medicine, Department of Medical Microbiology",Turkey,1,2009-07-30,2015-12-16,ssRNA(-)
KT315629.1,GenBank,set:1721b59fd07b8f3bfae8c9e890cf2d929213b7a1,,,,Orthohantavirus dobravaense,Orthohantavirus dobravaense,Orthohantavirus,Hantaviridae,,Turkey/Igneada/09Af/2009,L,"Dobrava-Belgrade virus isolate Turkey/Igneada/09Af/2009 segment L RNA-dependent RNA polymerase gene, partial cds",258,partial,Turkey,Turkey,,Apodemus flavicollis,,"Polat,C., Sironen,T., Plyusnina,A., Karatas,A., Sozen,M., Matur,F., Vapalahti,O., Oktem,I.M., Plyusnin,A., Oktem,I.M.A.","Dokuz Eylul University, Faculty of Medicine, Department of Medical Microbiology",Turkey,1,2009-07-30,2015-12-16,ssRNA(-)
KT315630.1,GenBank,set:9c877024d071643eda02c4925722fd0894fa215e,,,,Orthohantavirus dobravaense,Orthohantavirus dobravaense,Orthohantavirus,Hantaviridae,,Turkey/Igneada/13Af/2009,L,"Dobrava-Belgrade virus isolate Turkey/Igneada/13Af/2009 segment L RNA-dependent RNA polymerase gene, partial cds",258,partial,Turkey,Turkey,,Apodemus flavicollis,,"Polat,C., Sironen,T., Plyusnina,A., Karatas,A., Sozen,M., Matur,F., Vapalahti,O., Oktem,I.M., Plyusnin,A., Oktem,I.M.A.","Dokuz Eylul University, Faculty of Medicine, Department of Medical Microbiology",Turkey,1,2009-07-30,2015-12-16,ssRNA(-)
KT315631.1,GenBank,set:0ec399d00af1ac4b94ef2df8c90326dbe6bd5cf6,,,,Orthohantavirus dobravaense,Orthohantavirus dobravaense,Orthohantavirus,Hantaviridae,,Turkey/Igneada/32Af/2009,L,"Dobrava-Belgrade virus isolate Turkey/Igneada/32Af/2009 segment L RNA-dependent RNA polymerase gene, partial cds",258,partial,Turkey,Turkey,,Apodemus flavicollis,,"Polat,C., Sironen,T., Plyusnina,A., Karatas,A., Sozen,M., Matur,F., Vapalahti,O., Oktem,I.M., Plyusnin,A., Oktem,I.M.A.","Dokuz Eylul University, Faculty of Medicine, Department of Medical Microbiology",Turkey,1,2009-07-30,2015-12-16,ssRNA(-)
KT315632.1,GenBank,set:da152eb565db697c288b8354777c58541be5e315,,,,Orthohantavirus dobravaense,Orthohantavirus dobravaense,Orthohantavirus,Hantaviridae,,Turkey/Igneada/57Af/2009,L,"Dobrava-Belgrade virus isolate Turkey/Igneada/57Af/2009 segment L RNA-dependent RNA polymerase gene, partial cds",258,partial,Turkey,Turkey,,Apodemus flavicollis,,"Polat,C., Sironen,T., Plyusnina,A., Karatas,A., Sozen,M., Matur,F., Vapalahti,O., Oktem,I.M., Plyusnin,A., Oktem,I.M.A.","Dokuz Eylul University, Faculty of Medicine, Department of Medical Microbiology",Turkey,1,2009-07-30,2015-12-16,ssRNA(-)
KT315633.1,GenBank,set:a92d756e1656cdd24cb10e6d7f7b4b26ed2e2437,,,,Orthohantavirus dobravaense,Orthohantavirus dobravaense,Orthohantavirus,Hantaviridae,,Turkey/Igneada/84Af/2009,L,"Dobrava-Belgrade virus isolate Turkey/Igneada/84Af/2009 segment L RNA-dependent RNA polymerase gene, partial cds",258,partial,Turkey,Turkey,,Apodemus flavicollis,,"Polat,C., Sironen,T., Plyusnina,A., Karatas,A., Sozen,M., Matur,F., Vapalahti,O., Oktem,I.M., Plyusnin,A., Oktem,I.M.A.","Dokuz Eylul University, Faculty of Medicine, Department of Medical Microbiology",Turkey,1,2009-07-30,2015-12-16,ssRNA(-)
KT315634.1,GenBank,set:8000337f372a0e92a0fbcc6875f98bee77bbb121,,,,Orthohantavirus dobravaense,Orthohantavirus dobravaense,Orthohantavirus,Hantaviridae,,Turkey/Igneada/89Af/2009,L,"Dobrava-Belgrade virus isolate Turkey/Igneada/89Af/2009 segment L RNA-dependent RNA polymerase gene, partial cds",258,partial,Turkey,Turkey,,Apodemus flavicollis,,"Polat,C., Sironen,T., Plyusnina,A., Karatas,A., Sozen,M., Matur,F., Vapalahti,O., Oktem,I.M., Plyusnin,A., Oktem,I.M.A.","Dokuz Eylul University, Faculty of Medicine, Department of Medical Microbiology",Turkey,1,2009-07-30,2015-12-16,ssRNA(-)
KT315635.1,GenBank,set:fd24747a1f8548727601553b119792e06aecbdc3,,,,Orthohantavirus dobravaense,Orthohantavirus dobravaense,Orthohantavirus,Hantaviridae,,Turkey/Igneada/02Af/2009,S,"Dobrava-Belgrade virus isolate Turkey/Igneada/02Af/2009 segment S nucleocapsid protein gene, partial cds",627,partial,Turkey,Turkey,,Apodemus flavicollis,,"Polat,C., Sironen,T., Plyusnina,A., Karatas,A., Sozen,M., Matur,F., Vapalahti,O., Oktem,I.M., Plyusnin,A., Oktem,I.M.A.","Dokuz Eylul University, Faculty of Medicine, Department of Medical Microbiology",Turkey,1,2009-07-30,2015-12-16,ssRNA(-)
KT315636.1,GenBank,set:14cf8470a4b65f4d22b37f6da2c1f70a987782f8,,,,Orthohantavirus dobravaense,Orthohantavirus dobravaense,Orthohantavirus,Hantaviridae,,Turkey/Igneada/03Af/2009,S,"Dobrava-Belgrade virus isolate Turkey/Igneada/03Af/2009 segment S nucleocapsid protein gene, partial cds",627,partial,Turkey,Turkey,,Apodemus flavicollis,,"Polat,C., Sironen,T., Plyusnina,A., Karatas,A., Sozen,M., Matur,F., Vapalahti,O., Oktem,I.M., Plyusnin,A., Oktem,I.M.A.","Dokuz Eylul University, Faculty of Medicine, Department of Medical Microbiology",Turkey,1,2009-07-30,2015-12-16,ssRNA(-)
KT315637.1,GenBank,set:1721b59fd07b8f3bfae8c9e890cf2d929213b7a1,,,,Orthohantavirus dobravaense,Orthohantavirus dobravaense,Orthohantavirus,Hantaviridae,,Turkey/Igneada/09Af/2009,S,"Dobrava-Belgrade virus isolate Turkey/Igneada/09Af/2009 segment S nucleocapsid protein gene, partial cds",627,partial,Turkey,Turkey,,Apodemus flavicollis,,"Polat,C., Sironen,T., Plyusnina,A., Karatas,A., Sozen,M., Matur,F., Vapalahti,O., Oktem,I.M., Plyusnin,A., Oktem,I.M.A.","Dokuz Eylul University, Faculty of Medicine, Department of Medical Microbiology",Turkey,1,2009-07-30,2015-12-16,ssRNA(-)
KT315638.1,GenBank,set:9c877024d071643eda02c4925722fd0894fa215e,,,,Orthohantavirus dobravaense,Orthohantavirus dobravaense,Orthohantavirus,Hantaviridae,,Turkey/Igneada/13Af/2009,S,"Dobrava-Belgrade virus isolate Turkey/Igneada/13Af/2009 segment S nucleocapsid protein gene, partial cds",627,partial,Turkey,Turkey,,Apodemus flavicollis,,"Polat,C., Sironen,T., Plyusnina,A., Karatas,A., Sozen,M., Matur,F., Vapalahti,O., Oktem,I.M., Plyusnin,A., Oktem,I.M.A.","Dokuz Eylul University, Faculty of Medicine, Department of Medical Microbiology",Turkey,1,2009-07-30,2015-12-16,ssRNA(-)
KT315639.1,GenBank,set:0ec399d00af1ac4b94ef2df8c90326dbe6bd5cf6,,,,Orthohantavirus dobravaense,Orthohantavirus dobravaense,Orthohantavirus,Hantaviridae,,Turkey/Igneada/32Af/2009,S,"Dobrava-Belgrade virus isolate Turkey/Igneada/32Af/2009 segment S nucleocapsid protein gene, partial cds",627,partial,Turkey,Turkey,,Apodemus flavicollis,,"Polat,C., Sironen,T., Plyusnina,A., Karatas,A., Sozen,M., Matur,F., Vapalahti,O., Oktem,I.M., Plyusnin,A., Oktem,I.M.A.","Dokuz Eylul University, Faculty of Medicine, Department of Medical Microbiology",Turkey,1,2009-07-30,2015-12-16,ssRNA(-)
KT315640.1,GenBank,set:da152eb565db697c288b8354777c58541be5e315,,,,Orthohantavirus dobravaense,Orthohantavirus dobravaense,Orthohantavirus,Hantaviridae,,Turkey/Igneada/57Af/2009,S,"Dobrava-Belgrade virus isolate Turkey/Igneada/57Af/2009 segment S nucleocapsid protein gene, partial cds",627,partial,Turkey,Turkey,,Apodemus flavicollis,,"Polat,C., Sironen,T., Plyusnina,A., Karatas,A., Sozen,M., Matur,F., Vapalahti,O., Oktem,I.M., Plyusnin,A., Oktem,I.M.A.","Dokuz Eylul University, Faculty of Medicine, Department of Medical Microbiology",Turkey,1,2009-07-30,2015-12-16,ssRNA(-)
KT315641.1,GenBank,set:a92d756e1656cdd24cb10e6d7f7b4b26ed2e2437,,,,Orthohantavirus dobravaense,Orthohantavirus dobravaense,Orthohantavirus,Hantaviridae,,Turkey/Igneada/84Af/2009,S,"Dobrava-Belgrade virus isolate Turkey/Igneada/84Af/2009 segment S nucleocapsid protein gene, partial cds",627,partial,Turkey,Turkey,,Apodemus flavicollis,,"Polat,C., Sironen,T., Plyusnina,A., Karatas,A., Sozen,M., Matur,F., Vapalahti,O., Oktem,I.M., Plyusnin,A., Oktem,I.M.A.","Dokuz Eylul University, Faculty of Medicine, Department of Medical Microbiology",Turkey,1,2009-07-30,2015-12-16,ssRNA(-)
KT315642.1,GenBank,set:8000337f372a0e92a0fbcc6875f98bee77bbb121,,,,Orthohantavirus dobravaense,Orthohantavirus dobravaense,Orthohantavirus,Hantaviridae,,Turkey/Igneada/89Af/2009,S,"Dobrava-Belgrade virus isolate Turkey/Igneada/89Af/2009 segment S nucleocapsid protein gene, partial cds",627,partial,Turkey,Turkey,,Apodemus flavicollis,,"Polat,C., Sironen,T., Plyusnina,A., Karatas,A., Sozen,M., Matur,F., Vapalahti,O., Oktem,I.M., Plyusnin,A., Oktem,I.M.A.","Dokuz Eylul University, Faculty of Medicine, Department of Medical Microbiology",Turkey,1,2009-07-30,2015-12-16,ssRNA(-)
KP878308.1,GenBank,set:5d2a2a065f058117f8e30e0f67108929a3ded9ac,,,,Orthohantavirus dobravaense,Orthohantavirus dobravaense,Orthohantavirus,Hantaviridae,Sochi,,L,"Orthohantavirus dobravaense strain 10636/Ap segment L RNA-dependent RNA polymerase gene, partial cds",347,partial,Russia,Russia,,Apodemus ponticus,,"Kruger,D.H., Tkachenko,E.A., Morozov,V.G., Yunicheva,Y.V., Pilikova,O.M., Malkin,G., Ishmukhametov,A.A., Heinemann,P., Witkowski,P.T., Klempa,B., Dzagurova,T.K.","Charite School of Medicine, Institute of Medical Virology",Germany,1,2013,2015-11-28,ssRNA(-)
KP878309.1,GenBank,set:8abd4c6348c44beb72a121f0b8655c90b22cb159,,,,Orthohantavirus dobravaense,Orthohantavirus dobravaense,Orthohantavirus,Hantaviridae,Sochi,,L,"Orthohantavirus dobravaense strain 10645/Ap segment L RNA-dependent RNA polymerase gene, partial cds",347,partial,Russia,Russia,,Apodemus ponticus,,"Kruger,D.H., Tkachenko,E.A., Morozov,V.G., Yunicheva,Y.V., Pilikova,O.M., Malkin,G., Ishmukhametov,A.A., Heinemann,P., Witkowski,P.T., Klempa,B., Dzagurova,T.K.","Charite School of Medicine, Institute of Medical Virology",Germany,1,2013,2015-11-28,ssRNA(-)
KP878310.1,GenBank,set:0e6f62067884c2846247ac299714537f6edbfcbf,,,,Orthohantavirus dobravaense,Orthohantavirus dobravaense,Orthohantavirus,Hantaviridae,Sochi,,L,"Orthohantavirus dobravaense strain 10752/hu segment L RNA-dependent RNA polymerase gene, partial cds",347,partial,Russia,Russia,,Homo sapiens,,"Kruger,D.H., Tkachenko,E.A., Morozov,V.G., Yunicheva,Y.V., Pilikova,O.M., Malkin,G., Ishmukhametov,A.A., Heinemann,P., Witkowski,P.T., Klempa,B., Dzagurova,T.K.","Charite School of Medicine, Institute of Medical Virology",Germany,1,2013,2015-11-28,ssRNA(-)
KP878311.1,GenBank,set:5d2a2a065f058117f8e30e0f67108929a3ded9ac,,,,Orthohantavirus dobravaense,Orthohantavirus dobravaense,Orthohantavirus,Hantaviridae,Sochi,,S,"Orthohantavirus dobravaense strain 10636/Ap segment S nucleocapsid protein gene, complete cds",1300,complete,Russia,Russia,,Apodemus ponticus,,"Kruger,D.H., Tkachenko,E.A., Morozov,V.G., Yunicheva,Y.V., Pilikova,O.M., Malkin,G., Ishmukhametov,A.A., Heinemann,P., Witkowski,P.T., Klempa,B., Dzagurova,T.K.","Charite School of Medicine, Institute of Medical Virology",Germany,1,2013,2015-11-28,ssRNA(-)
KP878312.1,GenBank,set:8abd4c6348c44beb72a121f0b8655c90b22cb159,,,,Orthohantavirus dobravaense,Orthohantavirus dobravaense,Orthohantavirus,Hantaviridae,Sochi,,S,"Orthohantavirus dobravaense strain 10645/Ap segment S nucleocapsid protein gene, complete cds",1300,complete,Russia,Russia,,Apodemus ponticus,,"Kruger,D.H., Tkachenko,E.A., Morozov,V.G., Yunicheva,Y.V., Pilikova,O.M., Malkin,G., Ishmukhametov,A.A., Heinemann,P., Witkowski,P.T., Klempa,B., Dzagurova,T.K.","Charite School of Medicine, Institute of Medical Virology",Germany,1,2013,2015-11-28,ssRNA(-)
KP878313.1,GenBank,set:0e6f62067884c2846247ac299714537f6edbfcbf,,,,Orthohantavirus dobravaense,Orthohantavirus dobravaense,Orthohantavirus,Hantaviridae,Sochi,,S,"Orthohantavirus dobravaense strain 10752/hu segment S nucleocapsid protein gene, complete cds",1300,complete,Russia,Russia,,Homo sapiens,,"Kruger,D.H., Tkachenko,E.A., Morozov,V.G., Yunicheva,Y.V., Pilikova,O.M., Malkin,G., Ishmukhametov,A.A., Heinemann,P., Witkowski,P.T., Klempa,B., Dzagurova,T.K.","Charite School of Medicine, Institute of Medical Virology",Germany,1,2013,2015-11-28,ssRNA(-)
KT885041.1,GenBank,set:1e12a3d2dba900de022b232f26aa43d90c18e211,,,,Orthohantavirus dobravaense,Orthohantavirus dobravaense,Orthohantavirus,Hantaviridae,,,L,"Orthohantavirus dobravaense strain Stamforrad/POR segment L, complete sequence",6456,complete,Slovenia,Slovenia,,Apodemus flavicollis,,"Miles,R.W., Lewandowski,K.","Public Health England, Diagnostic Support",,,2015,2015-10-13,ssRNA(-)
KT885042.1,GenBank,set:1e12a3d2dba900de022b232f26aa43d90c18e211,,,,Orthohantavirus dobravaense,Orthohantavirus dobravaense,Orthohantavirus,Hantaviridae,,,M,"Orthohantavirus dobravaense strain Stamforrad/POR segment M, complete sequence",3647,complete,Slovenia,Slovenia,,Apodemus flavicollis,,"Miles,R.W., Lewandowski,K.","Public Health England, Diagnostic Support",,,2015,2015-10-13,ssRNA(-)
KT885043.1,GenBank,set:1e12a3d2dba900de022b232f26aa43d90c18e211,,,,Orthohantavirus dobravaense,Orthohantavirus dobravaense,Orthohantavirus,Hantaviridae,,,S,"Orthohantavirus dobravaense strain Stamforrad/POR segment S, complete sequence",1672,complete,Slovenia,Slovenia,,Apodemus flavicollis,,"Miles,R.W., Lewandowski,K.","Public Health England, Diagnostic Support",,,2015,2015-10-13,ssRNA(-)
KM192207.1,GenBank,set:1340c0b4347edebecc55d2a656bbdfa9c3215019,,,,Orthohantavirus dobravaense,Orthohantavirus dobravaense,Orthohantavirus,Hantaviridae,Sochi,,L,"Dobrava-Belgrade virus strain Sochi/6882/hu RNA-dependent RNA polymerase gene, partial cds",347,partial,Russia,Russia,,Homo sapiens,,"Kruger,D.H., Tkachenko,E.A., Morozov,V.G., Yunicheva,Y.V., Pilikova,O.M., Malkin,G., Ishmukhametov,A.A., Heinemann,P., Witkowski,P.T., Klempa,B., Dzagurova,T.K.","Charite Medical School, Berlin, Germany, Institute of Virology, Helmut-Ruska-Haus",Germany,1,2009,2015-08-14,ssRNA(-)
KM192208.1,GenBank,set:0b04501f2cea75d528fe5ab1785edf67ca77e4cb,,,,Orthohantavirus dobravaense,Orthohantavirus dobravaense,Orthohantavirus,Hantaviridae,Sochi,,L,"Dobrava-Belgrade virus strain Ap/Sochi/79 RNA-dependent RNA polymerase gene, partial cds",347,partial,Russia,Russia,,Apodemus ponticus,,"Kruger,D.H., Tkachenko,E.A., Morozov,V.G., Yunicheva,Y.V., Pilikova,O.M., Malkin,G., Ishmukhametov,A.A., Heinemann,P., Witkowski,P.T., Klempa,B., Dzagurova,T.K.","Charite Medical School, Berlin, Germany, Institute of Virology, Helmut-Ruska-Haus",Germany,1,2008,2015-08-14,ssRNA(-)
KM192209.1,GenBank,set:28c253a3f8c3399644749dc11e5cf8c2fbd3ddcc,,,,Orthohantavirus dobravaense,Orthohantavirus dobravaense,Orthohantavirus,Hantaviridae,Sochi,,L,"Dobrava-Belgrade virus strain Ap/Sochi/43 RNA-dependent RNA polymerase gene, partial cds",347,partial,Russia,Russia,,Apodemus ponticus,,"Kruger,D.H., Tkachenko,E.A., Morozov,V.G., Yunicheva,Y.V., Pilikova,O.M., Malkin,G., Ishmukhametov,A.A., Heinemann,P., Witkowski,P.T., Klempa,B., Dzagurova,T.K.","Charite Medical School, Berlin, Germany, Institute of Virology, Helmut-Ruska-Haus",Germany,1,2008,2015-08-14,ssRNA(-)
KF776557.1,GenBank,set:f101cb6c4ed4c2d0be7dc2025e9c45b90f1ae723,,,,Dobrava-Belgrade orthohantavirus,Orthohantavirus dobravaense,Orthohantavirus,Hantaviridae,,HtSi_353_p2012,L,"Dobrava-Belgrade virus isolate HtSi_353_p2012 RNA-dependent RNA polymerase gene, partial cds",234,partial,Slovenia,Slovenia,,Homo sapiens,,"Korva,M., Knap,N., Rus,K.R., Fajs,L., Grubelnik,G., Bremec,M., Knapic,T., Trilar,T., Zupanc,T.A., Avsic-Zupanc,T.","University of Ljubljana, Faculty of Medicine, Institute of Microbiology and Immunology",Slovenia,1,2013-10-01,2014-10-01,ssRNA(-)
KF776564.1,GenBank,set:9cd85a74c77299875504d89109d2c4fdb81d5d09,,,,Dobrava-Belgrade orthohantavirus,Orthohantavirus dobravaense,Orthohantavirus,Hantaviridae,,HtSi_397_p2012,L,"Dobrava-Belgrade virus isolate HtSi_397_p2012 RNA-dependent RNA polymerase gene, partial cds",234,partial,Slovenia,Slovenia,,Homo sapiens,,"Korva,M., Knap,N., Rus,K.R., Fajs,L., Grubelnik,G., Bremec,M., Knapic,T., Trilar,T., Zupanc,T.A., Avsic-Zupanc,T.","University of Ljubljana, Faculty of Medicine, Institute of Microbiology and Immunology",Slovenia,1,2013-10-01,2014-10-01,ssRNA(-)
KF776578.1,GenBank,set:c4dffea9d8e1a0b650bc69a56da4373537303c74,,,,Dobrava-Belgrade orthohantavirus,Orthohantavirus dobravaense,Orthohantavirus,Hantaviridae,,HtSi_465_p2012,L,"Dobrava-Belgrade virus isolate HtSi_465_p2012 RNA-dependent RNA polymerase gene, partial cds",234,partial,Slovenia,Slovenia,,Homo sapiens,,"Korva,M., Knap,N., Rus,K.R., Fajs,L., Grubelnik,G., Bremec,M., Knapic,T., Trilar,T., Zupanc,T.A., Avsic-Zupanc,T.","University of Ljubljana, Faculty of Medicine, Institute of Microbiology and Immunology",Slovenia,1,2013-10-01,2014-10-01,ssRNA(-)
KF776581.1,GenBank,set:da171c4f513f097a7c8e39516a5832a0dd67df28,,,,Dobrava-Belgrade orthohantavirus,Orthohantavirus dobravaense,Orthohantavirus,Hantaviridae,,HtSi_492_p2012,L,"Dobrava-Belgrade virus isolate HtSi_492_p2012 RNA-dependent RNA polymerase gene, partial cds",234,partial,Slovenia,Slovenia,,Homo sapiens,,"Korva,M., Knap,N., Rus,K.R., Fajs,L., Grubelnik,G., Bremec,M., Knapic,T., Trilar,T., Zupanc,T.A., Avsic-Zupanc,T.","University of Ljubljana, Faculty of Medicine, Institute of Microbiology and Immunology",Slovenia,1,2013-10-01,2014-10-01,ssRNA(-)
KF776582.1,GenBank,set:1c91ab75375bbeafbc9b17dcbfe8674db4db9ea8,,,,Dobrava-Belgrade orthohantavirus,Orthohantavirus dobravaense,Orthohantavirus,Hantaviridae,,HtSi_498_p2012,L,"Dobrava-Belgrade virus isolate HtSi_498_p2012 RNA-dependent RNA polymerase gene, partial cds",234,partial,Slovenia,Slovenia,,Homo sapiens,,"Korva,M., Knap,N., Rus,K.R., Fajs,L., Grubelnik,G., Bremec,M., Knapic,T., Trilar,T., Zupanc,T.A., Avsic-Zupanc,T.","University of Ljubljana, Faculty of Medicine, Institute of Microbiology and Immunology",Slovenia,1,2013-10-01,2014-10-01,ssRNA(-)
KF776583.1,GenBank,set:8b5be71869972d04d9805ac2063f69da544770d8,,,,Dobrava-Belgrade orthohantavirus,Orthohantavirus dobravaense,Orthohantavirus,Hantaviridae,,HtSi_504_p2012,L,"Dobrava-Belgrade virus isolate HtSi_504_p2012 RNA-dependent RNA polymerase gene, partial cds",234,partial,Slovenia,Slovenia,,Homo sapiens,,"Korva,M., Knap,N., Rus,K.R., Fajs,L., Grubelnik,G., Bremec,M., Knapic,T., Trilar,T., Zupanc,T.A., Avsic-Zupanc,T.","University of Ljubljana, Faculty of Medicine, Institute of Microbiology and Immunology",Slovenia,1,2013-10-01,2014-10-01,ssRNA(-)
KF776585.1,GenBank,set:d19c016dee4e5d02bc7080691365bc663d2cf376,,,,Dobrava-Belgrade orthohantavirus,Orthohantavirus dobravaense,Orthohantavirus,Hantaviridae,,HtSi_221_p2006,L,"Dobrava-Belgrade virus isolate HtSi_221_p2006 RNA-dependent RNA polymerase gene, partial cds",234,partial,Slovenia,Slovenia,,Homo sapiens,,"Korva,M., Knap,N., Rus,K.R., Fajs,L., Grubelnik,G., Bremec,M., Knapic,T., Trilar,T., Zupanc,T.A., Avsic-Zupanc,T.","University of Ljubljana, Faculty of Medicine, Institute of Microbiology and Immunology",Slovenia,1,2013-10-01,2014-10-01,ssRNA(-)
KF776586.1,GenBank,set:ed34e366bf868b1216221bd416f0e6005db057de,,,,Dobrava-Belgrade orthohantavirus,Orthohantavirus dobravaense,Orthohantavirus,Hantaviridae,,HtSi_232_p2007,L,"Dobrava-Belgrade virus isolate HtSi_232_p2007 RNA-dependent RNA polymerase gene, partial cds",234,partial,Slovenia,Slovenia,,Homo sapiens,,"Korva,M., Knap,N., Rus,K.R., Fajs,L., Grubelnik,G., Bremec,M., Knapic,T., Trilar,T., Zupanc,T.A., Avsic-Zupanc,T.","University of Ljubljana, Faculty of Medicine, Institute of Microbiology and Immunology",Slovenia,1,2013-10-01,2014-10-01,ssRNA(-)
KF776590.1,GenBank,set:ce3615f646caa26076018b13ce9b4a01b0cc8d6f,,,,Dobrava-Belgrade orthohantavirus,Orthohantavirus dobravaense,Orthohantavirus,Hantaviridae,Kurkino,HtSi_1093_a1996,L,"Dobrava-Belgrade virus isolate HtSi_1093_a1996 RNA-dependent RNA polymerase gene, partial cds",234,partial,Slovenia,Slovenia,,Apodemus agrarius,,"Korva,M., Knap,N., Rus,K.R., Fajs,L., Grubelnik,G., Bremec,M., Knapic,T., Trilar,T., Zupanc,T.A., Avsic-Zupanc,T.","University of Ljubljana, Faculty of Medicine, Institute of Microbiology and Immunology",Slovenia,1,2013-10-01,2014-10-01,ssRNA(-)
KF776596.1,GenBank,set:1233e06673c34c86f6228654ed75667c04608b34,,,,Dobrava-Belgrade orthohantavirus,Orthohantavirus dobravaense,Orthohantavirus,Hantaviridae,,HtSi_274_p2008,L,"Dobrava-Belgrade virus isolate HtSi_274_p2008 RNA-dependent RNA polymerase gene, partial cds",234,partial,Slovenia,Slovenia,,Homo sapiens,,"Korva,M., Knap,N., Rus,K.R., Fajs,L., Grubelnik,G., Bremec,M., Knapic,T., Trilar,T., Zupanc,T.A., Avsic-Zupanc,T.","University of Ljubljana, Faculty of Medicine, Institute of Microbiology and Immunology",Slovenia,1,2013-10-01,2014-10-01,ssRNA(-)
KF776597.1,GenBank,set:14c8dc59ced51d02c45f8cd9df72106f37db46c6,,,,Dobrava-Belgrade orthohantavirus,Orthohantavirus dobravaense,Orthohantavirus,Hantaviridae,,HtSi_276_p2008,L,"Dobrava-Belgrade virus isolate HtSi_276_p2008 RNA-dependent RNA polymerase gene, partial cds",234,partial,Slovenia,Slovenia,,Homo sapiens,,"Korva,M., Knap,N., Rus,K.R., Fajs,L., Grubelnik,G., Bremec,M., Knapic,T., Trilar,T., Zupanc,T.A., Avsic-Zupanc,T.","University of Ljubljana, Faculty of Medicine, Institute of Microbiology and Immunology",Slovenia,1,2013-10-01,2014-10-01,ssRNA(-)
KF776600.1,GenBank,set:4d99e7930a306d187a7c464c18a208fea4e4d472,,,,Dobrava-Belgrade orthohantavirus,Orthohantavirus dobravaense,Orthohantavirus,Hantaviridae,Kurkino,HtSi_300_p2010,L,"Dobrava-Belgrade virus isolate HtSi_300_p2010 RNA-dependent RNA polymerase gene, partial cds",234,partial,Slovenia,Slovenia,,Homo sapiens,,"Korva,M., Knap,N., Rus,K.R., Fajs,L., Grubelnik,G., Bremec,M., Knapic,T., Trilar,T., Zupanc,T.A., Avsic-Zupanc,T.","University of Ljubljana, Faculty of Medicine, Institute of Microbiology and Immunology",Slovenia,1,2013-10-01,2014-10-01,ssRNA(-)
KF776609.1,GenBank,set:236409828b774352f4c83ade92cfe6216ad42a01,,,,Dobrava-Belgrade orthohantavirus,Orthohantavirus dobravaense,Orthohantavirus,Hantaviridae,,HtSi_132_p2000,L,"Dobrava-Belgrade virus isolate HtSi_132_p2000 RNA-dependent RNA polymerase gene, partial cds",234,partial,Slovenia,Slovenia,,Homo sapiens,,"Korva,M., Knap,N., Rus,K.R., Fajs,L., Grubelnik,G., Bremec,M., Knapic,T., Trilar,T., Zupanc,T.A., Avsic-Zupanc,T.","University of Ljubljana, Faculty of Medicine, Institute of Microbiology and Immunology",Slovenia,1,2013-10-01,2014-10-01,ssRNA(-)
KF776610.1,GenBank,set:6818e79d47cc3520e541e1c7299b6085fac484be,,,,Dobrava-Belgrade orthohantavirus,Orthohantavirus dobravaense,Orthohantavirus,Hantaviridae,,HtSi_135_p2001,L,"Dobrava-Belgrade virus isolate HtSi_135_p2001 RNA-dependent RNA polymerase gene, partial cds",234,partial,Slovenia,Slovenia,,Homo sapiens,,"Korva,M., Knap,N., Rus,K.R., Fajs,L., Grubelnik,G., Bremec,M., Knapic,T., Trilar,T., Zupanc,T.A., Avsic-Zupanc,T.","University of Ljubljana, Faculty of Medicine, Institute of Microbiology and Immunology",Slovenia,1,2013-10-01,2014-10-01,ssRNA(-)
KF776613.1,GenBank,set:8d4838ef483d7492d6753ac82f34d974c3609608,,,,Dobrava-Belgrade orthohantavirus,Orthohantavirus dobravaense,Orthohantavirus,Hantaviridae,,HtSi_200_p2005,L,"Dobrava-Belgrade virus isolate HtSi_200_p2005 RNA-dependent RNA polymerase gene, partial cds",234,partial,Slovenia,Slovenia,,Homo sapiens,,"Korva,M., Knap,N., Rus,K.R., Fajs,L., Grubelnik,G., Bremec,M., Knapic,T., Trilar,T., Zupanc,T.A., Avsic-Zupanc,T.","University of Ljubljana, Faculty of Medicine, Institute of Microbiology and Immunology",Slovenia,1,2013-10-01,2014-10-01,ssRNA(-)
KF776614.1,GenBank,set:db82c1f2d79a73cc0e0a8044f7f407498e1317e3,,,,Dobrava-Belgrade orthohantavirus,Orthohantavirus dobravaense,Orthohantavirus,Hantaviridae,,HtSi_215_p2005,L,"Dobrava-Belgrade virus isolate HtSi_215_p2005 RNA-dependent RNA polymerase gene, partial cds",234,partial,Slovenia,Slovenia,,Homo sapiens,,"Korva,M., Knap,N., Rus,K.R., Fajs,L., Grubelnik,G., Bremec,M., Knapic,T., Trilar,T., Zupanc,T.A., Avsic-Zupanc,T.","University of Ljubljana, Faculty of Medicine, Institute of Microbiology and Immunology",Slovenia,1,2013-10-01,2014-10-01,ssRNA(-)
KF776615.1,GenBank,set:867bf640cc42612b6f427178c0400aebcbfe2632,,,,Dobrava-Belgrade orthohantavirus,Orthohantavirus dobravaense,Orthohantavirus,Hantaviridae,,HtSi_256_p2008,L,"Dobrava-Belgrade virus isolate HtSi_256_p2008 RNA-dependent RNA polymerase gene, partial cds",234,partial,Slovenia,Slovenia,,Homo sapiens,,"Korva,M., Knap,N., Rus,K.R., Fajs,L., Grubelnik,G., Bremec,M., Knapic,T., Trilar,T., Zupanc,T.A., Avsic-Zupanc,T.","University of Ljubljana, Faculty of Medicine, Institute of Microbiology and Immunology",Slovenia,1,2013-10-01,2014-10-01,ssRNA(-)
KF776618.1,GenBank,set:a77591d8db8e30e1a80c3bbedf59016507929c09,,,,Dobrava-Belgrade orthohantavirus,Orthohantavirus dobravaense,Orthohantavirus,Hantaviridae,,HtSi_268_p2008,L,"Dobrava-Belgrade virus isolate HtSi_268_p2008 RNA-dependent RNA polymerase gene, partial cds",234,partial,Slovenia,Slovenia,,Homo sapiens,,"Korva,M., Knap,N., Rus,K.R., Fajs,L., Grubelnik,G., Bremec,M., Knapic,T., Trilar,T., Zupanc,T.A., Avsic-Zupanc,T.","University of Ljubljana, Faculty of Medicine, Institute of Microbiology and Immunology",Slovenia,1,2013-10-01,2014-10-01,ssRNA(-)
KF776619.1,GenBank,set:168b37181f450aa7133754702da3a7c8b7899fcd,,,,Dobrava-Belgrade orthohantavirus,Orthohantavirus dobravaense,Orthohantavirus,Hantaviridae,,HtSi_297_p2010,L,"Dobrava-Belgrade virus isolate HtSi_297_p2010 RNA-dependent RNA polymerase gene, partial cds",234,partial,Slovenia,Slovenia,,Homo sapiens,,"Korva,M., Knap,N., Rus,K.R., Fajs,L., Grubelnik,G., Bremec,M., Knapic,T., Trilar,T., Zupanc,T.A., Avsic-Zupanc,T.","University of Ljubljana, Faculty of Medicine, Institute of Microbiology and Immunology",Slovenia,1,2013-10-01,2014-10-01,ssRNA(-)
KF776620.1,GenBank,set:355cd25f2bf324494de4567c9c11403042b89331,,,,Dobrava-Belgrade orthohantavirus,Orthohantavirus dobravaense,Orthohantavirus,Hantaviridae,,HtSi_301_p2010,L,"Dobrava-Belgrade virus isolate HtSi_301_p2010 RNA-dependent RNA polymerase gene, partial cds",234,partial,Slovenia,Slovenia,,Homo sapiens,,"Korva,M., Knap,N., Rus,K.R., Fajs,L., Grubelnik,G., Bremec,M., Knapic,T., Trilar,T., Zupanc,T.A., Avsic-Zupanc,T.","University of Ljubljana, Faculty of Medicine, Institute of Microbiology and Immunology",Slovenia,1,2013-10-01,2014-10-01,ssRNA(-)
KF776623.1,GenBank,set:b0a7ada1e23f12f1eec1d64e679c6c4a6bf78fcc,,,,Dobrava-Belgrade orthohantavirus,Orthohantavirus dobravaense,Orthohantavirus,Hantaviridae,,HtSi_193_p2005,L,"Dobrava-Belgrade virus isolate HtSi_193_p2005 RNA-dependent RNA polymerase gene, partial cds",234,partial,Slovenia,Slovenia,,Homo sapiens,,"Korva,M., Knap,N., Rus,K.R., Fajs,L., Grubelnik,G., Bremec,M., Knapic,T., Trilar,T., Zupanc,T.A., Avsic-Zupanc,T.","University of Ljubljana, Faculty of Medicine, Institute of Microbiology and Immunology",Slovenia,1,2013-10-01,2014-10-01,ssRNA(-)
KF776624.1,GenBank,set:4bc92c92fc6a28dd559339465b91456c83be54e7,,,,Dobrava-Belgrade orthohantavirus,Orthohantavirus dobravaense,Orthohantavirus,Hantaviridae,,HtSi_1020_a2008,L,"Dobrava-Belgrade virus isolate HtSi_1020_a2008 RNA-dependent RNA polymerase gene, partial cds",234,partial,Slovenia,Slovenia,,Apodemus flavicollis,,"Korva,M., Knap,N., Rus,K.R., Fajs,L., Grubelnik,G., Bremec,M., Knapic,T., Trilar,T., Zupanc,T.A., Avsic-Zupanc,T.","University of Ljubljana, Faculty of Medicine, Institute of Microbiology and Immunology",Slovenia,1,2013-10-01,2014-10-01,ssRNA(-)
KF776626.1,GenBank,set:2f834413b6280297194cfcc24ac3e843d18d6fcd,,,,Dobrava-Belgrade orthohantavirus,Orthohantavirus dobravaense,Orthohantavirus,Hantaviridae,,HtSi_1044_a1999,L,"Dobrava-Belgrade virus isolate HtSi_1044_a1999 RNA-dependent RNA polymerase gene, partial cds",234,partial,Slovenia,Slovenia,,Apodemus flavicollis,,"Korva,M., Knap,N., Rus,K.R., Fajs,L., Grubelnik,G., Bremec,M., Knapic,T., Trilar,T., Zupanc,T.A., Avsic-Zupanc,T.","University of Ljubljana, Faculty of Medicine, Institute of Microbiology and Immunology",Slovenia,1,2013-10-01,2014-10-01,ssRNA(-)
KF776627.1,GenBank,set:f29fc3f028fc19a7275e8b6348508333bb6f1746,,,,Dobrava-Belgrade orthohantavirus,Orthohantavirus dobravaense,Orthohantavirus,Hantaviridae,,HtSi_1008_a1999,L,"Dobrava-Belgrade virus isolate HtSi_1008_a1999 RNA-dependent RNA polymerase gene, partial cds",234,partial,Slovenia,Slovenia,,Apodemus flavicollis,,"Korva,M., Knap,N., Rus,K.R., Fajs,L., Grubelnik,G., Bremec,M., Knapic,T., Trilar,T., Zupanc,T.A., Avsic-Zupanc,T.","University of Ljubljana, Faculty of Medicine, Institute of Microbiology and Immunology",Slovenia,1,2013-10-01,2014-10-01,ssRNA(-)
KF776628.1,GenBank,set:7471c342233fc0485e1d968e5ce4cba3d827cfe3,,,,Dobrava-Belgrade orthohantavirus,Orthohantavirus dobravaense,Orthohantavirus,Hantaviridae,Kurkino,HtSi_1094_a1998,L,"Dobrava-Belgrade virus isolate HtSi_1094_a1998 RNA-dependent RNA polymerase gene, partial cds",234,partial,Slovenia,Slovenia,,Apodemus agrarius,,"Korva,M., Knap,N., Rus,K.R., Fajs,L., Grubelnik,G., Bremec,M., Knapic,T., Trilar,T., Zupanc,T.A., Avsic-Zupanc,T.","University of Ljubljana, Faculty of Medicine, Institute of Microbiology and Immunology",Slovenia,1,2013-10-01,2014-10-01,ssRNA(-)
KF776629.1,GenBank,set:fcd5937e8e15e2e07d13d0c15856eeae25c7871b,,,,Dobrava-Belgrade orthohantavirus,Orthohantavirus dobravaense,Orthohantavirus,Hantaviridae,Kurkino,HtSi_1095_a1997,L,"Dobrava-Belgrade virus isolate HtSi_1095_a1997 RNA-dependent RNA polymerase gene, partial cds",234,partial,Slovenia,Slovenia,,Apodemus agrarius,,"Korva,M., Knap,N., Rus,K.R., Fajs,L., Grubelnik,G., Bremec,M., Knapic,T., Trilar,T., Zupanc,T.A., Avsic-Zupanc,T.","University of Ljubljana, Faculty of Medicine, Institute of Microbiology and Immunology",Slovenia,1,2013-10-01,2014-10-01,ssRNA(-)
KF776630.1,GenBank,set:577845e4778867c534b6422423918a83788923ef,,,,Dobrava-Belgrade orthohantavirus,Orthohantavirus dobravaense,Orthohantavirus,Hantaviridae,Kurkino,HtSi_1096_a1995,L,"Dobrava-Belgrade virus isolate HtSi_1096_a1995 RNA-dependent RNA polymerase gene, partial cds",234,partial,Slovenia,Slovenia,,Apodemus agrarius,,"Korva,M., Knap,N., Rus,K.R., Fajs,L., Grubelnik,G., Bremec,M., Knapic,T., Trilar,T., Zupanc,T.A., Avsic-Zupanc,T.","University of Ljubljana, Faculty of Medicine, Institute of Microbiology and Immunology",Slovenia,1,2013-10-01,2014-10-01,ssRNA(-)
KF776631.1,GenBank,set:c607fc55e10878b73cf699e0361c581d07a493bb,,,,Dobrava-Belgrade orthohantavirus,Orthohantavirus dobravaense,Orthohantavirus,Hantaviridae,Kurkino,HtSi_1091_a1997,L,"Dobrava-Belgrade virus isolate HtSi_1091_a1997 RNA-dependent RNA polymerase gene, partial cds",234,partial,Slovenia,Slovenia,,Apodemus agrarius,,"Korva,M., Knap,N., Rus,K.R., Fajs,L., Grubelnik,G., Bremec,M., Knapic,T., Trilar,T., Zupanc,T.A., Avsic-Zupanc,T.","University of Ljubljana, Faculty of Medicine, Institute of Microbiology and Immunology",Slovenia,1,2013-10-01,2014-10-01,ssRNA(-)
KF776632.1,GenBank,set:ef676cc478bd97a72fc24595c027607a1ce23dff,,,,Dobrava-Belgrade orthohantavirus,Orthohantavirus dobravaense,Orthohantavirus,Hantaviridae,Kurkino,HtSi_1097_a1995,L,"Dobrava-Belgrade virus isolate HtSi_1097_a1995 RNA-dependent RNA polymerase gene, partial cds",234,partial,Slovenia,Slovenia,,Apodemus flavicollis,,"Korva,M., Knap,N., Rus,K.R., Fajs,L., Grubelnik,G., Bremec,M., Knapic,T., Trilar,T., Zupanc,T.A., Avsic-Zupanc,T.","University of Ljubljana, Faculty of Medicine, Institute of Microbiology and Immunology",Slovenia,1,2013-10-01,2014-10-01,ssRNA(-)
KF776633.1,GenBank,set:10ac4ad3acc67fe8d871aac85318d364be89fc3d,,,,Dobrava-Belgrade orthohantavirus,Orthohantavirus dobravaense,Orthohantavirus,Hantaviridae,Kurkino,HtSi_1092_a1997,L,"Dobrava-Belgrade virus isolate HtSi_1092_a1997 RNA-dependent RNA polymerase gene, partial cds",234,partial,Slovenia,Slovenia,,Apodemus agrarius,,"Korva,M., Knap,N., Rus,K.R., Fajs,L., Grubelnik,G., Bremec,M., Knapic,T., Trilar,T., Zupanc,T.A., Avsic-Zupanc,T.","University of Ljubljana, Faculty of Medicine, Institute of Microbiology and Immunology",Slovenia,1,2013-10-01,2014-10-01,ssRNA(-)
KF776634.1,GenBank,set:1be930b8c45f669e2fb21f993a63b9c1b0d5337f,,,,Dobrava-Belgrade orthohantavirus,Orthohantavirus dobravaense,Orthohantavirus,Hantaviridae,Kurkino,HtSi_1012_a1997,L,"Dobrava-Belgrade virus isolate HtSi_1012_a1997 RNA-dependent RNA polymerase gene, partial cds",234,partial,Slovenia,Slovenia,,Apodemus flavicollis,,"Korva,M., Knap,N., Rus,K.R., Fajs,L., Grubelnik,G., Bremec,M., Knapic,T., Trilar,T., Zupanc,T.A., Avsic-Zupanc,T.","University of Ljubljana, Faculty of Medicine, Institute of Microbiology and Immunology",Slovenia,1,2013-10-01,2014-10-01,ssRNA(-)
KF776635.1,GenBank,set:94934970480c35f020efcdffcfffa64e9a4cc4b7,,,,Dobrava-Belgrade orthohantavirus,Orthohantavirus dobravaense,Orthohantavirus,Hantaviridae,,HtSi_1041_a2005,L,"Dobrava-Belgrade virus isolate HtSi_1041_a2005 RNA-dependent RNA polymerase gene, partial cds",234,partial,Slovenia,Slovenia,,Apodemus flavicollis,,"Korva,M., Knap,N., Rus,K.R., Fajs,L., Grubelnik,G., Bremec,M., Knapic,T., Trilar,T., Zupanc,T.A., Avsic-Zupanc,T.","University of Ljubljana, Faculty of Medicine, Institute of Microbiology and Immunology",Slovenia,1,2013-10-01,2014-10-01,ssRNA(-)
KF776636.1,GenBank,set:a727ba655e30b9d42b1ed41739afdd29af4e1899,,,,Dobrava-Belgrade orthohantavirus,Orthohantavirus dobravaense,Orthohantavirus,Hantaviridae,,HtSi_1011_a2007,L,"Dobrava-Belgrade virus isolate HtSi_1011_a2007 RNA-dependent RNA polymerase gene, partial cds",234,partial,Slovenia,Slovenia,,Apodemus flavicollis,,"Korva,M., Knap,N., Rus,K.R., Fajs,L., Grubelnik,G., Bremec,M., Knapic,T., Trilar,T., Zupanc,T.A., Avsic-Zupanc,T.","University of Ljubljana, Faculty of Medicine, Institute of Microbiology and Immunology",Slovenia,1,2013-10-01,2014-10-01,ssRNA(-)
KF776637.1,GenBank,set:0505fa8e7e5b271727e2f1dd37caa49b85da6c25,,,,Dobrava-Belgrade orthohantavirus,Orthohantavirus dobravaense,Orthohantavirus,Hantaviridae,,HtSi_1010_a2007,L,"Dobrava-Belgrade virus isolate HtSi_1010_a2007 RNA-dependent RNA polymerase gene, partial cds",234,partial,Slovenia,Slovenia,,Apodemus flavicollis,,"Korva,M., Knap,N., Rus,K.R., Fajs,L., Grubelnik,G., Bremec,M., Knapic,T., Trilar,T., Zupanc,T.A., Avsic-Zupanc,T.","University of Ljubljana, Faculty of Medicine, Institute of Microbiology and Immunology",Slovenia,1,2013-10-01,2014-10-01,ssRNA(-)
KF776638.1,GenBank,set:1bcb09ca80a74ee9b3839a9f8181642b17ce2132,,,,Dobrava-Belgrade orthohantavirus,Orthohantavirus dobravaense,Orthohantavirus,Hantaviridae,,HtSi_1018_a2007,L,"Dobrava-Belgrade virus isolate HtSi_1018_a2007 RNA-dependent RNA polymerase gene, partial cds",234,partial,Slovenia,Slovenia,,Apodemus flavicollis,,"Korva,M., Knap,N., Rus,K.R., Fajs,L., Grubelnik,G., Bremec,M., Knapic,T., Trilar,T., Zupanc,T.A., Avsic-Zupanc,T.","University of Ljubljana, Faculty of Medicine, Institute of Microbiology and Immunology",Slovenia,1,2013-10-01,2014-10-01,ssRNA(-)
KF776639.1,GenBank,set:878dc0a01f13ea5f086561167c09aad4c883c942,,,,Dobrava-Belgrade orthohantavirus,Orthohantavirus dobravaense,Orthohantavirus,Hantaviridae,,HtSi_1019_a2007,L,"Dobrava-Belgrade virus isolate HtSi_1019_a2007 RNA-dependent RNA polymerase gene, partial cds",234,partial,Slovenia,Slovenia,,Apodemus flavicollis,,"Korva,M., Knap,N., Rus,K.R., Fajs,L., Grubelnik,G., Bremec,M., Knapic,T., Trilar,T., Zupanc,T.A., Avsic-Zupanc,T.","University of Ljubljana, Faculty of Medicine, Institute of Microbiology and Immunology",Slovenia,1,2013-10-01,2014-10-01,ssRNA(-)
KF776640.1,GenBank,set:6ed0c242637295326c04d019301bcdeb86eaec20,,,,Dobrava-Belgrade orthohantavirus,Orthohantavirus dobravaense,Orthohantavirus,Hantaviridae,,HtSi_1023_a2000,L,"Dobrava-Belgrade virus isolate HtSi_1023_a2000 RNA-dependent RNA polymerase gene, partial cds",234,partial,Slovenia,Slovenia,,Apodemus flavicollis,,"Korva,M., Knap,N., Rus,K.R., Fajs,L., Grubelnik,G., Bremec,M., Knapic,T., Trilar,T., Zupanc,T.A., Avsic-Zupanc,T.","University of Ljubljana, Faculty of Medicine, Institute of Microbiology and Immunology",Slovenia,1,2013-10-01,2014-10-01,ssRNA(-)
KF776641.1,GenBank,set:a2e565ba273d48bd645cd291b7322170111bc537,,,,Dobrava-Belgrade orthohantavirus,Orthohantavirus dobravaense,Orthohantavirus,Hantaviridae,,HtSi_1024_a2000,L,"Dobrava-Belgrade virus isolate HtSi_1024_a2000 RNA-dependent RNA polymerase gene, partial cds",234,partial,Slovenia,Slovenia,,Apodemus flavicollis,,"Korva,M., Knap,N., Rus,K.R., Fajs,L., Grubelnik,G., Bremec,M., Knapic,T., Trilar,T., Zupanc,T.A., Avsic-Zupanc,T.","University of Ljubljana, Faculty of Medicine, Institute of Microbiology and Immunology",Slovenia,1,2013-10-01,2014-10-01,ssRNA(-)
KF776642.1,GenBank,set:3bb68599ce013bc769a79552cfb32a37c85e860e,,,,Dobrava-Belgrade orthohantavirus,Orthohantavirus dobravaense,Orthohantavirus,Hantaviridae,,HtSi_1025_a2000,L,"Dobrava-Belgrade virus isolate HtSi_1025_a2000 RNA-dependent RNA polymerase gene, partial cds",234,partial,Slovenia,Slovenia,,Apodemus flavicollis,,"Korva,M., Knap,N., Rus,K.R., Fajs,L., Grubelnik,G., Bremec,M., Knapic,T., Trilar,T., Zupanc,T.A., Avsic-Zupanc,T.","University of Ljubljana, Faculty of Medicine, Institute of Microbiology and Immunology",Slovenia,1,2013-10-01,2014-10-01,ssRNA(-)
KF776643.1,GenBank,set:37788127a6ba258b9e992b3ae8cf20d8a992e615,,,,Dobrava-Belgrade orthohantavirus,Orthohantavirus dobravaense,Orthohantavirus,Hantaviridae,,HtSi_1022_a2000,L,"Dobrava-Belgrade virus isolate HtSi_1022_a2000 RNA-dependent RNA polymerase gene, partial cds",234,partial,Slovenia,Slovenia,,Apodemus flavicollis,,"Korva,M., Knap,N., Rus,K.R., Fajs,L., Grubelnik,G., Bremec,M., Knapic,T., Trilar,T., Zupanc,T.A., Avsic-Zupanc,T.","University of Ljubljana, Faculty of Medicine, Institute of Microbiology and Immunology",Slovenia,1,2013-10-01,2014-10-01,ssRNA(-)
KF776644.1,GenBank,set:1d3b76e44e263d6187a07db26e6ae24fb812e07b,,,,Dobrava-Belgrade orthohantavirus,Orthohantavirus dobravaense,Orthohantavirus,Hantaviridae,Kurkino,HtSi_1090_a2000,L,"Dobrava-Belgrade virus isolate HtSi_1090_a2000 RNA-dependent RNA polymerase gene, partial cds",234,partial,Slovenia,Slovenia,,Apodemus agrarius,,"Korva,M., Knap,N., Rus,K.R., Fajs,L., Grubelnik,G., Bremec,M., Knapic,T., Trilar,T., Zupanc,T.A., Avsic-Zupanc,T.","University of Ljubljana, Faculty of Medicine, Institute of Microbiology and Immunology",Slovenia,1,2013-10-01,2014-10-01,ssRNA(-)
KF776645.1,GenBank,set:ccf5961905840f1de029f6ff0d9c8083b8eac106,,,,Dobrava-Belgrade orthohantavirus,Orthohantavirus dobravaense,Orthohantavirus,Hantaviridae,,HtSi_1031_a2001,L,"Dobrava-Belgrade virus isolate HtSi_1031_a2001 RNA-dependent RNA polymerase gene, partial cds",234,partial,Slovenia,Slovenia,,Apodemus flavicollis,,"Korva,M., Knap,N., Rus,K.R., Fajs,L., Grubelnik,G., Bremec,M., Knapic,T., Trilar,T., Zupanc,T.A., Avsic-Zupanc,T.","University of Ljubljana, Faculty of Medicine, Institute of Microbiology and Immunology",Slovenia,1,2013-10-01,2014-10-01,ssRNA(-)
KF776646.1,GenBank,set:eb0ff0b2db7a0665e296be4e65ddc5faa5481319,,,,Dobrava-Belgrade orthohantavirus,Orthohantavirus dobravaense,Orthohantavirus,Hantaviridae,,HtSi_1036_a2001,L,"Dobrava-Belgrade virus isolate HtSi_1036_a2001 RNA-dependent RNA polymerase gene, partial cds",234,partial,Slovenia,Slovenia,,Apodemus flavicollis,,"Korva,M., Knap,N., Rus,K.R., Fajs,L., Grubelnik,G., Bremec,M., Knapic,T., Trilar,T., Zupanc,T.A., Avsic-Zupanc,T.","University of Ljubljana, Faculty of Medicine, Institute of Microbiology and Immunology",Slovenia,1,2013-10-01,2014-10-01,ssRNA(-)
KF776647.1,GenBank,set:acb5645c65380b52f5570a72bf29c2cb2d16ba7e,,,,Dobrava-Belgrade orthohantavirus,Orthohantavirus dobravaense,Orthohantavirus,Hantaviridae,,HtSi_1038_a2002,L,"Dobrava-Belgrade virus isolate HtSi_1038_a2002 RNA-dependent RNA polymerase gene, partial cds",234,partial,Slovenia,Slovenia,,Apodemus flavicollis,,"Korva,M., Knap,N., Rus,K.R., Fajs,L., Grubelnik,G., Bremec,M., Knapic,T., Trilar,T., Zupanc,T.A., Avsic-Zupanc,T.","University of Ljubljana, Faculty of Medicine, Institute of Microbiology and Immunology",Slovenia,1,2013-10-01,2014-10-01,ssRNA(-)
KF776648.1,GenBank,set:bc7642b5a97b4f97ee3f40ca11a184913e496c5d,,,,Dobrava-Belgrade orthohantavirus,Orthohantavirus dobravaense,Orthohantavirus,Hantaviridae,,HtSi_1035_a2002,L,"Dobrava-Belgrade virus isolate HtSi_1035_a2002 RNA-dependent RNA polymerase gene, partial cds",234,partial,Slovenia,Slovenia,,Apodemus flavicollis,,"Korva,M., Knap,N., Rus,K.R., Fajs,L., Grubelnik,G., Bremec,M., Knapic,T., Trilar,T., Zupanc,T.A., Avsic-Zupanc,T.","University of Ljubljana, Faculty of Medicine, Institute of Microbiology and Immunology",Slovenia,1,2013-10-01,2014-10-01,ssRNA(-)
KF776649.1,GenBank,set:8ca2f6a55483cfe0f5ff5bc19ad1b5bde852c321,,,,Dobrava-Belgrade orthohantavirus,Orthohantavirus dobravaense,Orthohantavirus,Hantaviridae,,HtSi_1037_a2001,L,"Dobrava-Belgrade virus isolate HtSi_1037_a2001 RNA-dependent RNA polymerase gene, partial cds",234,partial,Slovenia,Slovenia,,Apodemus flavicollis,,"Korva,M., Knap,N., Rus,K.R., Fajs,L., Grubelnik,G., Bremec,M., Knapic,T., Trilar,T., Zupanc,T.A., Avsic-Zupanc,T.","University of Ljubljana, Faculty of Medicine, Institute of Microbiology and Immunology",Slovenia,1,2013-10-01,2014-10-01,ssRNA(-)
KF776653.1,GenBank,set:9b5ab47a1d0c9860682881e16d8186a219c40dee,,,,Dobrava-Belgrade orthohantavirus,Orthohantavirus dobravaense,Orthohantavirus,Hantaviridae,,HtSi_1030_a1995,L,"Dobrava-Belgrade virus isolate HtSi_1030_a1995 RNA-dependent RNA polymerase gene, partial cds",234,partial,Slovenia,Slovenia,,Apodemus flavicollis,,"Korva,M., Knap,N., Rus,K.R., Fajs,L., Grubelnik,G., Bremec,M., Knapic,T., Trilar,T., Zupanc,T.A., Avsic-Zupanc,T.","University of Ljubljana, Faculty of Medicine, Institute of Microbiology and Immunology",Slovenia,1,2013-10-01,2014-10-01,ssRNA(-)
KF776685.1,GenBank,set:c22e1b1d5b19c52a28e7eadf31bdf402b21fc40f,,,,Dobrava-Belgrade orthohantavirus,Orthohantavirus dobravaense,Orthohantavirus,Hantaviridae,,HtSi_1032_a2001,L,"Dobrava-Belgrade virus isolate HtSi_1032_a2001 RNA-dependent RNA polymerase gene, partial cds",234,partial,Slovenia,Slovenia,,Apodemus flavicollis,,"Korva,M., Knap,N., Rus,K.R., Fajs,L., Grubelnik,G., Bremec,M., Knapic,T., Trilar,T., Zupanc,T.A., Avsic-Zupanc,T.","University of Ljubljana, Faculty of Medicine, Institute of Microbiology and Immunology",Slovenia,1,2013-10-01,2014-10-01,ssRNA(-)
KF776686.1,GenBank,set:117d8f8fbc075dcd92926115a7d929acb6f8862e,,,,Dobrava-Belgrade orthohantavirus,Orthohantavirus dobravaense,Orthohantavirus,Hantaviridae,,HtSi_1027_a1995,L,"Dobrava-Belgrade virus isolate HtSi_1027_a1995 RNA-dependent RNA polymerase gene, partial cds",234,partial,Slovenia,Slovenia,,Apodemus flavicollis,,"Korva,M., Knap,N., Rus,K.R., Fajs,L., Grubelnik,G., Bremec,M., Knapic,T., Trilar,T., Zupanc,T.A., Avsic-Zupanc,T.","University of Ljubljana, Faculty of Medicine, Institute of Microbiology and Immunology",Slovenia,1,2013-10-01,2014-10-01,ssRNA(-)
KF776687.1,GenBank,set:3d6897a9e67ac0376a709d7e01bb703eeb78c596,,,,Dobrava-Belgrade orthohantavirus,Orthohantavirus dobravaense,Orthohantavirus,Hantaviridae,,HtSi_1029_a1995,L,"Dobrava-Belgrade virus isolate HtSi_1029_a1995 RNA-dependent RNA polymerase gene, partial cds",234,partial,Slovenia,Slovenia,,Apodemus flavicollis,,"Korva,M., Knap,N., Rus,K.R., Fajs,L., Grubelnik,G., Bremec,M., Knapic,T., Trilar,T., Zupanc,T.A., Avsic-Zupanc,T.","University of Ljubljana, Faculty of Medicine, Institute of Microbiology and Immunology",Slovenia,1,2013-10-01,2014-10-01,ssRNA(-)
KF776688.1,GenBank,set:0339ea758795b459e3f05ef0b7ebd35b3f1b1d7b,,,,Dobrava-Belgrade orthohantavirus,Orthohantavirus dobravaense,Orthohantavirus,Hantaviridae,,HtSi_1028_a1995,L,"Dobrava-Belgrade virus isolate HtSi_1028_a1995 RNA-dependent RNA polymerase gene, partial cds",234,partial,Slovenia,Slovenia,,Apodemus flavicollis,,"Korva,M., Knap,N., Rus,K.R., Fajs,L., Grubelnik,G., Bremec,M., Knapic,T., Trilar,T., Zupanc,T.A., Avsic-Zupanc,T.","University of Ljubljana, Faculty of Medicine, Institute of Microbiology and Immunology",Slovenia,1,2013-10-01,2014-10-01,ssRNA(-)
KF776689.1,GenBank,set:1943f9dd580fc0d22c39fb43666cd50b56e1024b,,,,Dobrava-Belgrade orthohantavirus,Orthohantavirus dobravaense,Orthohantavirus,Hantaviridae,,HtSi_1026_a1995,L,"Dobrava-Belgrade virus isolate HtSi_1026_a1995 RNA-dependent RNA polymerase gene, partial cds",234,partial,Slovenia,Slovenia,,Apodemus flavicollis,,"Korva,M., Knap,N., Rus,K.R., Fajs,L., Grubelnik,G., Bremec,M., Knapic,T., Trilar,T., Zupanc,T.A., Avsic-Zupanc,T.","University of Ljubljana, Faculty of Medicine, Institute of Microbiology and Immunology",Slovenia,1,2013-10-01,2014-10-01,ssRNA(-)
KF776690.1,GenBank,set:eadc53489d37e044c832ce91979db5299a5f99cf,,,,Dobrava-Belgrade orthohantavirus,Orthohantavirus dobravaense,Orthohantavirus,Hantaviridae,,HtSi_1039_a1996,L,"Dobrava-Belgrade virus isolate HtSi_1039_a1996 RNA-dependent RNA polymerase gene, partial cds",234,partial,Slovenia,Slovenia,,Apodemus flavicollis,,"Korva,M., Knap,N., Rus,K.R., Fajs,L., Grubelnik,G., Bremec,M., Knapic,T., Trilar,T., Zupanc,T.A., Avsic-Zupanc,T.","University of Ljubljana, Faculty of Medicine, Institute of Microbiology and Immunology",Slovenia,1,2013-10-01,2014-10-01,ssRNA(-)
KF776692.1,GenBank,set:15b1f9d21ddb6c08c7195462faccd7a40f1cb0e9,,,,Dobrava-Belgrade orthohantavirus,Orthohantavirus dobravaense,Orthohantavirus,Hantaviridae,,HtSi_1021_a1995,L,"Dobrava-Belgrade virus isolate HtSi_1021_a1995 RNA-dependent RNA polymerase gene, partial cds",234,partial,Slovenia,Slovenia,,Apodemus flavicollis,,"Korva,M., Knap,N., Rus,K.R., Fajs,L., Grubelnik,G., Bremec,M., Knapic,T., Trilar,T., Zupanc,T.A., Avsic-Zupanc,T.","University of Ljubljana, Faculty of Medicine, Institute of Microbiology and Immunology",Slovenia,1,2013-10-01,2014-10-01,ssRNA(-)
KF776693.1,GenBank,set:4fc614295d122e66b7520b06b3446863b3f3ea70,,,,Dobrava-Belgrade orthohantavirus,Orthohantavirus dobravaense,Orthohantavirus,Hantaviridae,,HtSi_1015_a1995,L,"Dobrava-Belgrade virus isolate HtSi_1015_a1995 RNA-dependent RNA polymerase gene, partial cds",234,partial,Slovenia,Slovenia,,Apodemus flavicollis,,"Korva,M., Knap,N., Rus,K.R., Fajs,L., Grubelnik,G., Bremec,M., Knapic,T., Trilar,T., Zupanc,T.A., Avsic-Zupanc,T.","University of Ljubljana, Faculty of Medicine, Institute of Microbiology and Immunology",Slovenia,1,2013-10-01,2014-10-01,ssRNA(-)
KF776694.1,GenBank,set:ea82c1dd87b5ea15144d6a237356cd6e78e7b8f3,,,,Dobrava-Belgrade orthohantavirus,Orthohantavirus dobravaense,Orthohantavirus,Hantaviridae,,HtSi_1017_a1995,L,"Dobrava-Belgrade virus isolate HtSi_1017_a1995 RNA-dependent RNA polymerase gene, partial cds",234,partial,Slovenia,Slovenia,,Apodemus flavicollis,,"Korva,M., Knap,N., Rus,K.R., Fajs,L., Grubelnik,G., Bremec,M., Knapic,T., Trilar,T., Zupanc,T.A., Avsic-Zupanc,T.","University of Ljubljana, Faculty of Medicine, Institute of Microbiology and Immunology",Slovenia,1,2013-10-01,2014-10-01,ssRNA(-)
KF776695.1,GenBank,set:51467f87f37c2a4e72db4e238de9602d155b25cf,,,,Dobrava-Belgrade orthohantavirus,Orthohantavirus dobravaense,Orthohantavirus,Hantaviridae,,HtSi_1016_a1995,L,"Dobrava-Belgrade virus isolate HtSi_1016_a1995 RNA-dependent RNA polymerase gene, partial cds",234,partial,Slovenia,Slovenia,,Apodemus flavicollis,,"Korva,M., Knap,N., Rus,K.R., Fajs,L., Grubelnik,G., Bremec,M., Knapic,T., Trilar,T., Zupanc,T.A., Avsic-Zupanc,T.","University of Ljubljana, Faculty of Medicine, Institute of Microbiology and Immunology",Slovenia,1,2013-10-01,2014-10-01,ssRNA(-)
KF776696.1,GenBank,set:02476dcefabfd6bca7443abd4d8fb65d386e756b,,,,Dobrava-Belgrade orthohantavirus,Orthohantavirus dobravaense,Orthohantavirus,Hantaviridae,,HtSi_1040_a1999,L,"Dobrava-Belgrade virus isolate HtSi_1040_a1999 RNA-dependent RNA polymerase gene, partial cds",234,partial,Slovenia,Slovenia,,Apodemus flavicollis,,"Korva,M., Knap,N., Rus,K.R., Fajs,L., Grubelnik,G., Bremec,M., Knapic,T., Trilar,T., Zupanc,T.A., Avsic-Zupanc,T.","University of Ljubljana, Faculty of Medicine, Institute of Microbiology and Immunology",Slovenia,1,2013-10-01,2014-10-01,ssRNA(-)
KF776697.1,GenBank,set:c9fdd9d905a8ac99bd5a69e2d68bb3953de0066c,,,,Dobrava-Belgrade orthohantavirus,Orthohantavirus dobravaense,Orthohantavirus,Hantaviridae,,HtSi_1043_a1995,L,"Dobrava-Belgrade virus isolate HtSi_1043_a1995 RNA-dependent RNA polymerase gene, partial cds",234,partial,Slovenia,Slovenia,,Apodemus flavicollis,,"Korva,M., Knap,N., Rus,K.R., Fajs,L., Grubelnik,G., Bremec,M., Knapic,T., Trilar,T., Zupanc,T.A., Avsic-Zupanc,T.","University of Ljubljana, Faculty of Medicine, Institute of Microbiology and Immunology",Slovenia,1,2013-10-01,2014-10-01,ssRNA(-)
KF776698.1,GenBank,set:768ee27228dbee0a2e52e13b1bba0ff3b76d6d01,,,,Dobrava-Belgrade orthohantavirus,Orthohantavirus dobravaense,Orthohantavirus,Hantaviridae,,HtSi_1009_a1995,L,"Dobrava-Belgrade virus isolate HtSi_1009_a1995 RNA-dependent RNA polymerase gene, partial cds",234,partial,Slovenia,Slovenia,,Apodemus flavicollis,,"Korva,M., Knap,N., Rus,K.R., Fajs,L., Grubelnik,G., Bremec,M., Knapic,T., Trilar,T., Zupanc,T.A., Avsic-Zupanc,T.","University of Ljubljana, Faculty of Medicine, Institute of Microbiology and Immunology",Slovenia,1,2013-10-01,2014-10-01,ssRNA(-)
KF776700.1,GenBank,set:5995e25db19746d5dee5d8f23350680bc029963a,,,,Dobrava-Belgrade orthohantavirus,Orthohantavirus dobravaense,Orthohantavirus,Hantaviridae,,HtSi_1042_a2008,L,"Dobrava-Belgrade virus isolate HtSi_1042_a2008 RNA-dependent RNA polymerase gene, partial cds",234,partial,Slovenia,Slovenia,,Apodemus flavicollis,,"Korva,M., Knap,N., Rus,K.R., Fajs,L., Grubelnik,G., Bremec,M., Knapic,T., Trilar,T., Zupanc,T.A., Avsic-Zupanc,T.","University of Ljubljana, Faculty of Medicine, Institute of Microbiology and Immunology",Slovenia,1,2013-10-01,2014-10-01,ssRNA(-)
KF776701.1,GenBank,set:8485a08eef1d620b34ea5bd2aba26bc4168789ce,,,,Dobrava-Belgrade orthohantavirus,Orthohantavirus dobravaense,Orthohantavirus,Hantaviridae,,HtSi_1014_a2002,L,"Dobrava-Belgrade virus isolate HtSi_1014_a2002 RNA-dependent RNA polymerase gene, partial cds",234,partial,Slovenia,Slovenia,,Apodemus flavicollis,,"Korva,M., Knap,N., Rus,K.R., Fajs,L., Grubelnik,G., Bremec,M., Knapic,T., Trilar,T., Zupanc,T.A., Avsic-Zupanc,T.","University of Ljubljana, Faculty of Medicine, Institute of Microbiology and Immunology",Slovenia,1,2013-10-01,2014-10-01,ssRNA(-)
KF776702.1,GenBank,set:7a8901dbcbefa6eed81961ce6559c8cc21e122dd,,,,Dobrava-Belgrade orthohantavirus,Orthohantavirus dobravaense,Orthohantavirus,Hantaviridae,,HtSi_1013_a2002,L,"Dobrava-Belgrade virus isolate HtSi_1013_a2002 RNA-dependent RNA polymerase gene, partial cds",234,partial,Slovenia,Slovenia,,Apodemus flavicollis,,"Korva,M., Knap,N., Rus,K.R., Fajs,L., Grubelnik,G., Bremec,M., Knapic,T., Trilar,T., Zupanc,T.A., Avsic-Zupanc,T.","University of Ljubljana, Faculty of Medicine, Institute of Microbiology and Immunology",Slovenia,1,2013-10-01,2014-10-01,ssRNA(-)
KF776703.1,GenBank,set:da22bb5fb9387ef575355b104188bd52ab6368d4,,,,Dobrava-Belgrade orthohantavirus,Orthohantavirus dobravaense,Orthohantavirus,Hantaviridae,,HtSi_1034_a2001,L,"Dobrava-Belgrade virus isolate HtSi_1034_a2001 RNA-dependent RNA polymerase gene, partial cds",234,partial,Slovenia,Slovenia,,Apodemus flavicollis,,"Korva,M., Knap,N., Rus,K.R., Fajs,L., Grubelnik,G., Bremec,M., Knapic,T., Trilar,T., Zupanc,T.A., Avsic-Zupanc,T.","University of Ljubljana, Faculty of Medicine, Institute of Microbiology and Immunology",Slovenia,1,2013-10-01,2014-10-01,ssRNA(-)
KF776704.1,GenBank,set:dbeace91ec18a77c712c773b0bef4c5b3368c00b,,,,Dobrava-Belgrade orthohantavirus,Orthohantavirus dobravaense,Orthohantavirus,Hantaviridae,,HtSi_1033_a2001,L,"Dobrava-Belgrade virus isolate HtSi_1033_a2001 RNA-dependent RNA polymerase gene, partial cds",234,partial,Slovenia,Slovenia,,Apodemus flavicollis,,"Korva,M., Knap,N., Rus,K.R., Fajs,L., Grubelnik,G., Bremec,M., Knapic,T., Trilar,T., Zupanc,T.A., Avsic-Zupanc,T.","University of Ljubljana, Faculty of Medicine, Institute of Microbiology and Immunology",Slovenia,1,2013-10-01,2014-10-01,ssRNA(-)
KF776705.1,GenBank,set:1c80c4917a2c4e14c72e9fc6859bfd8eae813420,,,,Dobrava-Belgrade orthohantavirus,Orthohantavirus dobravaense,Orthohantavirus,Hantaviridae,,HtSi_130_p2000,L,"Dobrava-Belgrade virus isolate HtSi_130_p2000 RNA-dependent RNA polymerase gene, partial cds",234,partial,Slovenia,Slovenia,,Homo sapiens,,"Korva,M., Knap,N., Rus,K.R., Fajs,L., Grubelnik,G., Bremec,M., Knapic,T., Trilar,T., Zupanc,T.A., Avsic-Zupanc,T.","University of Ljubljana, Faculty of Medicine, Institute of Microbiology and Immunology",Slovenia,1,2013-10-01,2014-10-01,ssRNA(-)
KF776706.1,GenBank,set:ff815efc3cb3f8514265016e7bcf71abbf3e2052,,,,Dobrava-Belgrade orthohantavirus,Orthohantavirus dobravaense,Orthohantavirus,Hantaviridae,,HtSi_207_p2005,L,"Dobrava-Belgrade virus isolate HtSi_207_p2005 RNA-dependent RNA polymerase gene, partial cds",234,partial,Slovenia,Slovenia,,Homo sapiens,,"Korva,M., Knap,N., Rus,K.R., Fajs,L., Grubelnik,G., Bremec,M., Knapic,T., Trilar,T., Zupanc,T.A., Avsic-Zupanc,T.","University of Ljubljana, Faculty of Medicine, Institute of Microbiology and Immunology",Slovenia,1,2013-10-01,2014-10-01,ssRNA(-)
KF776707.1,GenBank,set:c40b5625c5af4fbcca7fae53f7119f2e852203a8,,,,Dobrava-Belgrade orthohantavirus,Orthohantavirus dobravaense,Orthohantavirus,Hantaviridae,,HtSi_231_p2007,L,"Dobrava-Belgrade virus isolate HtSi_231_p2007 RNA-dependent RNA polymerase gene, partial cds",234,partial,Slovenia,Slovenia,,Homo sapiens,,"Korva,M., Knap,N., Rus,K.R., Fajs,L., Grubelnik,G., Bremec,M., Knapic,T., Trilar,T., Zupanc,T.A., Avsic-Zupanc,T.","University of Ljubljana, Faculty of Medicine, Institute of Microbiology and Immunology",Slovenia,1,2013-10-01,2014-10-01,ssRNA(-)
KF776709.1,GenBank,set:ea74c84fb953a81a4d40af1fdd93e93bc76154a0,,,,Dobrava-Belgrade orthohantavirus,Orthohantavirus dobravaense,Orthohantavirus,Hantaviridae,,HtSi_239_p2008,L,"Dobrava-Belgrade virus isolate HtSi_239_p2008 RNA-dependent RNA polymerase gene, partial cds",234,partial,Slovenia,Slovenia,,Homo sapiens,,"Korva,M., Knap,N., Rus,K.R., Fajs,L., Grubelnik,G., Bremec,M., Knapic,T., Trilar,T., Zupanc,T.A., Avsic-Zupanc,T.","University of Ljubljana, Faculty of Medicine, Institute of Microbiology and Immunology",Slovenia,1,2013-10-01,2014-10-01,ssRNA(-)
KF776714.1,GenBank,set:2424d0752937360d7f236d4ab9263836b67a0f35,,,,Dobrava-Belgrade orthohantavirus,Orthohantavirus dobravaense,Orthohantavirus,Hantaviridae,,HtSi_270_p2008,L,"Dobrava-Belgrade virus isolate HtSi_270_p2008 RNA-dependent RNA polymerase gene, partial cds",234,partial,Slovenia,Slovenia,,Homo sapiens,,"Korva,M., Knap,N., Rus,K.R., Fajs,L., Grubelnik,G., Bremec,M., Knapic,T., Trilar,T., Zupanc,T.A., Avsic-Zupanc,T.","University of Ljubljana, Faculty of Medicine, Institute of Microbiology and Immunology",Slovenia,1,2013-10-01,2014-10-01,ssRNA(-)
KF776715.1,GenBank,set:8f749095b8b34df74bdeeeda8a36d8c92ab291d5,,,,Dobrava-Belgrade orthohantavirus,Orthohantavirus dobravaense,Orthohantavirus,Hantaviridae,,HtSi_273_p2008,L,"Dobrava-Belgrade virus isolate HtSi_273_p2008 RNA-dependent RNA polymerase gene, partial cds",234,partial,Slovenia,Slovenia,,Homo sapiens,,"Korva,M., Knap,N., Rus,K.R., Fajs,L., Grubelnik,G., Bremec,M., Knapic,T., Trilar,T., Zupanc,T.A., Avsic-Zupanc,T.","University of Ljubljana, Faculty of Medicine, Institute of Microbiology and Immunology",Slovenia,1,2013-10-01,2014-10-01,ssRNA(-)
KF776716.1,GenBank,set:a72eba73dbd9d5fa99b7777200d658ccb2c99fc8,,,,Dobrava-Belgrade orthohantavirus,Orthohantavirus dobravaense,Orthohantavirus,Hantaviridae,,HtSi_275_p2008,L,"Dobrava-Belgrade virus isolate HtSi_275_p2008 RNA-dependent RNA polymerase gene, partial cds",234,partial,Slovenia,Slovenia,,Homo sapiens,,"Korva,M., Knap,N., Rus,K.R., Fajs,L., Grubelnik,G., Bremec,M., Knapic,T., Trilar,T., Zupanc,T.A., Avsic-Zupanc,T.","University of Ljubljana, Faculty of Medicine, Institute of Microbiology and Immunology",Slovenia,1,2013-10-01,2014-10-01,ssRNA(-)
KF776717.1,GenBank,set:1ab0261b7efb5374a4d97c1596682fe9cb43af68,,,,Dobrava-Belgrade orthohantavirus,Orthohantavirus dobravaense,Orthohantavirus,Hantaviridae,,HtSi_279_p2008,L,"Dobrava-Belgrade virus isolate HtSi_279_p2008 RNA-dependent RNA polymerase gene, partial cds",234,partial,Slovenia,Slovenia,,Homo sapiens,,"Korva,M., Knap,N., Rus,K.R., Fajs,L., Grubelnik,G., Bremec,M., Knapic,T., Trilar,T., Zupanc,T.A., Avsic-Zupanc,T.","University of Ljubljana, Faculty of Medicine, Institute of Microbiology and Immunology",Slovenia,1,2013-10-01,2014-10-01,ssRNA(-)
KF776718.1,GenBank,set:16c5802c797e1f763a1fd1a8de1c1563f7a71439,,,,Dobrava-Belgrade orthohantavirus,Orthohantavirus dobravaense,Orthohantavirus,Hantaviridae,,HtSi_286_p2009,L,"Dobrava-Belgrade virus isolate HtSi_286_p2009 RNA-dependent RNA polymerase gene, partial cds",234,partial,Slovenia,Slovenia,,Homo sapiens,,"Korva,M., Knap,N., Rus,K.R., Fajs,L., Grubelnik,G., Bremec,M., Knapic,T., Trilar,T., Zupanc,T.A., Avsic-Zupanc,T.","University of Ljubljana, Faculty of Medicine, Institute of Microbiology and Immunology",Slovenia,1,2013-10-01,2014-10-01,ssRNA(-)
KF776720.1,GenBank,set:db8c7a467db29f6abd2b0cffb0bfca47e1dca695,,,,Dobrava-Belgrade orthohantavirus,Orthohantavirus dobravaense,Orthohantavirus,Hantaviridae,,HtSi_299_p2010,L,"Dobrava-Belgrade virus isolate HtSi_299_p2010 RNA-dependent RNA polymerase gene, partial cds",234,partial,Slovenia,Slovenia,,Homo sapiens,,"Korva,M., Knap,N., Rus,K.R., Fajs,L., Grubelnik,G., Bremec,M., Knapic,T., Trilar,T., Zupanc,T.A., Avsic-Zupanc,T.","University of Ljubljana, Faculty of Medicine, Institute of Microbiology and Immunology",Slovenia,1,2013-10-01,2014-10-01,ssRNA(-)
KF776735.1,GenBank,set:162a97ac00c98ec845b26e6b5b09f7b36dc88e59,,,,Dobrava-Belgrade orthohantavirus,Orthohantavirus dobravaense,Orthohantavirus,Hantaviridae,,HtSi_375_p2012,L,"Dobrava-Belgrade virus isolate HtSi_375_p2012 RNA-dependent RNA polymerase gene, partial cds",234,partial,Slovenia,Slovenia,,Homo sapiens,,"Korva,M., Knap,N., Rus,K.R., Fajs,L., Grubelnik,G., Bremec,M., Knapic,T., Trilar,T., Zupanc,T.A., Avsic-Zupanc,T.","University of Ljubljana, Faculty of Medicine, Institute of Microbiology and Immunology",Slovenia,1,2013-10-01,2014-10-01,ssRNA(-)
KF776736.1,GenBank,set:f29fc3f028fc19a7275e8b6348508333bb6f1746,,,,Orthohantavirus dobravaense,Orthohantavirus dobravaense,Orthohantavirus,Hantaviridae,,HtSi_1008_a1999,M,"Dobrava-Belgrade virus isolate HtSi_1008_a1999 glycoprotein precursor, gene, partial cds",1181,partial,Slovenia,Slovenia,,Apodemus flavicollis,,"Korva,M., Knap,N., Rus,K.R., Fajs,L., Grubelnik,G., Bremec,M., Knapic,T., Trilar,T., Zupanc,T.A., Avsic-Zupanc,T.","University of Ljubljana, Faculty of Medicine, Institute of Microbiology and Immunology",Slovenia,1,2013-10-01,2014-10-01,ssRNA(-)
KF776737.1,GenBank,set:577845e4778867c534b6422423918a83788923ef,,,,Orthohantavirus dobravaense,Orthohantavirus dobravaense,Orthohantavirus,Hantaviridae,Kurkino,HtSi_1096_a1995,M,"Dobrava-Belgrade virus isolate HtSi_1096_a1995 glycoprotein precursor, gene, partial cds",288,partial,Slovenia,Slovenia,,Apodemus agrarius,,"Korva,M., Knap,N., Rus,K.R., Fajs,L., Grubelnik,G., Bremec,M., Knapic,T., Trilar,T., Zupanc,T.A., Avsic-Zupanc,T.","University of Ljubljana, Faculty of Medicine, Institute of Microbiology and Immunology",Slovenia,1,2013-10-01,2014-10-01,ssRNA(-)
KF776738.1,GenBank,set:0505fa8e7e5b271727e2f1dd37caa49b85da6c25,,,,Orthohantavirus dobravaense,Orthohantavirus dobravaense,Orthohantavirus,Hantaviridae,,HtSi_1010_a2007,M,"Dobrava-Belgrade virus isolate HtSi_1010_a2007 glycoprotein precursor, gene, partial cds",1173,partial,Slovenia,Slovenia,,Apodemus flavicollis,,"Korva,M., Knap,N., Rus,K.R., Fajs,L., Grubelnik,G., Bremec,M., Knapic,T., Trilar,T., Zupanc,T.A., Avsic-Zupanc,T.","University of Ljubljana, Faculty of Medicine, Institute of Microbiology and Immunology",Slovenia,1,2013-10-01,2014-10-01,ssRNA(-)
KF776739.1,GenBank,set:c607fc55e10878b73cf699e0361c581d07a493bb,,,,Orthohantavirus dobravaense,Orthohantavirus dobravaense,Orthohantavirus,Hantaviridae,Kurkino,HtSi_1091_a1997,M,"Dobrava-Belgrade virus isolate HtSi_1091_a1997 glycoprotein precursor, gene, partial cds",292,partial,Slovenia,Slovenia,,Apodemus agrarius,,"Korva,M., Knap,N., Rus,K.R., Fajs,L., Grubelnik,G., Bremec,M., Knapic,T., Trilar,T., Zupanc,T.A., Avsic-Zupanc,T.","University of Ljubljana, Faculty of Medicine, Institute of Microbiology and Immunology",Slovenia,1,2013-10-01,2014-10-01,ssRNA(-)
KF776740.1,GenBank,set:1bcb09ca80a74ee9b3839a9f8181642b17ce2132,,,,Orthohantavirus dobravaense,Orthohantavirus dobravaense,Orthohantavirus,Hantaviridae,,HtSi_1018_a2007,M,"Dobrava-Belgrade virus isolate HtSi_1018_a2007 glycoprotein precursor, gene, partial cds",1187,partial,Slovenia,Slovenia,,Apodemus flavicollis,,"Korva,M., Knap,N., Rus,K.R., Fajs,L., Grubelnik,G., Bremec,M., Knapic,T., Trilar,T., Zupanc,T.A., Avsic-Zupanc,T.","University of Ljubljana, Faculty of Medicine, Institute of Microbiology and Immunology",Slovenia,1,2013-10-01,2014-10-01,ssRNA(-)
KF776741.1,GenBank,set:878dc0a01f13ea5f086561167c09aad4c883c942,,,,Orthohantavirus dobravaense,Orthohantavirus dobravaense,Orthohantavirus,Hantaviridae,,HtSi_1019_a2007,M,"Dobrava-Belgrade virus isolate HtSi_1019_a2007 glycoprotein precursor, gene, partial cds",201,partial,Slovenia,Slovenia,,Apodemus flavicollis,,"Korva,M., Knap,N., Rus,K.R., Fajs,L., Grubelnik,G., Bremec,M., Knapic,T., Trilar,T., Zupanc,T.A., Avsic-Zupanc,T.","University of Ljubljana, Faculty of Medicine, Institute of Microbiology and Immunology",Slovenia,1,2013-10-01,2014-10-01,ssRNA(-)
KF776742.1,GenBank,set:37788127a6ba258b9e992b3ae8cf20d8a992e615,,,,Orthohantavirus dobravaense,Orthohantavirus dobravaense,Orthohantavirus,Hantaviridae,,HtSi_1022_a2000,M,"Dobrava-Belgrade virus isolate HtSi_1022_a2000 glycoprotein precursor, gene, partial cds",1183,partial,Slovenia,Slovenia,,Apodemus flavicollis,,"Korva,M., Knap,N., Rus,K.R., Fajs,L., Grubelnik,G., Bremec,M., Knapic,T., Trilar,T., Zupanc,T.A., Avsic-Zupanc,T.","University of Ljubljana, Faculty of Medicine, Institute of Microbiology and Immunology",Slovenia,1,2013-10-01,2014-10-01,ssRNA(-)
KF776743.1,GenBank,set:1d3b76e44e263d6187a07db26e6ae24fb812e07b,,,,Orthohantavirus dobravaense,Orthohantavirus dobravaense,Orthohantavirus,Hantaviridae,Kurkino,HtSi_1090_a2000,M,"Dobrava-Belgrade virus isolate HtSi_1090_a2000 glycoprotein precursor, gene, partial cds",286,partial,Slovenia,Slovenia,,Apodemus agrarius,,"Korva,M., Knap,N., Rus,K.R., Fajs,L., Grubelnik,G., Bremec,M., Knapic,T., Trilar,T., Zupanc,T.A., Avsic-Zupanc,T.","University of Ljubljana, Faculty of Medicine, Institute of Microbiology and Immunology",Slovenia,1,2013-10-01,2014-10-01,ssRNA(-)
KF776744.1,GenBank,set:ccf5961905840f1de029f6ff0d9c8083b8eac106,,,,Orthohantavirus dobravaense,Orthohantavirus dobravaense,Orthohantavirus,Hantaviridae,,HtSi_1031_a2001,M,"Dobrava-Belgrade virus isolate HtSi_1031_a2001 glycoprotein precursor, gene, partial cds",1164,partial,Slovenia,Slovenia,,Apodemus flavicollis,,"Korva,M., Knap,N., Rus,K.R., Fajs,L., Grubelnik,G., Bremec,M., Knapic,T., Trilar,T., Zupanc,T.A., Avsic-Zupanc,T.","University of Ljubljana, Faculty of Medicine, Institute of Microbiology and Immunology",Slovenia,1,2013-10-01,2014-10-01,ssRNA(-)
KF776745.1,GenBank,set:acb5645c65380b52f5570a72bf29c2cb2d16ba7e,,,,Orthohantavirus dobravaense,Orthohantavirus dobravaense,Orthohantavirus,Hantaviridae,,HtSi_1038_a2002,M,"Dobrava-Belgrade virus isolate HtSi_1038_a2002 glycoprotein precursor, gene, partial cds",1184,partial,Slovenia,Slovenia,,Apodemus flavicollis,,"Korva,M., Knap,N., Rus,K.R., Fajs,L., Grubelnik,G., Bremec,M., Knapic,T., Trilar,T., Zupanc,T.A., Avsic-Zupanc,T.","University of Ljubljana, Faculty of Medicine, Institute of Microbiology and Immunology",Slovenia,1,2013-10-01,2014-10-01,ssRNA(-)
KF776746.1,GenBank,set:bc7642b5a97b4f97ee3f40ca11a184913e496c5d,,,,Orthohantavirus dobravaense,Orthohantavirus dobravaense,Orthohantavirus,Hantaviridae,,HtSi_1035_a2002,M,"Dobrava-Belgrade virus isolate HtSi_1035_a2002 glycoprotein precursor, gene, partial cds",1174,partial,Slovenia,Slovenia,,Apodemus flavicollis,,"Korva,M., Knap,N., Rus,K.R., Fajs,L., Grubelnik,G., Bremec,M., Knapic,T., Trilar,T., Zupanc,T.A., Avsic-Zupanc,T.","University of Ljubljana, Faculty of Medicine, Institute of Microbiology and Immunology",Slovenia,1,2013-10-01,2014-10-01,ssRNA(-)
KF776759.1,GenBank,set:3d6897a9e67ac0376a709d7e01bb703eeb78c596,,,,Orthohantavirus dobravaense,Orthohantavirus dobravaense,Orthohantavirus,Hantaviridae,,HtSi_1029_a1995,M,"Dobrava-Belgrade virus isolate HtSi_1029_a1995 glycoprotein precursor, gene, partial cds",201,partial,Slovenia,Slovenia,,Apodemus flavicollis,,"Korva,M., Knap,N., Rus,K.R., Fajs,L., Grubelnik,G., Bremec,M., Knapic,T., Trilar,T., Zupanc,T.A., Avsic-Zupanc,T.","University of Ljubljana, Faculty of Medicine, Institute of Microbiology and Immunology",Slovenia,1,2013-10-01,2014-10-01,ssRNA(-)
KF776760.1,GenBank,set:15b1f9d21ddb6c08c7195462faccd7a40f1cb0e9,,,,Orthohantavirus dobravaense,Orthohantavirus dobravaense,Orthohantavirus,Hantaviridae,,HtSi_1021_a1995,M,"Dobrava-Belgrade virus isolate HtSi_1021_a1995 glycoprotein precursor, gene, partial cds",202,partial,Slovenia,Slovenia,,Apodemus flavicollis,,"Korva,M., Knap,N., Rus,K.R., Fajs,L., Grubelnik,G., Bremec,M., Knapic,T., Trilar,T., Zupanc,T.A., Avsic-Zupanc,T.","University of Ljubljana, Faculty of Medicine, Institute of Microbiology and Immunology",Slovenia,1,2013-10-01,2014-10-01,ssRNA(-)
KF776761.1,GenBank,set:4bc92c92fc6a28dd559339465b91456c83be54e7,,,,Orthohantavirus dobravaense,Orthohantavirus dobravaense,Orthohantavirus,Hantaviridae,,HtSi_1020_a2008,M,"Dobrava-Belgrade virus isolate HtSi_1020_a2008 glycoprotein precursor, gene, partial cds",202,partial,Slovenia,Slovenia,,Apodemus flavicollis,,"Korva,M., Knap,N., Rus,K.R., Fajs,L., Grubelnik,G., Bremec,M., Knapic,T., Trilar,T., Zupanc,T.A., Avsic-Zupanc,T.","University of Ljubljana, Faculty of Medicine, Institute of Microbiology and Immunology",Slovenia,1,2013-10-01,2014-10-01,ssRNA(-)
KF776762.1,GenBank,set:c22e1b1d5b19c52a28e7eadf31bdf402b21fc40f,,,,Orthohantavirus dobravaense,Orthohantavirus dobravaense,Orthohantavirus,Hantaviridae,,HtSi_1032_a2001,M,"Dobrava-Belgrade virus isolate HtSi_1032_a2001 glycoprotein precursor, gene, partial cds",1176,partial,Slovenia,Slovenia,,Apodemus flavicollis,,"Korva,M., Knap,N., Rus,K.R., Fajs,L., Grubelnik,G., Bremec,M., Knapic,T., Trilar,T., Zupanc,T.A., Avsic-Zupanc,T.","University of Ljubljana, Faculty of Medicine, Institute of Microbiology and Immunology",Slovenia,1,2013-10-01,2014-10-01,ssRNA(-)
KF776763.1,GenBank,set:eadc53489d37e044c832ce91979db5299a5f99cf,,,,Orthohantavirus dobravaense,Orthohantavirus dobravaense,Orthohantavirus,Hantaviridae,,HtSi_1039_a1996,M,"Dobrava-Belgrade virus isolate HtSi_1039_a1996 glycoprotein precursor, gene, partial cds",1168,partial,Slovenia,Slovenia,,Apodemus flavicollis,,"Korva,M., Knap,N., Rus,K.R., Fajs,L., Grubelnik,G., Bremec,M., Knapic,T., Trilar,T., Zupanc,T.A., Avsic-Zupanc,T.","University of Ljubljana, Faculty of Medicine, Institute of Microbiology and Immunology",Slovenia,1,2013-10-01,2014-10-01,ssRNA(-)
KF776765.1,GenBank,set:7a8901dbcbefa6eed81961ce6559c8cc21e122dd,,,,Orthohantavirus dobravaense,Orthohantavirus dobravaense,Orthohantavirus,Hantaviridae,,HtSi_1013_a2002,M,"Dobrava-Belgrade virus isolate HtSi_1013_a2002 glycoprotein precursor, gene, partial cds",1167,partial,Slovenia,Slovenia,,Apodemus flavicollis,,"Korva,M., Knap,N., Rus,K.R., Fajs,L., Grubelnik,G., Bremec,M., Knapic,T., Trilar,T., Zupanc,T.A., Avsic-Zupanc,T.","University of Ljubljana, Faculty of Medicine, Institute of Microbiology and Immunology",Slovenia,1,2013-10-01,2014-10-01,ssRNA(-)
KF776766.1,GenBank,set:8485a08eef1d620b34ea5bd2aba26bc4168789ce,,,,Orthohantavirus dobravaense,Orthohantavirus dobravaense,Orthohantavirus,Hantaviridae,,HtSi_1014_a2002,M,"Dobrava-Belgrade virus isolate HtSi_1014_a2002 glycoprotein precursor, gene, partial cds",1170,partial,Slovenia,Slovenia,,Apodemus flavicollis,,"Korva,M., Knap,N., Rus,K.R., Fajs,L., Grubelnik,G., Bremec,M., Knapic,T., Trilar,T., Zupanc,T.A., Avsic-Zupanc,T.","University of Ljubljana, Faculty of Medicine, Institute of Microbiology and Immunology",Slovenia,1,2013-10-01,2014-10-01,ssRNA(-)
KF776767.1,GenBank,set:4fc614295d122e66b7520b06b3446863b3f3ea70,,,,Orthohantavirus dobravaense,Orthohantavirus dobravaense,Orthohantavirus,Hantaviridae,,HtSi_1015_a1995,M,"Dobrava-Belgrade virus isolate HtSi_1015_a1995 glycoprotein precursor, gene, partial cds",1171,partial,Slovenia,Slovenia,,Apodemus flavicollis,,"Korva,M., Knap,N., Rus,K.R., Fajs,L., Grubelnik,G., Bremec,M., Knapic,T., Trilar,T., Zupanc,T.A., Avsic-Zupanc,T.","University of Ljubljana, Faculty of Medicine, Institute of Microbiology and Immunology",Slovenia,1,2013-10-01,2014-10-01,ssRNA(-)
KF776768.1,GenBank,set:c9fdd9d905a8ac99bd5a69e2d68bb3953de0066c,,,,Orthohantavirus dobravaense,Orthohantavirus dobravaense,Orthohantavirus,Hantaviridae,,HtSi_1043_a1995,M,"Dobrava-Belgrade virus isolate HtSi_1043_a1995 glycoprotein precursor, gene, partial cds",1189,partial,Slovenia,Slovenia,,Apodemus flavicollis,,"Korva,M., Knap,N., Rus,K.R., Fajs,L., Grubelnik,G., Bremec,M., Knapic,T., Trilar,T., Zupanc,T.A., Avsic-Zupanc,T.","University of Ljubljana, Faculty of Medicine, Institute of Microbiology and Immunology",Slovenia,1,2013-10-01,2014-10-01,ssRNA(-)
KF776769.1,GenBank,set:768ee27228dbee0a2e52e13b1bba0ff3b76d6d01,,,,Orthohantavirus dobravaense,Orthohantavirus dobravaense,Orthohantavirus,Hantaviridae,,HtSi_1009_a1995,M,"Dobrava-Belgrade virus isolate HtSi_1009_a1995 glycoprotein precursor, gene, partial cds",820,partial,Slovenia,Slovenia,,Apodemus flavicollis,,"Korva,M., Knap,N., Rus,K.R., Fajs,L., Grubelnik,G., Bremec,M., Knapic,T., Trilar,T., Zupanc,T.A., Avsic-Zupanc,T.","University of Ljubljana, Faculty of Medicine, Institute of Microbiology and Immunology",Slovenia,1,2013-10-01,2014-10-01,ssRNA(-)
KF776773.1,GenBank,set:1c80c4917a2c4e14c72e9fc6859bfd8eae813420,,,,Orthohantavirus dobravaense,Orthohantavirus dobravaense,Orthohantavirus,Hantaviridae,,HtSi_130_p2000,M,"Dobrava-Belgrade virus isolate HtSi_130_p2000 glycoprotein precursor, gene, partial cds",1187,partial,Slovenia,Slovenia,,Homo sapiens,,"Korva,M., Knap,N., Rus,K.R., Fajs,L., Grubelnik,G., Bremec,M., Knapic,T., Trilar,T., Zupanc,T.A., Avsic-Zupanc,T.","University of Ljubljana, Faculty of Medicine, Institute of Microbiology and Immunology",Slovenia,1,2013-10-01,2014-10-01,ssRNA(-)
KF776775.1,GenBank,set:6818e79d47cc3520e541e1c7299b6085fac484be,,,,Orthohantavirus dobravaense,Orthohantavirus dobravaense,Orthohantavirus,Hantaviridae,,HtSi_135_p2001,M,"Dobrava-Belgrade virus isolate HtSi_135_p2001 nonfunctional glycoprotein precursor, gene, partial sequence",1109,partial,Slovenia,Slovenia,,Homo sapiens,,"Korva,M., Knap,N., Rus,K.R., Fajs,L., Grubelnik,G., Bremec,M., Knapic,T., Trilar,T., Zupanc,T.A., Avsic-Zupanc,T.","University of Ljubljana, Faculty of Medicine, Institute of Microbiology and Immunology",Slovenia,1,2013-10-01,2014-10-01,ssRNA(-)
KF776776.1,GenBank,set:b0a7ada1e23f12f1eec1d64e679c6c4a6bf78fcc,,,,Orthohantavirus dobravaense,Orthohantavirus dobravaense,Orthohantavirus,Hantaviridae,,HtSi_193_p2005,M,"Dobrava-Belgrade virus isolate HtSi_193_p2005 glycoprotein precursor, gene, partial cds",1170,partial,Slovenia,Slovenia,,Homo sapiens,,"Korva,M., Knap,N., Rus,K.R., Fajs,L., Grubelnik,G., Bremec,M., Knapic,T., Trilar,T., Zupanc,T.A., Avsic-Zupanc,T.","University of Ljubljana, Faculty of Medicine, Institute of Microbiology and Immunology",Slovenia,1,2013-10-01,2014-10-01,ssRNA(-)
KF776777.1,GenBank,set:ff815efc3cb3f8514265016e7bcf71abbf3e2052,,,,Orthohantavirus dobravaense,Orthohantavirus dobravaense,Orthohantavirus,Hantaviridae,,HtSi_207_p2005,M,"Dobrava-Belgrade virus isolate HtSi_207_p2005 glycoprotein precursor, gene, partial cds",1190,partial,Slovenia,Slovenia,,Homo sapiens,,"Korva,M., Knap,N., Rus,K.R., Fajs,L., Grubelnik,G., Bremec,M., Knapic,T., Trilar,T., Zupanc,T.A., Avsic-Zupanc,T.","University of Ljubljana, Faculty of Medicine, Institute of Microbiology and Immunology",Slovenia,1,2013-10-01,2014-10-01,ssRNA(-)
KF776778.1,GenBank,set:db82c1f2d79a73cc0e0a8044f7f407498e1317e3,,,,Orthohantavirus dobravaense,Orthohantavirus dobravaense,Orthohantavirus,Hantaviridae,,HtSi_215_p2005,M,"Dobrava-Belgrade virus isolate HtSi_215_p2005 glycoprotein precursor, gene, partial cds",1183,partial,Slovenia,Slovenia,,Homo sapiens,,"Korva,M., Knap,N., Rus,K.R., Fajs,L., Grubelnik,G., Bremec,M., Knapic,T., Trilar,T., Zupanc,T.A., Avsic-Zupanc,T.","University of Ljubljana, Faculty of Medicine, Institute of Microbiology and Immunology",Slovenia,1,2013-10-01,2014-10-01,ssRNA(-)
KF776779.1,GenBank,set:ea227a78f1e85fd0e8b951770804ce57794cf77b,,,,Orthohantavirus dobravaense,Orthohantavirus dobravaense,Orthohantavirus,Hantaviridae,,HtSi_230_p2007,M,"Dobrava-Belgrade virus isolate HtSi_230_p2007 glycoprotein precursor, gene, partial cds",1192,partial,Slovenia,Slovenia,,Homo sapiens,,"Korva,M., Knap,N., Rus,K.R., Fajs,L., Grubelnik,G., Bremec,M., Knapic,T., Trilar,T., Zupanc,T.A., Avsic-Zupanc,T.","University of Ljubljana, Faculty of Medicine, Institute of Microbiology and Immunology",Slovenia,1,2013-10-01,2014-10-01,ssRNA(-)
KF776780.1,GenBank,set:c40b5625c5af4fbcca7fae53f7119f2e852203a8,,,,Orthohantavirus dobravaense,Orthohantavirus dobravaense,Orthohantavirus,Hantaviridae,,HtSi_231_p2007,M,"Dobrava-Belgrade virus isolate HtSi_231_p2007 glycoprotein precursor, gene, partial cds",1186,partial,Slovenia,Slovenia,,Homo sapiens,,"Korva,M., Knap,N., Rus,K.R., Fajs,L., Grubelnik,G., Bremec,M., Knapic,T., Trilar,T., Zupanc,T.A., Avsic-Zupanc,T.","University of Ljubljana, Faculty of Medicine, Institute of Microbiology and Immunology",Slovenia,1,2013-10-01,2014-10-01,ssRNA(-)
KF776782.1,GenBank,set:867bf640cc42612b6f427178c0400aebcbfe2632,,,,Orthohantavirus dobravaense,Orthohantavirus dobravaense,Orthohantavirus,Hantaviridae,,HtSi_256_p2008,M,"Dobrava-Belgrade virus isolate HtSi_256_p2008 glycoprotein precursor, gene, partial cds",1169,partial,Slovenia,Slovenia,,Homo sapiens,,"Korva,M., Knap,N., Rus,K.R., Fajs,L., Grubelnik,G., Bremec,M., Knapic,T., Trilar,T., Zupanc,T.A., Avsic-Zupanc,T.","University of Ljubljana, Faculty of Medicine, Institute of Microbiology and Immunology",Slovenia,1,2013-10-01,2014-10-01,ssRNA(-)
KF776783.1,GenBank,set:a77591d8db8e30e1a80c3bbedf59016507929c09,,,,Orthohantavirus dobravaense,Orthohantavirus dobravaense,Orthohantavirus,Hantaviridae,,HtSi_268_p2008,M,"Dobrava-Belgrade virus isolate HtSi_268_p2008 glycoprotein precursor, gene, partial cds",1182,partial,Slovenia,Slovenia,,Homo sapiens,,"Korva,M., Knap,N., Rus,K.R., Fajs,L., Grubelnik,G., Bremec,M., Knapic,T., Trilar,T., Zupanc,T.A., Avsic-Zupanc,T.","University of Ljubljana, Faculty of Medicine, Institute of Microbiology and Immunology",Slovenia,1,2013-10-01,2014-10-01,ssRNA(-)
KF776784.1,GenBank,set:2424d0752937360d7f236d4ab9263836b67a0f35,,,,Orthohantavirus dobravaense,Orthohantavirus dobravaense,Orthohantavirus,Hantaviridae,,HtSi_270_p2008,M,"Dobrava-Belgrade virus isolate HtSi_270_p2008 glycoprotein precursor, gene, partial cds",1165,partial,Slovenia,Slovenia,,Homo sapiens,,"Korva,M., Knap,N., Rus,K.R., Fajs,L., Grubelnik,G., Bremec,M., Knapic,T., Trilar,T., Zupanc,T.A., Avsic-Zupanc,T.","University of Ljubljana, Faculty of Medicine, Institute of Microbiology and Immunology",Slovenia,1,2013-10-01,2014-10-01,ssRNA(-)
KF776785.1,GenBank,set:a72eba73dbd9d5fa99b7777200d658ccb2c99fc8,,,,Orthohantavirus dobravaense,Orthohantavirus dobravaense,Orthohantavirus,Hantaviridae,,HtSi_275_p2008,M,"Dobrava-Belgrade virus isolate HtSi_275_p2008 glycoprotein precursor, gene, partial cds",1170,partial,Slovenia,Slovenia,,Homo sapiens,,"Korva,M., Knap,N., Rus,K.R., Fajs,L., Grubelnik,G., Bremec,M., Knapic,T., Trilar,T., Zupanc,T.A., Avsic-Zupanc,T.","University of Ljubljana, Faculty of Medicine, Institute of Microbiology and Immunology",Slovenia,1,2013-10-01,2014-10-01,ssRNA(-)
KF776786.1,GenBank,set:14c8dc59ced51d02c45f8cd9df72106f37db46c6,,,,Orthohantavirus dobravaense,Orthohantavirus dobravaense,Orthohantavirus,Hantaviridae,,HtSi_276_p2008,M,"Dobrava-Belgrade virus isolate HtSi_276_p2008 glycoprotein precursor, gene, partial cds",1176,partial,Slovenia,Slovenia,,Homo sapiens,,"Korva,M., Knap,N., Rus,K.R., Fajs,L., Grubelnik,G., Bremec,M., Knapic,T., Trilar,T., Zupanc,T.A., Avsic-Zupanc,T.","University of Ljubljana, Faculty of Medicine, Institute of Microbiology and Immunology",Slovenia,1,2013-10-01,2014-10-01,ssRNA(-)
KF776787.1,GenBank,set:1ab0261b7efb5374a4d97c1596682fe9cb43af68,,,,Orthohantavirus dobravaense,Orthohantavirus dobravaense,Orthohantavirus,Hantaviridae,,HtSi_279_p2008,M,"Dobrava-Belgrade virus isolate HtSi_279_p2008 glycoprotein precursor, gene, partial cds",1176,partial,Slovenia,Slovenia,,Homo sapiens,,"Korva,M., Knap,N., Rus,K.R., Fajs,L., Grubelnik,G., Bremec,M., Knapic,T., Trilar,T., Zupanc,T.A., Avsic-Zupanc,T.","University of Ljubljana, Faculty of Medicine, Institute of Microbiology and Immunology",Slovenia,1,2013-10-01,2014-10-01,ssRNA(-)
KF776788.1,GenBank,set:16c5802c797e1f763a1fd1a8de1c1563f7a71439,,,,Orthohantavirus dobravaense,Orthohantavirus dobravaense,Orthohantavirus,Hantaviridae,,HtSi_286_p2009,M,"Dobrava-Belgrade virus isolate HtSi_286_p2009 glycoprotein precursor, gene, partial cds",1194,partial,Slovenia,Slovenia,,Homo sapiens,,"Korva,M., Knap,N., Rus,K.R., Fajs,L., Grubelnik,G., Bremec,M., Knapic,T., Trilar,T., Zupanc,T.A., Avsic-Zupanc,T.","University of Ljubljana, Faculty of Medicine, Institute of Microbiology and Immunology",Slovenia,1,2013-10-01,2014-10-01,ssRNA(-)
KF776789.1,GenBank,set:db8c7a467db29f6abd2b0cffb0bfca47e1dca695,,,,Orthohantavirus dobravaense,Orthohantavirus dobravaense,Orthohantavirus,Hantaviridae,,HtSi_299_p2010,M,"Dobrava-Belgrade virus isolate HtSi_299_p2010 glycoprotein precursor, gene, partial cds",1182,partial,Slovenia,Slovenia,,Homo sapiens,,"Korva,M., Knap,N., Rus,K.R., Fajs,L., Grubelnik,G., Bremec,M., Knapic,T., Trilar,T., Zupanc,T.A., Avsic-Zupanc,T.","University of Ljubljana, Faculty of Medicine, Institute of Microbiology and Immunology",Slovenia,1,2013-10-01,2014-10-01,ssRNA(-)
KF776790.1,GenBank,set:355cd25f2bf324494de4567c9c11403042b89331,,,,Orthohantavirus dobravaense,Orthohantavirus dobravaense,Orthohantavirus,Hantaviridae,,HtSi_301_p2010,M,"Dobrava-Belgrade virus isolate HtSi_301_p2010 glycoprotein precursor, gene, partial cds",1169,partial,Slovenia,Slovenia,,Homo sapiens,,"Korva,M., Knap,N., Rus,K.R., Fajs,L., Grubelnik,G., Bremec,M., Knapic,T., Trilar,T., Zupanc,T.A., Avsic-Zupanc,T.","University of Ljubljana, Faculty of Medicine, Institute of Microbiology and Immunology",Slovenia,1,2013-10-01,2014-10-01,ssRNA(-)
KF776791.1,GenBank,set:168b37181f450aa7133754702da3a7c8b7899fcd,,,,Orthohantavirus dobravaense,Orthohantavirus dobravaense,Orthohantavirus,Hantaviridae,,HtSi_297_p2010,M,"Dobrava-Belgrade virus isolate HtSi_297_p2010 glycoprotein precursor, gene, partial cds",1009,partial,Slovenia,Slovenia,,Homo sapiens,,"Korva,M., Knap,N., Rus,K.R., Fajs,L., Grubelnik,G., Bremec,M., Knapic,T., Trilar,T., Zupanc,T.A., Avsic-Zupanc,T.","University of Ljubljana, Faculty of Medicine, Institute of Microbiology and Immunology",Slovenia,1,2013-10-01,2014-10-01,ssRNA(-)
KF776792.1,GenBank,set:8f749095b8b34df74bdeeeda8a36d8c92ab291d5,,,,Orthohantavirus dobravaense,Orthohantavirus dobravaense,Orthohantavirus,Hantaviridae,,HtSi_273_p2008,M,"Dobrava-Belgrade virus isolate HtSi_273_p2008 nonfunctional glycoprotein precursor, gene, partial sequence",1163,partial,Slovenia,Slovenia,,Homo sapiens,,"Korva,M., Knap,N., Rus,K.R., Fajs,L., Grubelnik,G., Bremec,M., Knapic,T., Trilar,T., Zupanc,T.A., Avsic-Zupanc,T.","University of Ljubljana, Faculty of Medicine, Institute of Microbiology and Immunology",Slovenia,1,2013-10-01,2014-10-01,ssRNA(-)
KF776793.1,GenBank,set:9cd85a74c77299875504d89109d2c4fdb81d5d09,,,,Orthohantavirus dobravaense,Orthohantavirus dobravaense,Orthohantavirus,Hantaviridae,,HtSi_397_p2012,S,"Dobrava-Belgrade virus isolate HtSi_397_p2012 nucleocapsid protein gene, partial cds",931,partial,Slovenia,Slovenia,,Homo sapiens,,"Korva,M., Knap,N., Rus,K.R., Fajs,L., Grubelnik,G., Bremec,M., Knapic,T., Trilar,T., Zupanc,T.A., Avsic-Zupanc,T.","University of Ljubljana, Faculty of Medicine, Institute of Microbiology and Immunology",Slovenia,1,2013-10-01,2014-10-01,ssRNA(-)
KF776794.1,GenBank,set:c4dffea9d8e1a0b650bc69a56da4373537303c74,,,,Orthohantavirus dobravaense,Orthohantavirus dobravaense,Orthohantavirus,Hantaviridae,,HtSi_465_p2012,S,"Dobrava-Belgrade virus isolate HtSi_465_p2012 nonfunctional nucleocapsid protein gene, partial sequence",955,partial,Slovenia,Slovenia,,Homo sapiens,,"Korva,M., Knap,N., Rus,K.R., Fajs,L., Grubelnik,G., Bremec,M., Knapic,T., Trilar,T., Zupanc,T.A., Avsic-Zupanc,T.","University of Ljubljana, Faculty of Medicine, Institute of Microbiology and Immunology",Slovenia,1,2013-10-01,2014-10-01,ssRNA(-)
KF776795.1,GenBank,set:da171c4f513f097a7c8e39516a5832a0dd67df28,,,,Orthohantavirus dobravaense,Orthohantavirus dobravaense,Orthohantavirus,Hantaviridae,,HtSi_492_p2012,S,"Dobrava-Belgrade virus isolate HtSi_492_p2012 nonfunctional nucleocapsid protein gene, partial sequence",955,partial,Slovenia,Slovenia,,Homo sapiens,,"Korva,M., Knap,N., Rus,K.R., Fajs,L., Grubelnik,G., Bremec,M., Knapic,T., Trilar,T., Zupanc,T.A., Avsic-Zupanc,T.","University of Ljubljana, Faculty of Medicine, Institute of Microbiology and Immunology",Slovenia,1,2013-10-01,2014-10-01,ssRNA(-)
KF776796.1,GenBank,set:3df59a08fc287d65d4407788605db8365dd1a4bb,,,,Orthohantavirus dobravaense,Orthohantavirus dobravaense,Orthohantavirus,Hantaviridae,,HtSi_499_p2012,S,"Dobrava-Belgrade virus isolate HtSi_499_p2012 nucleocapsid protein gene, partial cds",960,partial,Slovenia,Slovenia,,Homo sapiens,,"Korva,M., Knap,N., Rus,K.R., Fajs,L., Grubelnik,G., Bremec,M., Knapic,T., Trilar,T., Zupanc,T.A., Avsic-Zupanc,T.","University of Ljubljana, Faculty of Medicine, Institute of Microbiology and Immunology",Slovenia,1,2013-10-01,2014-10-01,ssRNA(-)
KF776797.1,GenBank,set:2424d0752937360d7f236d4ab9263836b67a0f35,,,,Orthohantavirus dobravaense,Orthohantavirus dobravaense,Orthohantavirus,Hantaviridae,,HtSi_270_p2008,S,"Dobrava-Belgrade virus isolate HtSi_270_p2008 nonfunctional nucleocapsid protein gene, partial sequence",954,partial,Slovenia,Slovenia,,Homo sapiens,,"Korva,M., Knap,N., Rus,K.R., Fajs,L., Grubelnik,G., Bremec,M., Knapic,T., Trilar,T., Zupanc,T.A., Avsic-Zupanc,T.","University of Ljubljana, Faculty of Medicine, Institute of Microbiology and Immunology",Slovenia,1,2013-10-01,2014-10-01,ssRNA(-)
KF776798.1,GenBank,set:878dc0a01f13ea5f086561167c09aad4c883c942,,,,Orthohantavirus dobravaense,Orthohantavirus dobravaense,Orthohantavirus,Hantaviridae,,HtSi_1019_a2007,S,"Dobrava-Belgrade virus isolate HtSi_1019_a2007 nonfunctional nucleocapsid protein gene, partial sequence",956,partial,Slovenia,Slovenia,,Apodemus flavicollis,,"Korva,M., Knap,N., Rus,K.R., Fajs,L., Grubelnik,G., Bremec,M., Knapic,T., Trilar,T., Zupanc,T.A., Avsic-Zupanc,T.","University of Ljubljana, Faculty of Medicine, Institute of Microbiology and Immunology",Slovenia,1,2013-10-01,2014-10-01,ssRNA(-)
KF776799.1,GenBank,set:8485a08eef1d620b34ea5bd2aba26bc4168789ce,,,,Orthohantavirus dobravaense,Orthohantavirus dobravaense,Orthohantavirus,Hantaviridae,,HtSi_1014_a2002,S,"Dobrava-Belgrade virus isolate HtSi_1014_a2002 nucleocapsid protein gene, partial cds",954,partial,Slovenia,Slovenia,,Apodemus flavicollis,,"Korva,M., Knap,N., Rus,K.R., Fajs,L., Grubelnik,G., Bremec,M., Knapic,T., Trilar,T., Zupanc,T.A., Avsic-Zupanc,T.","University of Ljubljana, Faculty of Medicine, Institute of Microbiology and Immunology",Slovenia,1,2013-10-01,2014-10-01,ssRNA(-)
KF776800.1,GenBank,set:ef676cc478bd97a72fc24595c027607a1ce23dff,,,,Orthohantavirus dobravaense,Orthohantavirus dobravaense,Orthohantavirus,Hantaviridae,Kurkino,HtSi_1097_a1995,S,"Dobrava-Belgrade virus isolate HtSi_1097_a1995 nucleocapsid protein gene, partial cds",925,partial,Slovenia,Slovenia,,Apodemus flavicollis,,"Korva,M., Knap,N., Rus,K.R., Fajs,L., Grubelnik,G., Bremec,M., Knapic,T., Trilar,T., Zupanc,T.A., Avsic-Zupanc,T.","University of Ljubljana, Faculty of Medicine, Institute of Microbiology and Immunology",Slovenia,1,2013-10-01,2014-10-01,ssRNA(-)
KF776801.1,GenBank,set:10ac4ad3acc67fe8d871aac85318d364be89fc3d,,,,Orthohantavirus dobravaense,Orthohantavirus dobravaense,Orthohantavirus,Hantaviridae,Kurkino,HtSi_1092_a1997,S,"Dobrava-Belgrade virus isolate HtSi_1092_a1997 nucleocapsid protein gene, partial cds",943,partial,Slovenia,Slovenia,,Apodemus agrarius,,"Korva,M., Knap,N., Rus,K.R., Fajs,L., Grubelnik,G., Bremec,M., Knapic,T., Trilar,T., Zupanc,T.A., Avsic-Zupanc,T.","University of Ljubljana, Faculty of Medicine, Institute of Microbiology and Immunology",Slovenia,1,2013-10-01,2014-10-01,ssRNA(-)
KF776802.1,GenBank,set:1d3b76e44e263d6187a07db26e6ae24fb812e07b,,,,Orthohantavirus dobravaense,Orthohantavirus dobravaense,Orthohantavirus,Hantaviridae,Kurkino,HtSi_1090_a2000,S,"Dobrava-Belgrade virus isolate HtSi_1090_a2000 nonfunctional nucleocapsid protein gene, partial sequence",947,partial,Slovenia,Slovenia,,Apodemus agrarius,,"Korva,M., Knap,N., Rus,K.R., Fajs,L., Grubelnik,G., Bremec,M., Knapic,T., Trilar,T., Zupanc,T.A., Avsic-Zupanc,T.","University of Ljubljana, Faculty of Medicine, Institute of Microbiology and Immunology",Slovenia,1,2013-10-01,2014-10-01,ssRNA(-)
KF776803.1,GenBank,set:7a8901dbcbefa6eed81961ce6559c8cc21e122dd,,,,Orthohantavirus dobravaense,Orthohantavirus dobravaense,Orthohantavirus,Hantaviridae,,HtSi_1013_a2002,S,"Dobrava-Belgrade virus isolate HtSi_1013_a2002 nucleocapsid protein gene, partial cds",955,partial,Slovenia,Slovenia,,Apodemus flavicollis,,"Korva,M., Knap,N., Rus,K.R., Fajs,L., Grubelnik,G., Bremec,M., Knapic,T., Trilar,T., Zupanc,T.A., Avsic-Zupanc,T.","University of Ljubljana, Faculty of Medicine, Institute of Microbiology and Immunology",Slovenia,1,2013-10-01,2014-10-01,ssRNA(-)
KF776804.1,GenBank,set:f29fc3f028fc19a7275e8b6348508333bb6f1746,,,,Orthohantavirus dobravaense,Orthohantavirus dobravaense,Orthohantavirus,Hantaviridae,,HtSi_1008_a1999,S,"Dobrava-Belgrade virus isolate HtSi_1008_a1999 nucleocapsid protein gene, partial cds",889,partial,Slovenia,Slovenia,,Apodemus flavicollis,,"Korva,M., Knap,N., Rus,K.R., Fajs,L., Grubelnik,G., Bremec,M., Knapic,T., Trilar,T., Zupanc,T.A., Avsic-Zupanc,T.","University of Ljubljana, Faculty of Medicine, Institute of Microbiology and Immunology",Slovenia,1,2013-10-01,2014-10-01,ssRNA(-)
KF776805.1,GenBank,set:768ee27228dbee0a2e52e13b1bba0ff3b76d6d01,,,,Orthohantavirus dobravaense,Orthohantavirus dobravaense,Orthohantavirus,Hantaviridae,,HtSi_1009_a1995,S,"Dobrava-Belgrade virus isolate HtSi_1009_a1995 nonfunctional nucleocapsid protein gene, partial sequence",945,partial,Slovenia,Slovenia,,Apodemus flavicollis,,"Korva,M., Knap,N., Rus,K.R., Fajs,L., Grubelnik,G., Bremec,M., Knapic,T., Trilar,T., Zupanc,T.A., Avsic-Zupanc,T.","University of Ljubljana, Faculty of Medicine, Institute of Microbiology and Immunology",Slovenia,1,2013-10-01,2014-10-01,ssRNA(-)
KF776806.1,GenBank,set:0505fa8e7e5b271727e2f1dd37caa49b85da6c25,,,,Orthohantavirus dobravaense,Orthohantavirus dobravaense,Orthohantavirus,Hantaviridae,,HtSi_1010_a2007,S,"Dobrava-Belgrade virus isolate HtSi_1010_a2007 nucleocapsid protein gene, partial cds",889,partial,Slovenia,Slovenia,,Apodemus flavicollis,,"Korva,M., Knap,N., Rus,K.R., Fajs,L., Grubelnik,G., Bremec,M., Knapic,T., Trilar,T., Zupanc,T.A., Avsic-Zupanc,T.","University of Ljubljana, Faculty of Medicine, Institute of Microbiology and Immunology",Slovenia,1,2013-10-01,2014-10-01,ssRNA(-)
KF776807.1,GenBank,set:a727ba655e30b9d42b1ed41739afdd29af4e1899,,,,Orthohantavirus dobravaense,Orthohantavirus dobravaense,Orthohantavirus,Hantaviridae,,HtSi_1011_a2007,S,"Dobrava-Belgrade virus isolate HtSi_1011_a2007 nucleocapsid protein gene, partial cds",889,partial,Slovenia,Slovenia,,Apodemus flavicollis,,"Korva,M., Knap,N., Rus,K.R., Fajs,L., Grubelnik,G., Bremec,M., Knapic,T., Trilar,T., Zupanc,T.A., Avsic-Zupanc,T.","University of Ljubljana, Faculty of Medicine, Institute of Microbiology and Immunology",Slovenia,1,2013-10-01,2014-10-01,ssRNA(-)
KF776808.1,GenBank,set:4fc614295d122e66b7520b06b3446863b3f3ea70,,,,Orthohantavirus dobravaense,Orthohantavirus dobravaense,Orthohantavirus,Hantaviridae,,HtSi_1015_a1995,S,"Dobrava-Belgrade virus isolate HtSi_1015_a1995 nucleocapsid protein gene, partial cds",889,partial,Slovenia,Slovenia,,Apodemus flavicollis,,"Korva,M., Knap,N., Rus,K.R., Fajs,L., Grubelnik,G., Bremec,M., Knapic,T., Trilar,T., Zupanc,T.A., Avsic-Zupanc,T.","University of Ljubljana, Faculty of Medicine, Institute of Microbiology and Immunology",Slovenia,1,2013-10-01,2014-10-01,ssRNA(-)
KF776809.1,GenBank,set:1bcb09ca80a74ee9b3839a9f8181642b17ce2132,,,,Orthohantavirus dobravaense,Orthohantavirus dobravaense,Orthohantavirus,Hantaviridae,,HtSi_1018_a2007,S,"Dobrava-Belgrade virus isolate HtSi_1018_a2007 nucleocapsid protein gene, partial cds",889,partial,Slovenia,Slovenia,,Apodemus flavicollis,,"Korva,M., Knap,N., Rus,K.R., Fajs,L., Grubelnik,G., Bremec,M., Knapic,T., Trilar,T., Zupanc,T.A., Avsic-Zupanc,T.","University of Ljubljana, Faculty of Medicine, Institute of Microbiology and Immunology",Slovenia,1,2013-10-01,2014-10-01,ssRNA(-)
KF776810.1,GenBank,set:4bc92c92fc6a28dd559339465b91456c83be54e7,,,,Orthohantavirus dobravaense,Orthohantavirus dobravaense,Orthohantavirus,Hantaviridae,,HtSi_1020_a2008,S,"Dobrava-Belgrade virus isolate HtSi_1020_a2008 nucleocapsid protein gene, partial cds",889,partial,Slovenia,Slovenia,,Apodemus flavicollis,,"Korva,M., Knap,N., Rus,K.R., Fajs,L., Grubelnik,G., Bremec,M., Knapic,T., Trilar,T., Zupanc,T.A., Avsic-Zupanc,T.","University of Ljubljana, Faculty of Medicine, Institute of Microbiology and Immunology",Slovenia,1,2013-10-01,2014-10-01,ssRNA(-)
KF776811.1,GenBank,set:15b1f9d21ddb6c08c7195462faccd7a40f1cb0e9,,,,Orthohantavirus dobravaense,Orthohantavirus dobravaense,Orthohantavirus,Hantaviridae,,HtSi_1021_a1995,S,"Dobrava-Belgrade virus isolate HtSi_1021_a1995 nucleocapsid protein gene, partial cds",889,partial,Slovenia,Slovenia,,Apodemus flavicollis,,"Korva,M., Knap,N., Rus,K.R., Fajs,L., Grubelnik,G., Bremec,M., Knapic,T., Trilar,T., Zupanc,T.A., Avsic-Zupanc,T.","University of Ljubljana, Faculty of Medicine, Institute of Microbiology and Immunology",Slovenia,1,2013-10-01,2014-10-01,ssRNA(-)
KF776812.1,GenBank,set:a2e565ba273d48bd645cd291b7322170111bc537,,,,Orthohantavirus dobravaense,Orthohantavirus dobravaense,Orthohantavirus,Hantaviridae,,HtSi_1024_a2000,S,"Dobrava-Belgrade virus isolate HtSi_1024_a2000 nucleocapsid protein gene, partial cds",889,partial,Slovenia,Slovenia,,Apodemus flavicollis,,"Korva,M., Knap,N., Rus,K.R., Fajs,L., Grubelnik,G., Bremec,M., Knapic,T., Trilar,T., Zupanc,T.A., Avsic-Zupanc,T.","University of Ljubljana, Faculty of Medicine, Institute of Microbiology and Immunology",Slovenia,1,2013-10-01,2014-10-01,ssRNA(-)
KF776813.1,GenBank,set:3d6897a9e67ac0376a709d7e01bb703eeb78c596,,,,Orthohantavirus dobravaense,Orthohantavirus dobravaense,Orthohantavirus,Hantaviridae,,HtSi_1029_a1995,S,"Dobrava-Belgrade virus isolate HtSi_1029_a1995 nucleocapsid protein gene, partial cds",889,partial,Slovenia,Slovenia,,Apodemus flavicollis,,"Korva,M., Knap,N., Rus,K.R., Fajs,L., Grubelnik,G., Bremec,M., Knapic,T., Trilar,T., Zupanc,T.A., Avsic-Zupanc,T.","University of Ljubljana, Faculty of Medicine, Institute of Microbiology and Immunology",Slovenia,1,2013-10-01,2014-10-01,ssRNA(-)
KF776814.1,GenBank,set:ccf5961905840f1de029f6ff0d9c8083b8eac106,,,,Orthohantavirus dobravaense,Orthohantavirus dobravaense,Orthohantavirus,Hantaviridae,,HtSi_1031_a2001,S,"Dobrava-Belgrade virus isolate HtSi_1031_a2001 nucleocapsid protein gene, partial cds",889,partial,Slovenia,Slovenia,,Apodemus flavicollis,,"Korva,M., Knap,N., Rus,K.R., Fajs,L., Grubelnik,G., Bremec,M., Knapic,T., Trilar,T., Zupanc,T.A., Avsic-Zupanc,T.","University of Ljubljana, Faculty of Medicine, Institute of Microbiology and Immunology",Slovenia,1,2013-10-01,2014-10-01,ssRNA(-)
KF776815.1,GenBank,set:c22e1b1d5b19c52a28e7eadf31bdf402b21fc40f,,,,Orthohantavirus dobravaense,Orthohantavirus dobravaense,Orthohantavirus,Hantaviridae,,HtSi_1032_a2001,S,"Dobrava-Belgrade virus isolate HtSi_1032_a2001 nucleocapsid protein gene, partial cds",889,partial,Slovenia,Slovenia,,Apodemus flavicollis,,"Korva,M., Knap,N., Rus,K.R., Fajs,L., Grubelnik,G., Bremec,M., Knapic,T., Trilar,T., Zupanc,T.A., Avsic-Zupanc,T.","University of Ljubljana, Faculty of Medicine, Institute of Microbiology and Immunology",Slovenia,1,2013-10-01,2014-10-01,ssRNA(-)
KF776816.1,GenBank,set:dbeace91ec18a77c712c773b0bef4c5b3368c00b,,,,Orthohantavirus dobravaense,Orthohantavirus dobravaense,Orthohantavirus,Hantaviridae,,HtSi_1033_a2001,S,"Dobrava-Belgrade virus isolate HtSi_1033_a2001 nucleocapsid protein gene, partial cds",889,partial,Slovenia,Slovenia,,Apodemus flavicollis,,"Korva,M., Knap,N., Rus,K.R., Fajs,L., Grubelnik,G., Bremec,M., Knapic,T., Trilar,T., Zupanc,T.A., Avsic-Zupanc,T.","University of Ljubljana, Faculty of Medicine, Institute of Microbiology and Immunology",Slovenia,1,2013-10-01,2014-10-01,ssRNA(-)
KF776817.1,GenBank,set:da22bb5fb9387ef575355b104188bd52ab6368d4,,,,Orthohantavirus dobravaense,Orthohantavirus dobravaense,Orthohantavirus,Hantaviridae,,HtSi_1034_a2001,S,"Dobrava-Belgrade virus isolate HtSi_1034_a2001 nucleocapsid protein gene, partial cds",889,partial,Slovenia,Slovenia,,Apodemus flavicollis,,"Korva,M., Knap,N., Rus,K.R., Fajs,L., Grubelnik,G., Bremec,M., Knapic,T., Trilar,T., Zupanc,T.A., Avsic-Zupanc,T.","University of Ljubljana, Faculty of Medicine, Institute of Microbiology and Immunology",Slovenia,1,2013-10-01,2014-10-01,ssRNA(-)
KF776818.1,GenBank,set:bc7642b5a97b4f97ee3f40ca11a184913e496c5d,,,,Orthohantavirus dobravaense,Orthohantavirus dobravaense,Orthohantavirus,Hantaviridae,,HtSi_1035_a2002,S,"Dobrava-Belgrade virus isolate HtSi_1035_a2002 nucleocapsid protein gene, partial cds",926,partial,Slovenia,Slovenia,,Apodemus flavicollis,,"Korva,M., Knap,N., Rus,K.R., Fajs,L., Grubelnik,G., Bremec,M., Knapic,T., Trilar,T., Zupanc,T.A., Avsic-Zupanc,T.","University of Ljubljana, Faculty of Medicine, Institute of Microbiology and Immunology",Slovenia,1,2013-10-01,2014-10-01,ssRNA(-)
KF776819.1,GenBank,set:eb0ff0b2db7a0665e296be4e65ddc5faa5481319,,,,Orthohantavirus dobravaense,Orthohantavirus dobravaense,Orthohantavirus,Hantaviridae,,HtSi_1036_a2001,S,"Dobrava-Belgrade virus isolate HtSi_1036_a2001 nucleocapsid protein gene, partial cds",889,partial,Slovenia,Slovenia,,Apodemus flavicollis,,"Korva,M., Knap,N., Rus,K.R., Fajs,L., Grubelnik,G., Bremec,M., Knapic,T., Trilar,T., Zupanc,T.A., Avsic-Zupanc,T.","University of Ljubljana, Faculty of Medicine, Institute of Microbiology and Immunology",Slovenia,1,2013-10-01,2014-10-01,ssRNA(-)
KF776820.1,GenBank,set:8ca2f6a55483cfe0f5ff5bc19ad1b5bde852c321,,,,Orthohantavirus dobravaense,Orthohantavirus dobravaense,Orthohantavirus,Hantaviridae,,HtSi_1037_a2001,S,"Dobrava-Belgrade virus isolate HtSi_1037_a2001 nucleocapsid protein gene, partial cds",889,partial,Slovenia,Slovenia,,Apodemus flavicollis,,"Korva,M., Knap,N., Rus,K.R., Fajs,L., Grubelnik,G., Bremec,M., Knapic,T., Trilar,T., Zupanc,T.A., Avsic-Zupanc,T.","University of Ljubljana, Faculty of Medicine, Institute of Microbiology and Immunology",Slovenia,1,2013-10-01,2014-10-01,ssRNA(-)
KF776821.1,GenBank,set:5995e25db19746d5dee5d8f23350680bc029963a,,,,Orthohantavirus dobravaense,Orthohantavirus dobravaense,Orthohantavirus,Hantaviridae,,HtSi_1042_a2008,S,"Dobrava-Belgrade virus isolate HtSi_1042_a2008 nucleocapsid protein gene, partial cds",889,partial,Slovenia,Slovenia,,Apodemus flavicollis,,"Korva,M., Knap,N., Rus,K.R., Fajs,L., Grubelnik,G., Bremec,M., Knapic,T., Trilar,T., Zupanc,T.A., Avsic-Zupanc,T.","University of Ljubljana, Faculty of Medicine, Institute of Microbiology and Immunology",Slovenia,1,2013-10-01,2014-10-01,ssRNA(-)
KF776822.1,GenBank,set:fcd5937e8e15e2e07d13d0c15856eeae25c7871b,,,,Orthohantavirus dobravaense,Orthohantavirus dobravaense,Orthohantavirus,Hantaviridae,Kurkino,HtSi_1095_a1997,S,"Dobrava-Belgrade virus isolate HtSi_1095_a1997 nucleocapsid protein gene, partial cds",889,partial,Slovenia,Slovenia,,Apodemus agrarius,,"Korva,M., Knap,N., Rus,K.R., Fajs,L., Grubelnik,G., Bremec,M., Knapic,T., Trilar,T., Zupanc,T.A., Avsic-Zupanc,T.","University of Ljubljana, Faculty of Medicine, Institute of Microbiology and Immunology",Slovenia,1,2013-10-01,2014-10-01,ssRNA(-)
KF776823.1,GenBank,set:c9fdd9d905a8ac99bd5a69e2d68bb3953de0066c,,,,Orthohantavirus dobravaense,Orthohantavirus dobravaense,Orthohantavirus,Hantaviridae,,HtSi_1043_a1995,S,"Dobrava-Belgrade virus isolate HtSi_1043_a1995 nucleocapsid protein gene, partial cds",889,partial,Slovenia,Slovenia,,Apodemus flavicollis,,"Korva,M., Knap,N., Rus,K.R., Fajs,L., Grubelnik,G., Bremec,M., Knapic,T., Trilar,T., Zupanc,T.A., Avsic-Zupanc,T.","University of Ljubljana, Faculty of Medicine, Institute of Microbiology and Immunology",Slovenia,1,2013-10-01,2014-10-01,ssRNA(-)
KF776824.1,GenBank,set:02476dcefabfd6bca7443abd4d8fb65d386e756b,,,,Orthohantavirus dobravaense,Orthohantavirus dobravaense,Orthohantavirus,Hantaviridae,,HtSi_1040_a1999,S,"Dobrava-Belgrade virus isolate HtSi_1040_a1999 nucleocapsid protein gene, partial cds",889,partial,Slovenia,Slovenia,,Apodemus flavicollis,,"Korva,M., Knap,N., Rus,K.R., Fajs,L., Grubelnik,G., Bremec,M., Knapic,T., Trilar,T., Zupanc,T.A., Avsic-Zupanc,T.","University of Ljubljana, Faculty of Medicine, Institute of Microbiology and Immunology",Slovenia,1,2013-10-01,2014-10-01,ssRNA(-)
KF776825.1,GenBank,set:94934970480c35f020efcdffcfffa64e9a4cc4b7,,,,Orthohantavirus dobravaense,Orthohantavirus dobravaense,Orthohantavirus,Hantaviridae,,HtSi_1041_a2005,S,"Dobrava-Belgrade virus isolate HtSi_1041_a2005 nucleocapsid protein gene, partial cds",889,partial,Slovenia,Slovenia,,Apodemus flavicollis,,"Korva,M., Knap,N., Rus,K.R., Fajs,L., Grubelnik,G., Bremec,M., Knapic,T., Trilar,T., Zupanc,T.A., Avsic-Zupanc,T.","University of Ljubljana, Faculty of Medicine, Institute of Microbiology and Immunology",Slovenia,1,2013-10-01,2014-10-01,ssRNA(-)
KF776826.1,GenBank,set:1c80c4917a2c4e14c72e9fc6859bfd8eae813420,,,,Orthohantavirus dobravaense,Orthohantavirus dobravaense,Orthohantavirus,Hantaviridae,,HtSi_130_p2000,S,"Dobrava-Belgrade virus isolate HtSi_130_p2000 nucleocapsid protein gene, partial cds",982,partial,Slovenia,Slovenia,,Homo sapiens,,"Korva,M., Knap,N., Rus,K.R., Fajs,L., Grubelnik,G., Bremec,M., Knapic,T., Trilar,T., Zupanc,T.A., Avsic-Zupanc,T.","University of Ljubljana, Faculty of Medicine, Institute of Microbiology and Immunology",Slovenia,1,2013-10-01,2014-10-01,ssRNA(-)
KF776827.1,GenBank,set:acb5645c65380b52f5570a72bf29c2cb2d16ba7e,,,,Orthohantavirus dobravaense,Orthohantavirus dobravaense,Orthohantavirus,Hantaviridae,,HtSi_1038_a2002,S,"Dobrava-Belgrade virus isolate HtSi_1038_a2002 nucleocapsid protein gene, partial cds",889,partial,Slovenia,Slovenia,,Apodemus flavicollis,,"Korva,M., Knap,N., Rus,K.R., Fajs,L., Grubelnik,G., Bremec,M., Knapic,T., Trilar,T., Zupanc,T.A., Avsic-Zupanc,T.","University of Ljubljana, Faculty of Medicine, Institute of Microbiology and Immunology",Slovenia,1,2013-10-01,2014-10-01,ssRNA(-)
KF776828.1,GenBank,set:9b5ab47a1d0c9860682881e16d8186a219c40dee,,,,Orthohantavirus dobravaense,Orthohantavirus dobravaense,Orthohantavirus,Hantaviridae,,HtSi_1030_a1995,S,"Dobrava-Belgrade virus isolate HtSi_1030_a1995 nucleocapsid protein gene, partial cds",889,partial,Slovenia,Slovenia,,Apodemus flavicollis,,"Korva,M., Knap,N., Rus,K.R., Fajs,L., Grubelnik,G., Bremec,M., Knapic,T., Trilar,T., Zupanc,T.A., Avsic-Zupanc,T.","University of Ljubljana, Faculty of Medicine, Institute of Microbiology and Immunology",Slovenia,1,2013-10-01,2014-10-01,ssRNA(-)
KF776829.1,GenBank,set:37788127a6ba258b9e992b3ae8cf20d8a992e615,,,,Orthohantavirus dobravaense,Orthohantavirus dobravaense,Orthohantavirus,Hantaviridae,,HtSi_1022_a2000,S,"Dobrava-Belgrade virus isolate HtSi_1022_a2000 nonfunctional nucleocapsid protein gene, partial sequence",892,partial,Slovenia,Slovenia,,Apodemus flavicollis,,"Korva,M., Knap,N., Rus,K.R., Fajs,L., Grubelnik,G., Bremec,M., Knapic,T., Trilar,T., Zupanc,T.A., Avsic-Zupanc,T.","University of Ljubljana, Faculty of Medicine, Institute of Microbiology and Immunology",Slovenia,1,2013-10-01,2014-10-01,ssRNA(-)
KF776830.1,GenBank,set:b0a7ada1e23f12f1eec1d64e679c6c4a6bf78fcc,,,,Orthohantavirus dobravaense,Orthohantavirus dobravaense,Orthohantavirus,Hantaviridae,,HtSi_193_p2005,S,"Dobrava-Belgrade virus isolate HtSi_193_p2005 nucleocapsid protein gene, partial cds",979,partial,Slovenia,Slovenia,,Homo sapiens,,"Korva,M., Knap,N., Rus,K.R., Fajs,L., Grubelnik,G., Bremec,M., Knapic,T., Trilar,T., Zupanc,T.A., Avsic-Zupanc,T.","University of Ljubljana, Faculty of Medicine, Institute of Microbiology and Immunology",Slovenia,1,2013-10-01,2014-10-01,ssRNA(-)
KF776831.1,GenBank,set:9afbe26cebe78987455c08729757df440d5f2f13,,,,Orthohantavirus dobravaense,Orthohantavirus dobravaense,Orthohantavirus,Hantaviridae,,HtSi_136_p2001,S,"Dobrava-Belgrade virus isolate HtSi_136_p2001 nucleocapsid protein gene, partial cds",1020,partial,Slovenia,Slovenia,,Homo sapiens,,"Korva,M., Knap,N., Rus,K.R., Fajs,L., Grubelnik,G., Bremec,M., Knapic,T., Trilar,T., Zupanc,T.A., Avsic-Zupanc,T.","University of Ljubljana, Faculty of Medicine, Institute of Microbiology and Immunology",Slovenia,1,2013-10-01,2014-10-01,ssRNA(-)
KF776832.1,GenBank,set:236409828b774352f4c83ade92cfe6216ad42a01,,,,Orthohantavirus dobravaense,Orthohantavirus dobravaense,Orthohantavirus,Hantaviridae,,HtSi_132_p2000,S,"Dobrava-Belgrade virus isolate HtSi_132_p2000 nucleocapsid protein gene, partial cds",995,partial,Slovenia,Slovenia,,Homo sapiens,,"Korva,M., Knap,N., Rus,K.R., Fajs,L., Grubelnik,G., Bremec,M., Knapic,T., Trilar,T., Zupanc,T.A., Avsic-Zupanc,T.","University of Ljubljana, Faculty of Medicine, Institute of Microbiology and Immunology",Slovenia,1,2013-10-01,2014-10-01,ssRNA(-)
KF776833.1,GenBank,set:c00321485942b9504a0de5cbf58399206343afc6,,,,Orthohantavirus dobravaense,Orthohantavirus dobravaense,Orthohantavirus,Hantaviridae,,HtSi_129_p2000,S,"Dobrava-Belgrade virus isolate HtSi_129_p2000 nucleocapsid protein gene, partial cds",981,partial,Slovenia,Slovenia,,Homo sapiens,,"Korva,M., Knap,N., Rus,K.R., Fajs,L., Grubelnik,G., Bremec,M., Knapic,T., Trilar,T., Zupanc,T.A., Avsic-Zupanc,T.","University of Ljubljana, Faculty of Medicine, Institute of Microbiology and Immunology",Slovenia,1,2013-10-01,2014-10-01,ssRNA(-)
KF776834.1,GenBank,set:8d4838ef483d7492d6753ac82f34d974c3609608,,,,Orthohantavirus dobravaense,Orthohantavirus dobravaense,Orthohantavirus,Hantaviridae,,HtSi_200_p2005,S,"Dobrava-Belgrade virus isolate HtSi_200_p2005 nucleocapsid protein gene, partial cds",982,partial,Slovenia,Slovenia,,Homo sapiens,,"Korva,M., Knap,N., Rus,K.R., Fajs,L., Grubelnik,G., Bremec,M., Knapic,T., Trilar,T., Zupanc,T.A., Avsic-Zupanc,T.","University of Ljubljana, Faculty of Medicine, Institute of Microbiology and Immunology",Slovenia,1,2013-10-01,2014-10-01,ssRNA(-)
KF776835.1,GenBank,set:ff815efc3cb3f8514265016e7bcf71abbf3e2052,,,,Orthohantavirus dobravaense,Orthohantavirus dobravaense,Orthohantavirus,Hantaviridae,,HtSi_207_p2005,S,"Dobrava-Belgrade virus isolate HtSi_207_p2005 nucleocapsid protein gene, partial cds",966,partial,Slovenia,Slovenia,,Homo sapiens,,"Korva,M., Knap,N., Rus,K.R., Fajs,L., Grubelnik,G., Bremec,M., Knapic,T., Trilar,T., Zupanc,T.A., Avsic-Zupanc,T.","University of Ljubljana, Faculty of Medicine, Institute of Microbiology and Immunology",Slovenia,1,2013-10-01,2014-10-01,ssRNA(-)
KF776836.1,GenBank,set:db82c1f2d79a73cc0e0a8044f7f407498e1317e3,,,,Orthohantavirus dobravaense,Orthohantavirus dobravaense,Orthohantavirus,Hantaviridae,,HtSi_215_p2005,S,"Dobrava-Belgrade virus isolate HtSi_215_p2005 nucleocapsid protein gene, partial cds",981,partial,Slovenia,Slovenia,,Homo sapiens,,"Korva,M., Knap,N., Rus,K.R., Fajs,L., Grubelnik,G., Bremec,M., Knapic,T., Trilar,T., Zupanc,T.A., Avsic-Zupanc,T.","University of Ljubljana, Faculty of Medicine, Institute of Microbiology and Immunology",Slovenia,1,2013-10-01,2014-10-01,ssRNA(-)
KF776837.1,GenBank,set:ea227a78f1e85fd0e8b951770804ce57794cf77b,,,,Orthohantavirus dobravaense,Orthohantavirus dobravaense,Orthohantavirus,Hantaviridae,,HtSi_230_p2007,S,"Dobrava-Belgrade virus isolate HtSi_230_p2007 nonfunctional nucleocapsid protein gene, partial sequence",967,partial,Slovenia,Slovenia,,Homo sapiens,,"Korva,M., Knap,N., Rus,K.R., Fajs,L., Grubelnik,G., Bremec,M., Knapic,T., Trilar,T., Zupanc,T.A., Avsic-Zupanc,T.","University of Ljubljana, Faculty of Medicine, Institute of Microbiology and Immunology",Slovenia,1,2013-10-01,2014-10-01,ssRNA(-)
KF776838.1,GenBank,set:c40b5625c5af4fbcca7fae53f7119f2e852203a8,,,,Orthohantavirus dobravaense,Orthohantavirus dobravaense,Orthohantavirus,Hantaviridae,,HtSi_231_p2007,S,"Dobrava-Belgrade virus isolate HtSi_231_p2007 nonfunctional nucleocapsid protein gene, partial sequence",975,partial,Slovenia,Slovenia,,Homo sapiens,,"Korva,M., Knap,N., Rus,K.R., Fajs,L., Grubelnik,G., Bremec,M., Knapic,T., Trilar,T., Zupanc,T.A., Avsic-Zupanc,T.","University of Ljubljana, Faculty of Medicine, Institute of Microbiology and Immunology",Slovenia,1,2013-10-01,2014-10-01,ssRNA(-)
KF776839.1,GenBank,set:867bf640cc42612b6f427178c0400aebcbfe2632,,,,Orthohantavirus dobravaense,Orthohantavirus dobravaense,Orthohantavirus,Hantaviridae,,HtSi_256_p2008,S,"Dobrava-Belgrade virus isolate HtSi_256_p2008 nucleocapsid protein gene, partial cds",1369,partial,Slovenia,Slovenia,,Homo sapiens,,"Korva,M., Knap,N., Rus,K.R., Fajs,L., Grubelnik,G., Bremec,M., Knapic,T., Trilar,T., Zupanc,T.A., Avsic-Zupanc,T.","University of Ljubljana, Faculty of Medicine, Institute of Microbiology and Immunology",Slovenia,1,2013-10-01,2014-10-01,ssRNA(-)
KF776840.1,GenBank,set:ea74c84fb953a81a4d40af1fdd93e93bc76154a0,,,,Orthohantavirus dobravaense,Orthohantavirus dobravaense,Orthohantavirus,Hantaviridae,,HtSi_239_p2008,S,"Dobrava-Belgrade virus isolate HtSi_239_p2008 nonfunctional nucleocapsid protein gene, partial sequence",980,partial,Slovenia,Slovenia,,Homo sapiens,,"Korva,M., Knap,N., Rus,K.R., Fajs,L., Grubelnik,G., Bremec,M., Knapic,T., Trilar,T., Zupanc,T.A., Avsic-Zupanc,T.","University of Ljubljana, Faculty of Medicine, Institute of Microbiology and Immunology",Slovenia,1,2013-10-01,2014-10-01,ssRNA(-)
KF776841.1,GenBank,set:038525083c095b88131fc888c0cf9a6c0f5e86c1,,,,Orthohantavirus dobravaense,Orthohantavirus dobravaense,Orthohantavirus,Hantaviridae,,HtSi_261_p2008,S,"Dobrava-Belgrade virus isolate HtSi_261_p2008 nucleocapsid protein gene, partial cds",958,partial,Slovenia,Slovenia,,Homo sapiens,,"Korva,M., Knap,N., Rus,K.R., Fajs,L., Grubelnik,G., Bremec,M., Knapic,T., Trilar,T., Zupanc,T.A., Avsic-Zupanc,T.","University of Ljubljana, Faculty of Medicine, Institute of Microbiology and Immunology",Slovenia,1,2013-10-01,2014-10-01,ssRNA(-)
KF776842.1,GenBank,set:1ab0261b7efb5374a4d97c1596682fe9cb43af68,,,,Orthohantavirus dobravaense,Orthohantavirus dobravaense,Orthohantavirus,Hantaviridae,,HtSi_279_p2008,S,"Dobrava-Belgrade virus isolate HtSi_279_p2008 nonfunctional nucleocapsid protein gene, partial sequence",1002,partial,Slovenia,Slovenia,,Homo sapiens,,"Korva,M., Knap,N., Rus,K.R., Fajs,L., Grubelnik,G., Bremec,M., Knapic,T., Trilar,T., Zupanc,T.A., Avsic-Zupanc,T.","University of Ljubljana, Faculty of Medicine, Institute of Microbiology and Immunology",Slovenia,1,2013-10-01,2014-10-01,ssRNA(-)
KF776843.1,GenBank,set:a77591d8db8e30e1a80c3bbedf59016507929c09,,,,Orthohantavirus dobravaense,Orthohantavirus dobravaense,Orthohantavirus,Hantaviridae,,HtSi_268_p2008,S,"Dobrava-Belgrade virus isolate HtSi_268_p2008 nucleocapsid protein gene, partial cds",981,partial,Slovenia,Slovenia,,Homo sapiens,,"Korva,M., Knap,N., Rus,K.R., Fajs,L., Grubelnik,G., Bremec,M., Knapic,T., Trilar,T., Zupanc,T.A., Avsic-Zupanc,T.","University of Ljubljana, Faculty of Medicine, Institute of Microbiology and Immunology",Slovenia,1,2013-10-01,2014-10-01,ssRNA(-)
KF776844.1,GenBank,set:14c8dc59ced51d02c45f8cd9df72106f37db46c6,,,,Orthohantavirus dobravaense,Orthohantavirus dobravaense,Orthohantavirus,Hantaviridae,,HtSi_276_p2008,S,"Dobrava-Belgrade virus isolate HtSi_276_p2008 nonfunctional nucleocapsid protein gene, partial sequence",975,partial,Slovenia,Slovenia,,Homo sapiens,,"Korva,M., Knap,N., Rus,K.R., Fajs,L., Grubelnik,G., Bremec,M., Knapic,T., Trilar,T., Zupanc,T.A., Avsic-Zupanc,T.","University of Ljubljana, Faculty of Medicine, Institute of Microbiology and Immunology",Slovenia,1,2013-10-01,2014-10-01,ssRNA(-)
KF776845.1,GenBank,set:a72eba73dbd9d5fa99b7777200d658ccb2c99fc8,,,,Orthohantavirus dobravaense,Orthohantavirus dobravaense,Orthohantavirus,Hantaviridae,,HtSi_275_p2008,S,"Dobrava-Belgrade virus isolate HtSi_275_p2008 nonfunctional nucleocapsid protein gene, partial sequence",967,partial,Slovenia,Slovenia,,Homo sapiens,,"Korva,M., Knap,N., Rus,K.R., Fajs,L., Grubelnik,G., Bremec,M., Knapic,T., Trilar,T., Zupanc,T.A., Avsic-Zupanc,T.","University of Ljubljana, Faculty of Medicine, Institute of Microbiology and Immunology",Slovenia,1,2013-10-01,2014-10-01,ssRNA(-)
KF776846.1,GenBank,set:355cd25f2bf324494de4567c9c11403042b89331,,,,Orthohantavirus dobravaense,Orthohantavirus dobravaense,Orthohantavirus,Hantaviridae,,HtSi_301_p2010,S,"Dobrava-Belgrade virus isolate HtSi_301_p2010 nucleocapsid protein gene, partial cds",1492,partial,Slovenia,Slovenia,,Homo sapiens,,"Korva,M., Knap,N., Rus,K.R., Fajs,L., Grubelnik,G., Bremec,M., Knapic,T., Trilar,T., Zupanc,T.A., Avsic-Zupanc,T.","University of Ljubljana, Faculty of Medicine, Institute of Microbiology and Immunology",Slovenia,1,2013-10-01,2014-10-01,ssRNA(-)
KF776847.1,GenBank,set:db8c7a467db29f6abd2b0cffb0bfca47e1dca695,,,,Orthohantavirus dobravaense,Orthohantavirus dobravaense,Orthohantavirus,Hantaviridae,,HtSi_299_p2010,S,"Dobrava-Belgrade virus isolate HtSi_299_p2010 nucleocapsid protein gene, partial cds",981,partial,Slovenia,Slovenia,,Homo sapiens,,"Korva,M., Knap,N., Rus,K.R., Fajs,L., Grubelnik,G., Bremec,M., Knapic,T., Trilar,T., Zupanc,T.A., Avsic-Zupanc,T.","University of Ljubljana, Faculty of Medicine, Institute of Microbiology and Immunology",Slovenia,1,2013-10-01,2014-10-01,ssRNA(-)
KF776848.1,GenBank,set:168b37181f450aa7133754702da3a7c8b7899fcd,,,,Orthohantavirus dobravaense,Orthohantavirus dobravaense,Orthohantavirus,Hantaviridae,,HtSi_297_p2010,S,"Dobrava-Belgrade virus isolate HtSi_297_p2010 nucleocapsid protein gene, partial cds",961,partial,Slovenia,Slovenia,,Homo sapiens,,"Korva,M., Knap,N., Rus,K.R., Fajs,L., Grubelnik,G., Bremec,M., Knapic,T., Trilar,T., Zupanc,T.A., Avsic-Zupanc,T.","University of Ljubljana, Faculty of Medicine, Institute of Microbiology and Immunology",Slovenia,1,2013-10-01,2014-10-01,ssRNA(-)
KF776849.1,GenBank,set:1233e06673c34c86f6228654ed75667c04608b34,,,,Orthohantavirus dobravaense,Orthohantavirus dobravaense,Orthohantavirus,Hantaviridae,,HtSi_274_p2008,S,"Dobrava-Belgrade virus isolate HtSi_274_p2008 nonfunctional nucleocapsid protein gene, partial sequence",974,partial,Slovenia,Slovenia,,Homo sapiens,,"Korva,M., Knap,N., Rus,K.R., Fajs,L., Grubelnik,G., Bremec,M., Knapic,T., Trilar,T., Zupanc,T.A., Avsic-Zupanc,T.","University of Ljubljana, Faculty of Medicine, Institute of Microbiology and Immunology",Slovenia,1,2013-10-01,2014-10-01,ssRNA(-)
KF776850.1,GenBank,set:16c5802c797e1f763a1fd1a8de1c1563f7a71439,,,,Orthohantavirus dobravaense,Orthohantavirus dobravaense,Orthohantavirus,Hantaviridae,,HtSi_286_p2009,S,"Dobrava-Belgrade virus isolate HtSi_286_p2009 nonfunctional nucleocapsid protein gene, partial sequence",978,partial,Slovenia,Slovenia,,Homo sapiens,,"Korva,M., Knap,N., Rus,K.R., Fajs,L., Grubelnik,G., Bremec,M., Knapic,T., Trilar,T., Zupanc,T.A., Avsic-Zupanc,T.","University of Ljubljana, Faculty of Medicine, Institute of Microbiology and Immunology",Slovenia,1,2013-10-01,2014-10-01,ssRNA(-)
KF776851.1,GenBank,set:8f749095b8b34df74bdeeeda8a36d8c92ab291d5,,,,Orthohantavirus dobravaense,Orthohantavirus dobravaense,Orthohantavirus,Hantaviridae,,HtSi_273_p2008,S,"Dobrava-Belgrade virus isolate HtSi_273_p2008 nonfunctional nucleocapsid protein gene, partial sequence",959,partial,Slovenia,Slovenia,,Homo sapiens,,"Korva,M., Knap,N., Rus,K.R., Fajs,L., Grubelnik,G., Bremec,M., Knapic,T., Trilar,T., Zupanc,T.A., Avsic-Zupanc,T.","University of Ljubljana, Faculty of Medicine, Institute of Microbiology and Immunology",Slovenia,1,2013-10-01,2014-10-01,ssRNA(-)
KF776852.1,GenBank,set:577845e4778867c534b6422423918a83788923ef,,,,Orthohantavirus dobravaense,Orthohantavirus dobravaense,Orthohantavirus,Hantaviridae,Kurkino,HtSi_1096_a1995,S,"Dobrava-Belgrade virus isolate HtSi_1096_a1995 nucleocapsid protein gene, partial cds",889,partial,Slovenia,Slovenia,,Apodemus agrarius,,"Korva,M., Knap,N., Rus,K.R., Fajs,L., Grubelnik,G., Bremec,M., Knapic,T., Trilar,T., Zupanc,T.A., Avsic-Zupanc,T.","University of Ljubljana, Faculty of Medicine, Institute of Microbiology and Immunology",Slovenia,1,2013-10-01,2014-10-01,ssRNA(-)
KF776853.1,GenBank,set:c607fc55e10878b73cf699e0361c581d07a493bb,,,,Orthohantavirus dobravaense,Orthohantavirus dobravaense,Orthohantavirus,Hantaviridae,Kurkino,HtSi_1091_a1997,S,"Dobrava-Belgrade virus isolate HtSi_1091_a1997 nucleocapsid protein gene, partial cds",889,partial,Slovenia,Slovenia,,Apodemus agrarius,,"Korva,M., Knap,N., Rus,K.R., Fajs,L., Grubelnik,G., Bremec,M., Knapic,T., Trilar,T., Zupanc,T.A., Avsic-Zupanc,T.","University of Ljubljana, Faculty of Medicine, Institute of Microbiology and Immunology",Slovenia,1,2013-10-01,2014-10-01,ssRNA(-)
KF776882.1,GenBank,set:1be930b8c45f669e2fb21f993a63b9c1b0d5337f,,,,Orthohantavirus dobravaense,Orthohantavirus dobravaense,Orthohantavirus,Hantaviridae,Kurkino,HtSi_1012_a1997,S,"Dobrava-Belgrade virus isolate HtSi_1012_a1997 nucleocapsid protein gene, partial cds",805,partial,Slovenia,Slovenia,,Apodemus flavicollis,,"Korva,M., Knap,N., Rus,K.R., Fajs,L., Grubelnik,G., Bremec,M., Knapic,T., Trilar,T., Zupanc,T.A., Avsic-Zupanc,T.","University of Ljubljana, Faculty of Medicine, Institute of Microbiology and Immunology",Slovenia,1,2013-10-01,2014-10-01,ssRNA(-)
KJ425422.1,GenBank,set:302fb3e3ee8d4680241877f42598cdd4dfde74c8,,,,Orthohantavirus dobravaense,Orthohantavirus dobravaense,Orthohantavirus,Hantaviridae,,Mu05_0239,,"Dobrava-Belgrade virus isolate Mu05_0239 RNA-dependent RNA polymerase gene, partial cds",300,partial,Germany,Germany,,Apodemus agrarius,lung,"Hofmann,J., Meier,M., Enders,M., Fuhrer,A., Ettinger,J., Klempa,B., Schmidt,S., Ulrich,R.G., Kruger,D.H., Fuehrer,A.","Friedrich-Loeffler-Institut, Institute of Novel and Emerging Infectious Diseases",Germany,1,2002-10-29,2014-05-12,ssRNA(-)
KJ154956.1,GenBank,set:f7a5ef667b3c227897d2f2118b0b6357cd5bf116,,,,Orthohantavirus dobravaense,Orthohantavirus dobravaense,Orthohantavirus,Hantaviridae,,,L,"Dobrava-Belgrade virus strain KOS-1 RNA-dependent RNA polymerase (L) gene, partial cds",1871,partial,Kosovo,Kosovo,,Homo sapiens,blood,"Emmerich,P., Mueller,N., Heinemann,P., Rother,E., Jakupi,X., Borden,N., Guenther,S., Cadar,D., Schmidt-Chanasit,J.","Bernhard Nocht Institute for Tropical Medicine WHO Collaborating Centre for Arbovirus and Haemorrhagic Fever Reference and Rese, Division of Arbovirology",Germany,,2013,2014-05-11,ssRNA(-)
KJ154957.1,GenBank,set:f7a5ef667b3c227897d2f2118b0b6357cd5bf116,,,,Orthohantavirus dobravaense,Orthohantavirus dobravaense,Orthohantavirus,Hantaviridae,,,M,"Dobrava-Belgrade virus strain KOS-1 glycoprotein gene, partial cds",949,partial,Kosovo,Kosovo,,Homo sapiens,blood,"Emmerich,P., Mueller,N., Heinemann,P., Rother,E., Jakupi,X., Borden,N., Guenther,S., Cadar,D., Schmidt-Chanasit,J.","Bernhard Nocht Institute for Tropical Medicine WHO Collaborating Centre for Arbovirus and Haemorrhagic Fever Reference and Rese, Division of Arbovirology",Germany,,2013,2014-05-11,ssRNA(-)
KJ154958.1,GenBank,set:f7a5ef667b3c227897d2f2118b0b6357cd5bf116,,,,Orthohantavirus dobravaense,Orthohantavirus dobravaense,Orthohantavirus,Hantaviridae,,,S,"Dobrava-Belgrade virus strain KOS-1 nucleocapsid protein (N) gene, partial cds",943,partial,Kosovo,Kosovo,,Homo sapiens,blood,"Emmerich,P., Mueller,N., Heinemann,P., Rother,E., Jakupi,X., Borden,N., Guenther,S., Cadar,D., Schmidt-Chanasit,J.","Bernhard Nocht Institute for Tropical Medicine WHO Collaborating Centre for Arbovirus and Haemorrhagic Fever Reference and Rese, Division of Arbovirology",Germany,,2013,2014-05-11,ssRNA(-)
KJ182937.1,GenBank,set:3c54f18aefca765c55f831666e55a045f0bb3e9a,,,,Orthohantavirus dobravaense,Orthohantavirus dobravaense,Orthohantavirus,Hantaviridae,,,,"Dobrava-Belgrade virus strain Mu07_0293 RNA-dependent RNA polymerase gene, partial cds",377,partial,Germany,Germany,,Apodemus agrarius,lung,"Hofmann,J., Meier,M., Enders,M., Fuhrer,A., Ettinger,J., Klempa,B., Schmidt,S., Ulrich,R.G., Kruger,D.H., Fuehrer,A., Ulrich,R., Kruger,D.","Friedrich-Loeffler-Institut, Institute of Novel and Emerging Infectious Diseases",Germany,1,2006-09-30,2014-05-05,ssRNA(-)
KJ182938.1,GenBank,set:29b0a06a0249db2834666f5788b7d19cfd488874,,,,Orthohantavirus dobravaense,Orthohantavirus dobravaense,Orthohantavirus,Hantaviridae,,,,"Dobrava-Belgrade virus strain Mu08_0118 RNA-dependent RNA polymerase gene, partial cds",375,partial,Germany,Germany,,Apodemus agrarius,lung,"Hofmann,J., Meier,M., Enders,M., Fuhrer,A., Ettinger,J., Klempa,B., Schmidt,S., Ulrich,R.G., Kruger,D.H., Fuehrer,A., Ulrich,R., Kruger,D.","Friedrich-Loeffler-Institut, Institute of Novel and Emerging Infectious Diseases",Germany,1,2008-02-12,2014-05-05,ssRNA(-)
KJ437510.1,GenBank,set:69b1f42452515e5ae7fdba25e2a0eb2d67056bd4,,,,Orthohantavirus dobravaense,Orthohantavirus dobravaense,Orthohantavirus,Hantaviridae,,DOBV_RAV71S,,"Dobrava-Belgrade virus isolate DOBV_RAV71S nucleocapsid protein gene, partial cds",501,partial,Serbia,Serbia,,Apodemus agrarius,,"Stanojevic,M., Nikolic,V., Stajkovic,N., Stamenkovic,G., Bozovic,B., Cekanac,R., Marusic,P., Gligic,A., Jovanovic,N., Krstic,M., Mladenovic,J.","Institute of Microbiology and Immunology, Virology Department",Serbia,,2007,2014-04-27,ssRNA(-)
KJ437511.1,GenBank,set:61cb879b31f5595ed08a706391c5804114750d02,,,,Orthohantavirus dobravaense,Orthohantavirus dobravaense,Orthohantavirus,Hantaviridae,,DOBV_RAV69S,,"Dobrava-Belgrade virus isolate DOBV_RAV69S nucleocapsid protein gene, partial cds",501,partial,Serbia,Serbia,,Glis glis,,"Stanojevic,M., Nikolic,V., Stajkovic,N., Stamenkovic,G., Bozovic,B., Cekanac,R., Marusic,P., Gligic,A., Jovanovic,N., Krstic,M., Mladenovic,J.","Institute of Microbiology and Immunology, Virology Department",Serbia,,2007,2014-04-27,ssRNA(-)
KF536031.1,GenBank,set:8fdb7f1adb6a337450e4d243f8b37e78840e4327,,,,Orthohantavirus dobravaense,Orthohantavirus dobravaense,Orthohantavirus,Hantaviridae,,,L,"Dobrava-Belgrade virus strain Stockelsdorf/H90/08 segment L RNA-dependent RNA polymerase gene, partial cds",347,partial,Germany,Germany,,Homo sapiens,blood,"Hofmann,J., Meier,M., Enders,M., Fuhrer,A., Ettinger,J., Klempa,B., Schmidt,S., Ulrich,R.G., Kruger,D.H.","Charite Medical School, Institute of Medical Virology",Germany,1,2008,2014-02-08,ssRNA(-)
KF536032.1,GenBank,set:e77e96661010da84e44298fbf4057ec85d4d7f55,,,,Orthohantavirus dobravaense,Orthohantavirus dobravaense,Orthohantavirus,Hantaviridae,,,L,"Dobrava-Belgrade virus strain Westergellersen/H91/08 segment L RNA-dependent RNA polymerase gene, partial cds",347,partial,Germany,Germany,,Homo sapiens,blood,"Hofmann,J., Meier,M., Enders,M., Fuhrer,A., Ettinger,J., Klempa,B., Schmidt,S., Ulrich,R.G., Kruger,D.H.","Charite Medical School, Institute of Medical Virology",Germany,1,2008,2014-02-08,ssRNA(-)
KF536033.1,GenBank,set:6829f89b64727f71bf689245d927dcd7c4a33c5e,,,,Orthohantavirus dobravaense,Orthohantavirus dobravaense,Orthohantavirus,Hantaviridae,,,L,"Dobrava-Belgrade virus strain Neuruppin/H431/10 segment L RNA-dependent RNA polymerase gene, partial cds",347,partial,Germany,Germany,,Homo sapiens,blood,"Hofmann,J., Meier,M., Enders,M., Fuhrer,A., Ettinger,J., Klempa,B., Schmidt,S., Ulrich,R.G., Kruger,D.H.","Charite Medical School, Institute of Medical Virology",Germany,1,2010,2014-02-08,ssRNA(-)
KF536034.1,GenBank,set:6829f89b64727f71bf689245d927dcd7c4a33c5e,,,,Orthohantavirus dobravaense,Orthohantavirus dobravaense,Orthohantavirus,Hantaviridae,,,M,"Dobrava-Belgrade virus strain Neuruppin/H431/10 segment M glycoprotein precursor, gene, partial cds",271,partial,Germany,Germany,,Homo sapiens,blood,"Hofmann,J., Meier,M., Enders,M., Fuhrer,A., Ettinger,J., Klempa,B., Schmidt,S., Ulrich,R.G., Kruger,D.H.","Charite Medical School, Institute of Medical Virology",Germany,1,2010,2014-02-08,ssRNA(-)
KF536035.1,GenBank,set:b76411ee85a2bfb4abdc2582228684f60ad09f49,,,,Orthohantavirus dobravaense,Orthohantavirus dobravaense,Orthohantavirus,Hantaviridae,,,L,"Dobrava-Belgrade virus strain Richtenberg/H827/12 segment L RNA-dependent RNA polymerase gene, partial cds",300,partial,Germany,Germany,,Homo sapiens,blood,"Hofmann,J., Meier,M., Enders,M., Fuhrer,A., Ettinger,J., Klempa,B., Schmidt,S., Ulrich,R.G., Kruger,D.H.","Charite Medical School, Institute of Medical Virology",Germany,1,2012,2014-02-08,ssRNA(-)
KF615886.1,GenBank,set:fc57c67768eb2b16f42520317db7604d0067000a,,,,Orthohantavirus dobravaense,Orthohantavirus dobravaense,Orthohantavirus,Hantaviridae,,DOB/100/09/TUR,,"Dobrava-Belgrade virus isolate DOB/100/09/TUR nucleocapsid (N) gene, partial cds",749,partial,Turkey,Turkey,,Rodentia,,"Oktem,I.M., Uyar,Y., Dincer,E., Gozalan,A., Schlegel,M., Babur,C., Celebi,B., Sozen,M., Karatas,A., Ozkazanc,N.K., Matur,F., Korukluoglu,G., Ulrich,R.G., Ertek,M., Ozkul,A., Oktem,M.A.","Dokuz Eylul University, Faculty of Medicine, Department of Medical Microbiology",Turkey,1,2009-12-14,2013-12-02,ssRNA(-)
KF615887.1,GenBank,set:ccd26651babd8ef91bd24339cfb123f1fb9e98c4,,,,Orthohantavirus dobravaense,Orthohantavirus dobravaense,Orthohantavirus,Hantaviridae,,DOB/142/09/TUR,,"Dobrava-Belgrade virus isolate DOB/142/09/TUR nucleocapsid (N) gene, partial cds",748,partial,Turkey,Turkey,,Rodentia,,"Oktem,I.M., Uyar,Y., Dincer,E., Gozalan,A., Schlegel,M., Babur,C., Celebi,B., Sozen,M., Karatas,A., Ozkazanc,N.K., Matur,F., Korukluoglu,G., Ulrich,R.G., Ertek,M., Ozkul,A., Oktem,M.A.","Dokuz Eylul University, Faculty of Medicine, Department of Medical Microbiology",Turkey,1,2009-12-14,2013-12-02,ssRNA(-)
KF615888.1,GenBank,set:35a6de4279e46ed17337c33dbae4f6eeb4fe1790,,,,Orthohantavirus dobravaense,Orthohantavirus dobravaense,Orthohantavirus,Hantaviridae,,DOB/106/09/TUR,,"Dobrava-Belgrade virus isolate DOB/106/09/TUR nucleocapsid (N) gene, partial cds",748,partial,Turkey,Turkey,,Rodentia,,"Oktem,I.M., Uyar,Y., Dincer,E., Gozalan,A., Schlegel,M., Babur,C., Celebi,B., Sozen,M., Karatas,A., Ozkazanc,N.K., Matur,F., Korukluoglu,G., Ulrich,R.G., Ertek,M., Ozkul,A., Oktem,M.A.","Dokuz Eylul University, Faculty of Medicine, Department of Medical Microbiology",Turkey,1,2009-12-14,2013-12-02,ssRNA(-)
KF615889.1,GenBank,set:02ad23b4a0779a060e1d5bfbd461d041688ad156,,,,Orthohantavirus dobravaense,Orthohantavirus dobravaense,Orthohantavirus,Hantaviridae,,DOB/102/09/TUR,,"Dobrava-Belgrade virus isolate DOB/102/09/TUR nucleocapsid (N) gene, partial cds",754,partial,Turkey,Turkey,,Rodentia,,"Oktem,I.M., Uyar,Y., Dincer,E., Gozalan,A., Schlegel,M., Babur,C., Celebi,B., Sozen,M., Karatas,A., Ozkazanc,N.K., Matur,F., Korukluoglu,G., Ulrich,R.G., Ertek,M., Ozkul,A., Oktem,M.A.","Dokuz Eylul University, Faculty of Medicine, Department of Medical Microbiology",Turkey,1,2009-12-14,2013-12-02,ssRNA(-)
KF615890.1,GenBank,set:7042bf9425a37e10d78469ddbfbc7322a3bf97e4,,,,Orthohantavirus dobravaense,Orthohantavirus dobravaense,Orthohantavirus,Hantaviridae,,DOB/134/09/TUR,,"Dobrava-Belgrade virus isolate DOB/134/09/TUR nucleocapsid (N) gene, partial cds",758,partial,Turkey,Turkey,,Rodentia,,"Oktem,I.M., Uyar,Y., Dincer,E., Gozalan,A., Schlegel,M., Babur,C., Celebi,B., Sozen,M., Karatas,A., Ozkazanc,N.K., Matur,F., Korukluoglu,G., Ulrich,R.G., Ertek,M., Ozkul,A., Oktem,M.A.","Dokuz Eylul University, Faculty of Medicine, Department of Medical Microbiology",Turkey,1,2009-12-14,2013-12-02,ssRNA(-)
KF615891.1,GenBank,set:e5f4d94a2200fc30c7f69a515f4a494525bb74f7,,,,Orthohantavirus dobravaense,Orthohantavirus dobravaense,Orthohantavirus,Hantaviridae,,DOB/151/09/TUR,,"Dobrava-Belgrade virus isolate DOB/151/09/TUR nucleocapsid (N) gene, partial cds",756,partial,Turkey,Turkey,,Rodentia,,"Oktem,I.M., Uyar,Y., Dincer,E., Gozalan,A., Schlegel,M., Babur,C., Celebi,B., Sozen,M., Karatas,A., Ozkazanc,N.K., Matur,F., Korukluoglu,G., Ulrich,R.G., Ertek,M., Ozkul,A., Oktem,M.A.","Dokuz Eylul University, Faculty of Medicine, Department of Medical Microbiology",Turkey,1,2009-12-14,2013-12-02,ssRNA(-)
KF615892.1,GenBank,set:c711109a8104f99d53c6ffc1817aa89471fc810c,,,,Orthohantavirus dobravaense,Orthohantavirus dobravaense,Orthohantavirus,Hantaviridae,,DOB/25/09/TUR,,"Dobrava-Belgrade virus isolate DOB/25/09/TUR nucleocapsid (N) gene, partial cds",747,partial,Turkey,Turkey,,Rodentia,,"Oktem,I.M., Uyar,Y., Dincer,E., Gozalan,A., Schlegel,M., Babur,C., Celebi,B., Sozen,M., Karatas,A., Ozkazanc,N.K., Matur,F., Korukluoglu,G., Ulrich,R.G., Ertek,M., Ozkul,A., Oktem,M.A.","Dokuz Eylul University, Faculty of Medicine, Department of Medical Microbiology",Turkey,1,2009-12-14,2013-12-02,ssRNA(-)
KF615893.1,GenBank,set:afd974377c861663ca7157750777010d36608ccf,,,,Orthohantavirus dobravaense,Orthohantavirus dobravaense,Orthohantavirus,Hantaviridae,,DOB/78/09/TUR,,"Dobrava-Belgrade virus isolate DOB/78/09/TUR nucleocapsid (N) gene, partial cds",726,partial,Turkey,Turkey,,Rodentia,,"Oktem,I.M., Uyar,Y., Dincer,E., Gozalan,A., Schlegel,M., Babur,C., Celebi,B., Sozen,M., Karatas,A., Ozkazanc,N.K., Matur,F., Korukluoglu,G., Ulrich,R.G., Ertek,M., Ozkul,A., Oktem,M.A.","Dokuz Eylul University, Faculty of Medicine, Department of Medical Microbiology",Turkey,1,2009-12-14,2013-12-02,ssRNA(-)
KF615894.1,GenBank,set:3f4cf9585a645986910f4e68b9431fe13d757f08,,,,Orthohantavirus dobravaense,Orthohantavirus dobravaense,Orthohantavirus,Hantaviridae,,DOB/124/09/TUR,,"Dobrava-Belgrade virus isolate DOB/124/09/TUR nucleocapsid (N) gene, partial cds",732,partial,Turkey,Turkey,,Rodentia,,"Oktem,I.M., Uyar,Y., Dincer,E., Gozalan,A., Schlegel,M., Babur,C., Celebi,B., Sozen,M., Karatas,A., Ozkazanc,N.K., Matur,F., Korukluoglu,G., Ulrich,R.G., Ertek,M., Ozkul,A., Oktem,M.A.","Dokuz Eylul University, Faculty of Medicine, Department of Medical Microbiology",Turkey,1,2009-12-14,2013-12-02,ssRNA(-)
KF615895.1,GenBank,set:164f7a72fe27171eaa89a2a38c191db87242dbad,,,,Orthohantavirus dobravaense,Orthohantavirus dobravaense,Orthohantavirus,Hantaviridae,,DOB/178/09/TUR,,"Dobrava-Belgrade virus isolate DOB/178/09/TUR nucleocapsid (N) gene, partial cds",721,partial,Turkey,Turkey,,Rodentia,,"Oktem,I.M., Uyar,Y., Dincer,E., Gozalan,A., Schlegel,M., Babur,C., Celebi,B., Sozen,M., Karatas,A., Ozkazanc,N.K., Matur,F., Korukluoglu,G., Ulrich,R.G., Ertek,M., Ozkul,A., Oktem,M.A.","Dokuz Eylul University, Faculty of Medicine, Department of Medical Microbiology",Turkey,1,2009-12-14,2013-12-02,ssRNA(-)
KF615896.1,GenBank,set:9a7a0f793803af62b0793b819569d61a3f1cbee9,,,,Orthohantavirus dobravaense,Orthohantavirus dobravaense,Orthohantavirus,Hantaviridae,,DOB/123/09/TUR,,"Dobrava-Belgrade virus isolate DOB/123/09/TUR nucleocapsid (N) gene, partial cds",724,partial,Turkey,Turkey,,Rodentia,,"Oktem,I.M., Uyar,Y., Dincer,E., Gozalan,A., Schlegel,M., Babur,C., Celebi,B., Sozen,M., Karatas,A., Ozkazanc,N.K., Matur,F., Korukluoglu,G., Ulrich,R.G., Ertek,M., Ozkul,A., Oktem,M.A.","Dokuz Eylul University, Faculty of Medicine, Department of Medical Microbiology",Turkey,1,2009-12-14,2013-12-02,ssRNA(-)
KF615897.1,GenBank,set:0a7050de626946bc4e98a7a6a19da2ac6c6ccce8,,,,Orthohantavirus dobravaense,Orthohantavirus dobravaense,Orthohantavirus,Hantaviridae,,DOB/180/09/TUR,,"Dobrava-Belgrade virus isolate DOB/180/09/TUR nucleocapsid (N) gene, partial cds",703,partial,Turkey,Turkey,,Rodentia,,"Oktem,I.M., Uyar,Y., Dincer,E., Gozalan,A., Schlegel,M., Babur,C., Celebi,B., Sozen,M., Karatas,A., Ozkazanc,N.K., Matur,F., Korukluoglu,G., Ulrich,R.G., Ertek,M., Ozkul,A., Oktem,M.A.","Dokuz Eylul University, Faculty of Medicine, Department of Medical Microbiology",Turkey,1,2009-12-14,2013-12-02,ssRNA(-)
KF615898.1,GenBank,set:96000f094ae329e0d4a6e3d2b56879b593583889,,,,Orthohantavirus dobravaense,Orthohantavirus dobravaense,Orthohantavirus,Hantaviridae,,DOB/94/09/TUR,,"Dobrava-Belgrade virus isolate DOB/94/09/TUR nucleocapsid (N) gene, partial cds",699,partial,Turkey,Turkey,,Rodentia,,"Oktem,I.M., Uyar,Y., Dincer,E., Gozalan,A., Schlegel,M., Babur,C., Celebi,B., Sozen,M., Karatas,A., Ozkazanc,N.K., Matur,F., Korukluoglu,G., Ulrich,R.G., Ertek,M., Ozkul,A., Oktem,M.A.","Dokuz Eylul University, Faculty of Medicine, Department of Medical Microbiology",Turkey,1,2009-12-14,2013-12-02,ssRNA(-)
KF615899.1,GenBank,set:21ee7484c705a62ab01368c8c9509016f5a7d344,,,,Orthohantavirus dobravaense,Orthohantavirus dobravaense,Orthohantavirus,Hantaviridae,,DOB/177/09/TUR,,"Dobrava-Belgrade virus isolate DOB/177/09/TUR nucleocapsid (N) gene, partial cds",696,partial,Turkey,Turkey,,Rodentia,,"Oktem,I.M., Uyar,Y., Dincer,E., Gozalan,A., Schlegel,M., Babur,C., Celebi,B., Sozen,M., Karatas,A., Ozkazanc,N.K., Matur,F., Korukluoglu,G., Ulrich,R.G., Ertek,M., Ozkul,A., Oktem,M.A.","Dokuz Eylul University, Faculty of Medicine, Department of Medical Microbiology",Turkey,1,2009-12-14,2013-12-02,ssRNA(-)
KF615900.1,GenBank,set:2fec1cc7ac77d954be428ff7e51fce39c1d80427,,,,Orthohantavirus dobravaense,Orthohantavirus dobravaense,Orthohantavirus,Hantaviridae,,DOB/162/09/TUR,,"Dobrava-Belgrade virus isolate DOB/162/09/TUR nucleocapsid (N) gene, partial cds",683,partial,Turkey,Turkey,,Rodentia,,"Oktem,I.M., Uyar,Y., Dincer,E., Gozalan,A., Schlegel,M., Babur,C., Celebi,B., Sozen,M., Karatas,A., Ozkazanc,N.K., Matur,F., Korukluoglu,G., Ulrich,R.G., Ertek,M., Ozkul,A., Oktem,M.A.","Dokuz Eylul University, Faculty of Medicine, Department of Medical Microbiology",Turkey,1,2009-12-14,2013-12-02,ssRNA(-)
KF615901.1,GenBank,set:76edda37ebd4cf14855fb97871b376a47fa9d7dc,,,,Orthohantavirus dobravaense,Orthohantavirus dobravaense,Orthohantavirus,Hantaviridae,,DOB/95/09/TUR,,"Dobrava-Belgrade virus isolate DOB/95/09/TUR nucleocapsid (N) gene, partial cds",692,partial,Turkey,Turkey,,Rodentia,,"Oktem,I.M., Uyar,Y., Dincer,E., Gozalan,A., Schlegel,M., Babur,C., Celebi,B., Sozen,M., Karatas,A., Ozkazanc,N.K., Matur,F., Korukluoglu,G., Ulrich,R.G., Ertek,M., Ozkul,A., Oktem,M.A.","Dokuz Eylul University, Faculty of Medicine, Department of Medical Microbiology",Turkey,1,2009-12-14,2013-12-02,ssRNA(-)
KF615902.1,GenBank,set:e4403987ce8bc6335b6061358de12b789a79e215,,,,Orthohantavirus dobravaense,Orthohantavirus dobravaense,Orthohantavirus,Hantaviridae,,DOB/121/09/TUR,,"Dobrava-Belgrade virus isolate DOB/121/09/TUR nucleocapsid (N) gene, partial cds",691,partial,Turkey,Turkey,,Rodentia,,"Oktem,I.M., Uyar,Y., Dincer,E., Gozalan,A., Schlegel,M., Babur,C., Celebi,B., Sozen,M., Karatas,A., Ozkazanc,N.K., Matur,F., Korukluoglu,G., Ulrich,R.G., Ertek,M., Ozkul,A., Oktem,M.A.","Dokuz Eylul University, Faculty of Medicine, Department of Medical Microbiology",Turkey,1,2009-12-14,2013-12-02,ssRNA(-)
KF615903.1,GenBank,set:162c3ae56703ad97a41f012b20af27301c804eec,,,,Orthohantavirus dobravaense,Orthohantavirus dobravaense,Orthohantavirus,Hantaviridae,,DOB/130/09/TUR,,"Dobrava-Belgrade virus isolate DOB/130/09/TUR nucleocapsid (N) gene, partial cds",660,partial,Turkey,Turkey,,Rodentia,,"Oktem,I.M., Uyar,Y., Dincer,E., Gozalan,A., Schlegel,M., Babur,C., Celebi,B., Sozen,M., Karatas,A., Ozkazanc,N.K., Matur,F., Korukluoglu,G., Ulrich,R.G., Ertek,M., Ozkul,A., Oktem,M.A.","Dokuz Eylul University, Faculty of Medicine, Department of Medical Microbiology",Turkey,1,2009-12-14,2013-12-02,ssRNA(-)
KF615904.1,GenBank,set:c8d47238d2cc5fda91004703edc55a447fc0992a,,,,Orthohantavirus dobravaense,Orthohantavirus dobravaense,Orthohantavirus,Hantaviridae,,DOB/139/09/TUR,,"Dobrava-Belgrade virus isolate DOB/139/09/TUR nucleocapsid (N) gene, partial cds",659,partial,Turkey,Turkey,,Rodentia,,"Oktem,I.M., Uyar,Y., Dincer,E., Gozalan,A., Schlegel,M., Babur,C., Celebi,B., Sozen,M., Karatas,A., Ozkazanc,N.K., Matur,F., Korukluoglu,G., Ulrich,R.G., Ertek,M., Ozkul,A., Oktem,M.A.","Dokuz Eylul University, Faculty of Medicine, Department of Medical Microbiology",Turkey,1,2009-12-14,2013-12-02,ssRNA(-)
KF615905.1,GenBank,set:d07a7e7e86b1f89e16ba5504cf40a97178edc3da,,,,Orthohantavirus dobravaense,Orthohantavirus dobravaense,Orthohantavirus,Hantaviridae,,DOB/169/09/TUR,,"Dobrava-Belgrade virus isolate DOB/169/09/TUR nucleocapsid (N) gene, partial cds",658,partial,Turkey,Turkey,,Rodentia,,"Oktem,I.M., Uyar,Y., Dincer,E., Gozalan,A., Schlegel,M., Babur,C., Celebi,B., Sozen,M., Karatas,A., Ozkazanc,N.K., Matur,F., Korukluoglu,G., Ulrich,R.G., Ertek,M., Ozkul,A., Oktem,M.A.","Dokuz Eylul University, Faculty of Medicine, Department of Medical Microbiology",Turkey,1,2009-12-14,2013-12-02,ssRNA(-)
KF615906.1,GenBank,set:50dc711423ae43e2b63f3d3a4b21a99d2ffe0091,,,,Orthohantavirus dobravaense,Orthohantavirus dobravaense,Orthohantavirus,Hantaviridae,,DOB/137/09/TUR,,"Dobrava-Belgrade virus isolate DOB/137/09/TUR nucleocapsid (N) gene, partial cds",646,partial,Turkey,Turkey,,Rodentia,,"Oktem,I.M., Uyar,Y., Dincer,E., Gozalan,A., Schlegel,M., Babur,C., Celebi,B., Sozen,M., Karatas,A., Ozkazanc,N.K., Matur,F., Korukluoglu,G., Ulrich,R.G., Ertek,M., Ozkul,A., Oktem,M.A.","Dokuz Eylul University, Faculty of Medicine, Department of Medical Microbiology",Turkey,1,2009-12-14,2013-12-02,ssRNA(-)
KF425493.1,GenBank,set:35f8ea231942ecc3fee462f26ab8e0b1985d315e,,,,Orthohantavirus dobravaense,Orthohantavirus dobravaense,Orthohantavirus,Hantaviridae,,,S,"Dobrava-Belgrade virus strain ST-RS1 nucleocapsid protein (N) gene, partial cds",789,partial,Serbia,Serbia,,Apodemus flavicollis,,"Stamenkovic,G., Nikolic,V., Vujosevic,M., Blagojevic,J., Bugarski Stanojevic,V., Adnadjevic,T., Stanojevic,M., Siljic,M.","Institute for Biological Research 'Sinisa Stankovic', Genetics",,,2008,2013-11-24,ssRNA(-)
KF425494.1,GenBank,set:24a9fdc0aa7a01f22cf16eae15240008037787a1,,,,Orthohantavirus dobravaense,Orthohantavirus dobravaense,Orthohantavirus,Hantaviridae,,,S,"Dobrava-Belgrade virus strain ST-RS3 nucleocapsid protein (N) gene, partial cds",789,partial,Serbia,Serbia,,Apodemus flavicollis,,"Stamenkovic,G., Nikolic,V., Vujosevic,M., Blagojevic,J., Bugarski Stanojevic,V., Adnadjevic,T., Stanojevic,M., Siljic,M.","Institute for Biological Research 'Sinisa Stankovic', Genetics",,,2008,2013-11-24,ssRNA(-)
KF425495.1,GenBank,set:87da8af9984314bf8cbafa73430fd1df8daf6070,,,,Orthohantavirus dobravaense,Orthohantavirus dobravaense,Orthohantavirus,Hantaviridae,,,L,"Dobrava-Belgrade virus strain LT-RS1 RNA-dependent RNA polymerase (L) gene, partial cds",333,partial,Serbia,Serbia,,Apodemus flavicollis,,"Stamenkovic,G., Nikolic,V., Vujosevic,M., Blagojevic,J., Bugarski Stanojevic,V., Adnadjevic,T., Stanojevic,M., Siljic,M.","Institute for Biological Research 'Sinisa Stankovic', Genetics",,,2008,2013-11-24,ssRNA(-)
KF425496.2,GenBank,set:312d96f2039c0426cfb77bc350a241c59811eb84,,,,Orthohantavirus dobravaense,Orthohantavirus dobravaense,Orthohantavirus,Hantaviridae,,,L,"Dobrava-Belgrade virus strain LT-RS2 RNA-dependent RNA polymerase (L) gene, partial cds",333,partial,Serbia,Serbia,,Apodemus flavicollis,,"Stamenkovic,G., Nikolic,V., Vujosevic,M., Blagojevic,J., Bugarski Stanojevic,V., Adnadjevic,T., Stanojevic,M., Siljic,M.","Institute for Biological Research 'Sinisa Stankovic', Genetics",,,2008,2013-11-24,ssRNA(-)
KF425497.1,GenBank,set:c4a71155924e8275930b438559abd9affc1ee106,,,,Orthohantavirus dobravaense,Orthohantavirus dobravaense,Orthohantavirus,Hantaviridae,,,L,"Dobrava-Belgrade virus strain LT-RS3 RNA-dependent RNA polymerase (L) gene, partial cds",327,partial,Serbia,Serbia,,Apodemus flavicollis,,"Stamenkovic,G., Nikolic,V., Vujosevic,M., Blagojevic,J., Bugarski Stanojevic,V., Adnadjevic,T., Stanojevic,M., Siljic,M.","Institute for Biological Research 'Sinisa Stankovic', Genetics",,,2008,2013-11-24,ssRNA(-)
KF039738.1,GenBank,set:04cd5ad43bc868613cd17ab4371f1eb41614be7d,,,,Orthohantavirus dobravaense,Orthohantavirus dobravaense,Orthohantavirus,Hantaviridae,,,M,"Dobrava-Belgrade virus strain Istanbul/H56/10 glycoprotein precursor, gene, partial cds",271,partial,Turkey,Turkey,,Homo sapiens,blood,"Ettinger,J., Hofmann,J., Sariguezel,N., Canpolat,A.T., Tuerk,A., Atmaca,D., Akyar,I., Yuecel,S., Arikan,E., Uyar,Y., Caglayik,D.Y., Kocagoez,A.S., Kaya,A., Kruger,D.H.","Charite Medical School, Institute of Medical Virology",Germany,,2010,2013-09-02,ssRNA(-)
KF039739.1,GenBank,set:04cd5ad43bc868613cd17ab4371f1eb41614be7d,,,,Orthohantavirus dobravaense,Orthohantavirus dobravaense,Orthohantavirus,Hantaviridae,,,S,"Dobrava-Belgrade virus strain Istanbul/H56/10 nucleocapsid protein gene, partial cds",1033,partial,Turkey,Turkey,,Homo sapiens,blood,"Ettinger,J., Hofmann,J., Sariguezel,N., Canpolat,A.T., Tuerk,A., Atmaca,D., Akyar,I., Yuecel,S., Arikan,E., Uyar,Y., Caglayik,D.Y., Kocagoez,A.S., Kaya,A., Kruger,D.H.","Charite Medical School, Institute of Medical Virology",Germany,,2010,2013-09-02,ssRNA(-)
KF039740.1,GenBank,set:04cd5ad43bc868613cd17ab4371f1eb41614be7d,,,,Orthohantavirus dobravaense,Orthohantavirus dobravaense,Orthohantavirus,Hantaviridae,,,L,"Dobrava-Belgrade virus strain Istanbul/H56/10 RNA-dependent polymerase gene, partial cds",347,partial,Turkey,Turkey,,Homo sapiens,blood,"Ettinger,J., Hofmann,J., Sariguezel,N., Canpolat,A.T., Tuerk,A., Atmaca,D., Akyar,I., Yuecel,S., Arikan,E., Uyar,Y., Caglayik,D.Y., Kocagoez,A.S., Kaya,A., Kruger,D.H.","Charite Medical School, Institute of Medical Virology",Germany,,2010,2013-09-02,ssRNA(-)
KF177176.1,GenBank,set:44ac4231643496ffb6b25ccf90923b9b6ccf8eb5,,,,Orthohantavirus dobravaense,Orthohantavirus dobravaense,Orthohantavirus,Hantaviridae,,,L,"Dobrava-Belgrade virus strain DOBV_RAV69 RNA-dependent RNA polymerase (L) gene, partial cds",312,partial,Serbia,Serbia,,Glis glis,,"Stanojevic,M., Stajkovic,N., Nikolic,V., Stamenkovic,G., Bozovic,B., Cekanac,R., Jovanovic,N., Marusic,P., Krstic,M., Mladenovic,J., Gligic,A.","Institute of Microbiology and Immunology, Virology Department",Serbia,,2007,2013-08-19,ssRNA(-)
KF177177.1,GenBank,set:cb8a556c8fded0cabeeeca1e8437d93f1b8d84b2,,,,Orthohantavirus dobravaense,Orthohantavirus dobravaense,Orthohantavirus,Hantaviridae,,,L,"Dobrava-Belgrade virus strain DOBV_RAV71 RNA-dependent RNA polymerase (L) gene, partial cds",312,partial,Serbia,Serbia,,Apodemus agrarius,,"Stanojevic,M., Stajkovic,N., Nikolic,V., Stamenkovic,G., Bozovic,B., Cekanac,R., Jovanovic,N., Marusic,P., Krstic,M., Mladenovic,J., Gligic,A.","Institute of Microbiology and Immunology, Virology Department",Serbia,,2007,2013-08-19,ssRNA(-)
KC848494.1,GenBank,set:4dcd14e2fd729522950d1fbda12a0b6ac782b6a9,,,,Orthohantavirus dobravaense,Orthohantavirus dobravaense,Orthohantavirus,Hantaviridae,,,,"Dobrava-Belgrade virus strain DOB/Pecs/210Af/07 nucleocapsid gene, complete cds",1290,partial,Hungary,Hungary,,Apodemus flavicollis,lung,"Nemeth,V.","Janos Szentagothai Research Center, University of Pecs",Hungary,,2007,2013-07-24,ssRNA(-)
KC848495.1,GenBank,set:864f165d7b29367f0273eb13742cc4a6174c1bf0,,,,Orthohantavirus dobravaense,Orthohantavirus dobravaense,Orthohantavirus,Hantaviridae,,,,"Dobrava-Belgrade virus strain DOB/Gola/235Af/07 nucleocapsid gene, complete cds",1290,partial,Hungary,Hungary,,Apodemus flavicollis,lung,"Nemeth,V.","Janos Szentagothai Research Center, University of Pecs",Hungary,,2007,2013-07-24,ssRNA(-)
KC848496.1,GenBank,set:03fca74c198bd63b34bd0f406b2ad83e3bc36685,,,,Orthohantavirus dobravaense,Orthohantavirus dobravaense,Orthohantavirus,Hantaviridae,,,,"Dobrava-Belgrade virus strain DOB/Gola/242Af/07 nucleocapsid gene, complete cds",1290,partial,Hungary,Hungary,,Apodemus flavicollis,lung,"Nemeth,V.","Janos Szentagothai Research Center, University of Pecs",Hungary,,2007,2013-07-24,ssRNA(-)
KC848497.1,GenBank,set:cf08773dc965e886e09d6332751c2d4e186c8cf5,,,,Orthohantavirus dobravaense,Orthohantavirus dobravaense,Orthohantavirus,Hantaviridae,,,,"Dobrava-Belgrade virus strain DOB/Gola/291Af/07 nucleocapsid gene, complete cds",1290,partial,Hungary,Hungary,,Apodemus flavicollis,lung,"Nemeth,V.","Janos Szentagothai Research Center, University of Pecs",Hungary,,2007,2013-07-24,ssRNA(-)
KC848498.1,GenBank,set:53a311babc3ffcc6008bdea5fbb71f8d16e48686,,,,Orthohantavirus dobravaense,Orthohantavirus dobravaense,Orthohantavirus,Hantaviridae,,,,"Dobrava-Belgrade virus strain DOB/Gola/343Af/07 nucleocapsid gene, complete cds",1290,partial,Hungary,Hungary,,Apodemus flavicollis,lung,"Nemeth,V.","Janos Szentagothai Research Center, University of Pecs",Hungary,,2007,2013-07-24,ssRNA(-)
KC848499.1,GenBank,set:36f9ad559d14c2595c038737f3eab865c0ecb003,,,,Orthohantavirus dobravaense,Orthohantavirus dobravaense,Orthohantavirus,Hantaviridae,,,,"Dobrava-Belgrade virus strain DOB/Pecs/27Aa/06 nucleocapsid gene, complete cds",1290,partial,Hungary,Hungary,,Apodemus agrarius,lung,"Nemeth,V.","Janos Szentagothai Research Center, University of Pecs",Hungary,,2006,2013-07-24,ssRNA(-)
KC848500.1,GenBank,set:a39dfbbe764b5f2a6616c6e7eb824b60900f1650,,,,Orthohantavirus dobravaense,Orthohantavirus dobravaense,Orthohantavirus,Hantaviridae,,,,"Dobrava-Belgrade virus strain DOB/Pecs/31Aa/06 nucleocapsid gene, complete cds",1290,partial,Hungary,Hungary,,Apodemus agrarius,lung,"Nemeth,V.","Janos Szentagothai Research Center, University of Pecs",Hungary,,2006,2013-07-24,ssRNA(-)
KC848501.1,GenBank,set:10b113dc4177a329a4d6c60bf2fb5ec610796c59,,,,Orthohantavirus dobravaense,Orthohantavirus dobravaense,Orthohantavirus,Hantaviridae,,,,"Dobrava-Belgrade virus strain DOB/Sarmellek/77Aa/06 nucleocapsid gene, complete cds",1290,partial,Hungary,Hungary,,Apodemus agrarius,lung,"Nemeth,V.","Janos Szentagothai Research Center, University of Pecs",Hungary,,2006,2013-07-24,ssRNA(-)
KC676589.1,GenBank,set:56b8d1aebad2947bb8411a46ee37b0b81e9566c9,,,,Orthohantavirus dobravaense,Orthohantavirus dobravaense,Orthohantavirus,Hantaviridae,,,S,"Dobrava-Belgrade virus strain DOBV/Croatia_Gerovo/Af882/2008 nucleocapsid protein (N) gene, complete cds",1567,partial,Croatia,Croatia,,Apodemus flavicollis,heart,"Svoboda,P., Dobler,G., Markotic,A., Kurolt,I.C., Speck,S., Habus,J., Vucelja,M., Krajinovic,L.C., Tadin,A., Margaletic,J., Essbauer,S., Kurolt,I.-C., Cvetko Krajinovic,L.","University Hospital for Infectious Diseases ""Dr. Fran Mihaljevic"", Research Department",Croatia,1,2008,2013-06-25,ssRNA(-)
KC676590.1,GenBank,set:db629556b7462ee8c28dc1bc4f23b78cda47fde6,,,,Orthohantavirus dobravaense,Orthohantavirus dobravaense,Orthohantavirus,Hantaviridae,,,S,"Dobrava-Belgrade virus strain DOBV/Croatia_Gerovo/Af894/2008 nucleocapsid protein (N) gene, complete cds",1553,partial,Croatia,Croatia,,Apodemus flavicollis,heart,"Svoboda,P., Dobler,G., Markotic,A., Kurolt,I.C., Speck,S., Habus,J., Vucelja,M., Krajinovic,L.C., Tadin,A., Margaletic,J., Essbauer,S., Kurolt,I.-C., Cvetko Krajinovic,L.","University Hospital for Infectious Diseases ""Dr. Fran Mihaljevic"", Research Department",Croatia,1,2008,2013-06-25,ssRNA(-)
KC676591.1,GenBank,set:9793d05e34fb6e67b7b2f19b26794d6a8e697b56,,,,Orthohantavirus dobravaense,Orthohantavirus dobravaense,Orthohantavirus,Hantaviridae,,,S,"Dobrava-Belgrade virus strain DOBV/Croatia_Gerovo/Af903/2008 nucleocapsid protein (N) gene, complete cds",1567,partial,Croatia,Croatia,,Apodemus flavicollis,heart,"Svoboda,P., Dobler,G., Markotic,A., Kurolt,I.C., Speck,S., Habus,J., Vucelja,M., Krajinovic,L.C., Tadin,A., Margaletic,J., Essbauer,S., Kurolt,I.-C., Cvetko Krajinovic,L.","University Hospital for Infectious Diseases ""Dr. Fran Mihaljevic"", Research Department",Croatia,1,2008,2013-06-25,ssRNA(-)
KC676592.1,GenBank,set:d767347a17d7b08287cd24b1b7ea550b1b4d01dd,,,,Orthohantavirus dobravaense,Orthohantavirus dobravaense,Orthohantavirus,Hantaviridae,,,S,"Dobrava-Belgrade virus strain DOBV/Croatia_Gerovo/Af910/2008 nucleocapsid protein (N) gene, complete cds",1567,partial,Croatia,Croatia,,Apodemus flavicollis,heart,"Svoboda,P., Dobler,G., Markotic,A., Kurolt,I.C., Speck,S., Habus,J., Vucelja,M., Krajinovic,L.C., Tadin,A., Margaletic,J., Essbauer,S., Kurolt,I.-C., Cvetko Krajinovic,L.","University Hospital for Infectious Diseases ""Dr. Fran Mihaljevic"", Research Department",Croatia,1,2008,2013-06-25,ssRNA(-)
KC676593.1,GenBank,set:2a2c79ee770069e56a7633f6b4d9866459c85d19,,,,Orthohantavirus dobravaense,Orthohantavirus dobravaense,Orthohantavirus,Hantaviridae,,,S,"Dobrava-Belgrade virus strain DOBV/Croatia_Gerovo/Af933/2008 nucleocapsid protein (N) gene, partial cds",1527,partial,Croatia,Croatia,,Apodemus flavicollis,heart,"Svoboda,P., Dobler,G., Markotic,A., Kurolt,I.C., Speck,S., Habus,J., Vucelja,M., Krajinovic,L.C., Tadin,A., Margaletic,J., Essbauer,S., Kurolt,I.-C., Cvetko Krajinovic,L.","University Hospital for Infectious Diseases ""Dr. Fran Mihaljevic"", Research Department",Croatia,1,2008,2013-06-25,ssRNA(-)
KC676594.1,GenBank,set:ffc24bcd767ba5881c34cb2090a8397502c1e279,,,,Orthohantavirus dobravaense,Orthohantavirus dobravaense,Orthohantavirus,Hantaviridae,,,S,"Dobrava-Belgrade virus strain DOBV/Croatia_Gerovo/Af956/2008 nucleocapsid protein (N) gene, partial cds",1531,partial,Croatia,Croatia,,Apodemus flavicollis,heart,"Svoboda,P., Dobler,G., Markotic,A., Kurolt,I.C., Speck,S., Habus,J., Vucelja,M., Krajinovic,L.C., Tadin,A., Margaletic,J., Essbauer,S., Kurolt,I.-C., Cvetko Krajinovic,L.","University Hospital for Infectious Diseases ""Dr. Fran Mihaljevic"", Research Department",Croatia,1,2008,2013-06-25,ssRNA(-)
KC676595.1,GenBank,set:290f3b1cd3420857de44dea92e37dcbf6654e87e,,,,Orthohantavirus dobravaense,Orthohantavirus dobravaense,Orthohantavirus,Hantaviridae,,,S,"Dobrava-Belgrade virus strain DOBV/Croatia_Gerovo/Af957/2008 nucleocapsid protein (N) gene, complete cds",1567,partial,Croatia,Croatia,,Apodemus flavicollis,heart,"Svoboda,P., Dobler,G., Markotic,A., Kurolt,I.C., Speck,S., Habus,J., Vucelja,M., Krajinovic,L.C., Tadin,A., Margaletic,J., Essbauer,S., Kurolt,I.-C., Cvetko Krajinovic,L.","University Hospital for Infectious Diseases ""Dr. Fran Mihaljevic"", Research Department",Croatia,1,2008,2013-06-25,ssRNA(-)
KC676596.1,GenBank,set:7dbe101844412dadfcb51d01bfdf0029249ab2b0,,,,Orthohantavirus dobravaense,Orthohantavirus dobravaense,Orthohantavirus,Hantaviridae,,,S,"Dobrava-Belgrade virus strain DOBV/Croatia_Gerovo/Af964/2008 nucleocapsid protein (N) mRNA, partial cds",1527,partial,Croatia,Croatia,,Apodemus flavicollis,heart,"Svoboda,P., Dobler,G., Markotic,A., Kurolt,I.C., Speck,S., Habus,J., Vucelja,M., Krajinovic,L.C., Tadin,A., Margaletic,J., Essbauer,S., Kurolt,I.-C., Cvetko Krajinovic,L.","University Hospital for Infectious Diseases ""Dr. Fran Mihaljevic"", Research Department",Croatia,1,2008,2013-06-25,ssRNA(-)
KC676597.1,GenBank,set:7e9a2a315228eb3c250470170bd4aca57b64ca36,,,,Orthohantavirus dobravaense,Orthohantavirus dobravaense,Orthohantavirus,Hantaviridae,,,S,"Dobrava-Belgrade virus strain DOBV/Croatia_Gerovo/Af965/2008 nucleocapsid protein (N) mRNA, complete cds",1567,partial,Croatia,Croatia,,Apodemus flavicollis,heart,"Svoboda,P., Dobler,G., Markotic,A., Kurolt,I.C., Speck,S., Habus,J., Vucelja,M., Krajinovic,L.C., Tadin,A., Margaletic,J., Essbauer,S., Kurolt,I.-C., Cvetko Krajinovic,L.","University Hospital for Infectious Diseases ""Dr. Fran Mihaljevic"", Research Department",Croatia,1,2008,2013-06-25,ssRNA(-)
KC676598.1,GenBank,set:7024b7d2fab650f3982e25b01c7b852d840022f4,,,,Orthohantavirus dobravaense,Orthohantavirus dobravaense,Orthohantavirus,Hantaviridae,,,S,"Dobrava-Belgrade virus strain DOBV/Croatia_Gerovo/Af966/2008 nucleocapsid protein (N) mRNA, complete cds",1557,partial,Croatia,Croatia,,Apodemus flavicollis,heart,"Svoboda,P., Dobler,G., Markotic,A., Kurolt,I.C., Speck,S., Habus,J., Vucelja,M., Krajinovic,L.C., Tadin,A., Margaletic,J., Essbauer,S., Kurolt,I.-C., Cvetko Krajinovic,L.","University Hospital for Infectious Diseases ""Dr. Fran Mihaljevic"", Research Department",Croatia,1,2008,2013-06-25,ssRNA(-)
KC676599.1,GenBank,set:67a09de5a605e48d8686274eb407f1f6a25e306a,,,,Orthohantavirus dobravaense,Orthohantavirus dobravaense,Orthohantavirus,Hantaviridae,,,S,"Dobrava-Belgrade virus strain DOBV/Croatia_Gerovo/Af967/2008 nucleocapsid protein (N) mRNA, complete cds",1567,partial,Croatia,Croatia,,Apodemus flavicollis,heart,"Svoboda,P., Dobler,G., Markotic,A., Kurolt,I.C., Speck,S., Habus,J., Vucelja,M., Krajinovic,L.C., Tadin,A., Margaletic,J., Essbauer,S., Kurolt,I.-C., Cvetko Krajinovic,L.","University Hospital for Infectious Diseases ""Dr. Fran Mihaljevic"", Research Department",Croatia,1,2008,2013-06-25,ssRNA(-)
KC676600.1,GenBank,set:43d6254255459c785ccd5790c49b1ba119361e24,,,,Orthohantavirus dobravaense,Orthohantavirus dobravaense,Orthohantavirus,Hantaviridae,,,S,"Dobrava-Belgrade virus strain DOBV/Croatia_Gerovo/Af968/2008 nucleocapsid protein (N) mRNA, complete cds",1456,partial,Croatia,Croatia,,Apodemus flavicollis,heart,"Svoboda,P., Dobler,G., Markotic,A., Kurolt,I.C., Speck,S., Habus,J., Vucelja,M., Krajinovic,L.C., Tadin,A., Margaletic,J., Essbauer,S., Kurolt,I.-C., Cvetko Krajinovic,L.","University Hospital for Infectious Diseases ""Dr. Fran Mihaljevic"", Research Department",Croatia,1,2008,2013-06-25,ssRNA(-)
KC676601.1,GenBank,set:bfcd2515cd9b47617d2729fcbd9a6cf51a3eea49,,,,Orthohantavirus dobravaense,Orthohantavirus dobravaense,Orthohantavirus,Hantaviridae,,,S,"Dobrava-Belgrade virus strain DOBV/Croatia_Gerovo/Af970/2008 nucleocapsid protein (N) mRNA, complete cds",1567,partial,Croatia,Croatia,,Apodemus flavicollis,heart,"Svoboda,P., Dobler,G., Markotic,A., Kurolt,I.C., Speck,S., Habus,J., Vucelja,M., Krajinovic,L.C., Tadin,A., Margaletic,J., Essbauer,S., Kurolt,I.-C., Cvetko Krajinovic,L.","University Hospital for Infectious Diseases ""Dr. Fran Mihaljevic"", Research Department",Croatia,1,2008,2013-06-25,ssRNA(-)
KC676602.1,GenBank,set:d5bc8ffd57404b7128e13a4084278052e0fa64af,,,,Orthohantavirus dobravaense,Orthohantavirus dobravaense,Orthohantavirus,Hantaviridae,,,S,"Dobrava-Belgrade virus strain DOBV/Croatia_Zutica/Af813/2007 nucleocapsid protein (N) mRNA, complete cds",1568,partial,Croatia,Croatia,,Apodemus flavicollis,lung,"Svoboda,P., Dobler,G., Markotic,A., Kurolt,I.C., Speck,S., Habus,J., Vucelja,M., Krajinovic,L.C., Tadin,A., Margaletic,J., Essbauer,S., Kurolt,I.-C., Cvetko Krajinovic,L.","University Hospital for Infectious Diseases ""Dr. Fran Mihaljevic"", Research Department",Croatia,1,2007,2013-06-25,ssRNA(-)
KC676603.1,GenBank,set:791b2d56efd3a0c302632e338745673b03a14d4b,,,,Orthohantavirus dobravaense,Orthohantavirus dobravaense,Orthohantavirus,Hantaviridae,,,S,"Dobrava-Belgrade virus strain DOBV/Croatia_Zutica/Af815/2007 nucleocapsid protein (N) mRNA, complete cds",1568,partial,Croatia,Croatia,,Apodemus flavicollis,lung,"Svoboda,P., Dobler,G., Markotic,A., Kurolt,I.C., Speck,S., Habus,J., Vucelja,M., Krajinovic,L.C., Tadin,A., Margaletic,J., Essbauer,S., Kurolt,I.-C., Cvetko Krajinovic,L.","University Hospital for Infectious Diseases ""Dr. Fran Mihaljevic"", Research Department",Croatia,1,2007,2013-06-25,ssRNA(-)
KC676604.1,GenBank,set:9d799854b59dbc68e3b310b7d9e20128dd6cd5ef,,,,Orthohantavirus dobravaense,Orthohantavirus dobravaense,Orthohantavirus,Hantaviridae,,,S,"Dobrava-Belgrade virus strain DOBV/Croatia_Zutica/Af814/2007 nucleocapsid protein (N) mRNA, partial cds",1529,partial,Croatia,Croatia,,Apodemus flavicollis,lung,"Svoboda,P., Dobler,G., Markotic,A., Kurolt,I.C., Speck,S., Habus,J., Vucelja,M., Krajinovic,L.C., Tadin,A., Margaletic,J., Essbauer,S., Kurolt,I.-C., Cvetko Krajinovic,L.","University Hospital for Infectious Diseases ""Dr. Fran Mihaljevic"", Research Department",Croatia,1,2007,2013-06-25,ssRNA(-)
KC676605.1,GenBank,set:2135ddf8a1e9c3d79c2e73e2853cccf45b36eea9,,,,Orthohantavirus dobravaense,Orthohantavirus dobravaense,Orthohantavirus,Hantaviridae,,,S,"Dobrava-Belgrade virus strain DOBV/Croatia_Zutica/As820/2007 nucleocapsid protein (N) mRNA, partial cds",1571,partial,Croatia,Croatia,,Apodemus sylvaticus,lung,"Svoboda,P., Dobler,G., Markotic,A., Kurolt,I.C., Speck,S., Habus,J., Vucelja,M., Krajinovic,L.C., Tadin,A., Margaletic,J., Essbauer,S., Kurolt,I.-C., Cvetko Krajinovic,L.","University Hospital for Infectious Diseases ""Dr. Fran Mihaljevic"", Research Department",Croatia,1,2007,2013-06-25,ssRNA(-)
KC676606.1,GenBank,set:48150512a27e80a2ad85c192b1a9e296cc8b3e08,,,,Orthohantavirus dobravaense,Orthohantavirus dobravaense,Orthohantavirus,Hantaviridae,,,S,"Dobrava-Belgrade virus strain OBV/Croatia_Zutica/As822/2007 nucleocapsid protein (N) mRNA, complete cds",1568,partial,Croatia,Croatia,,Apodemus sylvaticus,lung,"Svoboda,P., Dobler,G., Markotic,A., Kurolt,I.C., Speck,S., Habus,J., Vucelja,M., Krajinovic,L.C., Tadin,A., Margaletic,J., Essbauer,S., Kurolt,I.-C., Cvetko Krajinovic,L.","University Hospital for Infectious Diseases ""Dr. Fran Mihaljevic"", Research Department",Croatia,1,2007,2013-06-25,ssRNA(-)
KC676607.1,GenBank,set:4152a426dea89721b9eeeabf700861187b2639ae,,,,Orthohantavirus dobravaense,Orthohantavirus dobravaense,Orthohantavirus,Hantaviridae,,,S,"Dobrava-Belgrade virus strain DOBV/Croatia_Zutica/As824/2007 nucleocapsid protein (N) mRNA, partial cds",1520,partial,Croatia,Croatia,,Apodemus sylvaticus,lung,"Svoboda,P., Dobler,G., Markotic,A., Kurolt,I.C., Speck,S., Habus,J., Vucelja,M., Krajinovic,L.C., Tadin,A., Margaletic,J., Essbauer,S., Kurolt,I.-C., Cvetko Krajinovic,L.","University Hospital for Infectious Diseases ""Dr. Fran Mihaljevic"", Research Department",Croatia,1,2007,2013-06-25,ssRNA(-)
KC676608.1,GenBank,set:0ddecd7cfb515591e8a6707278ea241f6a44e392,,,,Orthohantavirus dobravaense,Orthohantavirus dobravaense,Orthohantavirus,Hantaviridae,,,S,"Dobrava-Belgrade virus strain DOBV/Croatia_Zutica/As825/2007 nucleocapsid protein (N) mRNA, complete cds",1568,partial,Croatia,Croatia,,Apodemus sylvaticus,lung,"Svoboda,P., Dobler,G., Markotic,A., Kurolt,I.C., Speck,S., Habus,J., Vucelja,M., Krajinovic,L.C., Tadin,A., Margaletic,J., Essbauer,S., Kurolt,I.-C., Cvetko Krajinovic,L.","University Hospital for Infectious Diseases ""Dr. Fran Mihaljevic"", Research Department",Croatia,1,2007,2013-06-25,ssRNA(-)
KC676617.1,GenBank,set:56b8d1aebad2947bb8411a46ee37b0b81e9566c9,,,,Orthohantavirus dobravaense,Orthohantavirus dobravaense,Orthohantavirus,Hantaviridae,,,M,"Dobrava-Belgrade virus strain DOBV/Croatia_Gerovo/Af882/2008 glycoprotein precursor, mRNA, partial cds",520,partial,Croatia,Croatia,,Apodemus flavicollis,heart,"Svoboda,P., Dobler,G., Markotic,A., Kurolt,I.C., Speck,S., Habus,J., Vucelja,M., Krajinovic,L.C., Tadin,A., Margaletic,J., Essbauer,S., Kurolt,I.-C., Cvetko Krajinovic,L.","University Hospital for Infectious Diseases ""Dr. Fran Mihaljevic"", Research Department",Croatia,1,2008,2013-06-25,ssRNA(-)
KC676618.1,GenBank,set:9793d05e34fb6e67b7b2f19b26794d6a8e697b56,,,,Orthohantavirus dobravaense,Orthohantavirus dobravaense,Orthohantavirus,Hantaviridae,,,M,"Dobrava-Belgrade virus strain DOBV/Croatia_Gerovo/Af903/2008 glycoprotein precursor, mRNA, partial cds",520,partial,Croatia,Croatia,,Apodemus flavicollis,heart,"Svoboda,P., Dobler,G., Markotic,A., Kurolt,I.C., Speck,S., Habus,J., Vucelja,M., Krajinovic,L.C., Tadin,A., Margaletic,J., Essbauer,S., Kurolt,I.-C., Cvetko Krajinovic,L.","University Hospital for Infectious Diseases ""Dr. Fran Mihaljevic"", Research Department",Croatia,1,2008,2013-06-25,ssRNA(-)
KC676619.1,GenBank,set:d767347a17d7b08287cd24b1b7ea550b1b4d01dd,,,,Orthohantavirus dobravaense,Orthohantavirus dobravaense,Orthohantavirus,Hantaviridae,,,M,"Dobrava-Belgrade virus strain DOBV/Croatia_Gerovo/Af910/2008 glycoprotein precursor, mRNA, partial cds",520,partial,Croatia,Croatia,,Apodemus flavicollis,heart,"Svoboda,P., Dobler,G., Markotic,A., Kurolt,I.C., Speck,S., Habus,J., Vucelja,M., Krajinovic,L.C., Tadin,A., Margaletic,J., Essbauer,S., Kurolt,I.-C., Cvetko Krajinovic,L.","University Hospital for Infectious Diseases ""Dr. Fran Mihaljevic"", Research Department",Croatia,1,2008,2013-06-25,ssRNA(-)
KC676620.1,GenBank,set:2a2c79ee770069e56a7633f6b4d9866459c85d19,,,,Orthohantavirus dobravaense,Orthohantavirus dobravaense,Orthohantavirus,Hantaviridae,,,M,"Dobrava-Belgrade virus strain DOBV/Croatia_Gerovo/Af933/2008 glycoprotein precursor, mRNA, partial cds",520,partial,Croatia,Croatia,,Apodemus flavicollis,heart,"Svoboda,P., Dobler,G., Markotic,A., Kurolt,I.C., Speck,S., Habus,J., Vucelja,M., Krajinovic,L.C., Tadin,A., Margaletic,J., Essbauer,S., Kurolt,I.-C., Cvetko Krajinovic,L.","University Hospital for Infectious Diseases ""Dr. Fran Mihaljevic"", Research Department",Croatia,1,2008,2013-06-25,ssRNA(-)
KC676621.1,GenBank,set:ffc24bcd767ba5881c34cb2090a8397502c1e279,,,,Orthohantavirus dobravaense,Orthohantavirus dobravaense,Orthohantavirus,Hantaviridae,,,M,"Dobrava-Belgrade virus strain DOBV/Croatia_Gerovo/Af956/2008 glycoprotein precursor, mRNA, partial cds",520,partial,Croatia,Croatia,,Apodemus flavicollis,heart,"Svoboda,P., Dobler,G., Markotic,A., Kurolt,I.C., Speck,S., Habus,J., Vucelja,M., Krajinovic,L.C., Tadin,A., Margaletic,J., Essbauer,S., Kurolt,I.-C., Cvetko Krajinovic,L.","University Hospital for Infectious Diseases ""Dr. Fran Mihaljevic"", Research Department",Croatia,1,2008,2013-06-25,ssRNA(-)
KC676622.1,GenBank,set:290f3b1cd3420857de44dea92e37dcbf6654e87e,,,,Orthohantavirus dobravaense,Orthohantavirus dobravaense,Orthohantavirus,Hantaviridae,,,M,"Dobrava-Belgrade virus strain DOBV/Croatia_Gerovo/Af957/2008 glycoprotein precursor, mRNA, partial cds",520,partial,Croatia,Croatia,,Apodemus flavicollis,heart,"Svoboda,P., Dobler,G., Markotic,A., Kurolt,I.C., Speck,S., Habus,J., Vucelja,M., Krajinovic,L.C., Tadin,A., Margaletic,J., Essbauer,S., Kurolt,I.-C., Cvetko Krajinovic,L.","University Hospital for Infectious Diseases ""Dr. Fran Mihaljevic"", Research Department",Croatia,1,2008,2013-06-25,ssRNA(-)
KC676623.1,GenBank,set:7dbe101844412dadfcb51d01bfdf0029249ab2b0,,,,Orthohantavirus dobravaense,Orthohantavirus dobravaense,Orthohantavirus,Hantaviridae,,,M,"Dobrava-Belgrade virus strain DOBV/Croatia_Gerovo/Af964/2008 glycoprotein precursor, mRNA, partial cds",520,partial,Croatia,Croatia,,Apodemus flavicollis,heart,"Svoboda,P., Dobler,G., Markotic,A., Kurolt,I.C., Speck,S., Habus,J., Vucelja,M., Krajinovic,L.C., Tadin,A., Margaletic,J., Essbauer,S., Kurolt,I.-C., Cvetko Krajinovic,L.","University Hospital for Infectious Diseases ""Dr. Fran Mihaljevic"", Research Department",Croatia,1,2008,2013-06-25,ssRNA(-)
KC676624.1,GenBank,set:7e9a2a315228eb3c250470170bd4aca57b64ca36,,,,Orthohantavirus dobravaense,Orthohantavirus dobravaense,Orthohantavirus,Hantaviridae,,,M,"Dobrava-Belgrade virus strain DOBV/Croatia_Gerovo/Af965/2008 glycoprotein precursor, mRNA, partial cds",520,partial,Croatia,Croatia,,Apodemus flavicollis,heart,"Svoboda,P., Dobler,G., Markotic,A., Kurolt,I.C., Speck,S., Habus,J., Vucelja,M., Krajinovic,L.C., Tadin,A., Margaletic,J., Essbauer,S., Kurolt,I.-C., Cvetko Krajinovic,L.","University Hospital for Infectious Diseases ""Dr. Fran Mihaljevic"", Research Department",Croatia,1,2008,2013-06-25,ssRNA(-)
KC676625.1,GenBank,set:7024b7d2fab650f3982e25b01c7b852d840022f4,,,,Orthohantavirus dobravaense,Orthohantavirus dobravaense,Orthohantavirus,Hantaviridae,,,M,"Dobrava-Belgrade virus strain DOBV/Croatia_Gerovo/Af966/2008 glycoprotein precursor, mRNA, partial cds",520,partial,Croatia,Croatia,,Apodemus flavicollis,heart,"Svoboda,P., Dobler,G., Markotic,A., Kurolt,I.C., Speck,S., Habus,J., Vucelja,M., Krajinovic,L.C., Tadin,A., Margaletic,J., Essbauer,S., Kurolt,I.-C., Cvetko Krajinovic,L.","University Hospital for Infectious Diseases ""Dr. Fran Mihaljevic"", Research Department",Croatia,1,2008,2013-06-25,ssRNA(-)
KC676626.1,GenBank,set:43d6254255459c785ccd5790c49b1ba119361e24,,,,Orthohantavirus dobravaense,Orthohantavirus dobravaense,Orthohantavirus,Hantaviridae,,,M,"Dobrava-Belgrade virus strain DOBV/Croatia_Gerovo/Af968/2008 glycoprotein precursor, mRNA, partial cds",520,partial,Croatia,Croatia,,Apodemus flavicollis,heart,"Svoboda,P., Dobler,G., Markotic,A., Kurolt,I.C., Speck,S., Habus,J., Vucelja,M., Krajinovic,L.C., Tadin,A., Margaletic,J., Essbauer,S., Kurolt,I.-C., Cvetko Krajinovic,L.","University Hospital for Infectious Diseases ""Dr. Fran Mihaljevic"", Research Department",Croatia,1,2008,2013-06-25,ssRNA(-)
KC676627.1,GenBank,set:bfcd2515cd9b47617d2729fcbd9a6cf51a3eea49,,,,Orthohantavirus dobravaense,Orthohantavirus dobravaense,Orthohantavirus,Hantaviridae,,,M,"Dobrava-Belgrade virus strain DOBV/Croatia_Gerovo/Af970/2008 glycoprotein precursor, mRNA, partial cds",520,partial,Croatia,Croatia,,Apodemus flavicollis,heart,"Svoboda,P., Dobler,G., Markotic,A., Kurolt,I.C., Speck,S., Habus,J., Vucelja,M., Krajinovic,L.C., Tadin,A., Margaletic,J., Essbauer,S., Kurolt,I.-C., Cvetko Krajinovic,L.","University Hospital for Infectious Diseases ""Dr. Fran Mihaljevic"", Research Department",Croatia,1,2008,2013-06-25,ssRNA(-)
KC676628.1,GenBank,set:67a09de5a605e48d8686274eb407f1f6a25e306a,,,,Orthohantavirus dobravaense,Orthohantavirus dobravaense,Orthohantavirus,Hantaviridae,,,M,"Dobrava-Belgrade virus strain DOBV/Croatia_Gerovo/Af967/2008 glycoprotein precursor, mRNA, partial cds",496,partial,Croatia,Croatia,,Apodemus flavicollis,heart,"Svoboda,P., Dobler,G., Markotic,A., Kurolt,I.C., Speck,S., Habus,J., Vucelja,M., Krajinovic,L.C., Tadin,A., Margaletic,J., Essbauer,S., Kurolt,I.-C., Cvetko Krajinovic,L.","University Hospital for Infectious Diseases ""Dr. Fran Mihaljevic"", Research Department",Croatia,1,2008,2013-06-25,ssRNA(-)
KC197343.1,GenBank,set:ece71b4f93301b55cbb636462e2f02e8236564a0,,,,Orthohantavirus dobravaense,Orthohantavirus dobravaense,Orthohantavirus,Hantaviridae,,Haskovo,,"Dobrava-Belgrade virus strain V 36/10 nucleocapsid protein gene, partial cds",625,partial,Bulgaria,Bulgaria,,Homo sapiens,blood,"Kalvatchev,N., Christova,I., Weaver,S., Adams,P.","National Center of Infectious and Parasitic Diseases, Microbiology",Bulgaria,,2010-06,2013-03-11,ssRNA(-)
HV984406.1,GenBank,set:HV984406,,,,Dobrava-Belgrade orthohantavirus,Orthohantavirus dobravaense,Orthohantavirus,Hantaviridae,,,,JP 2011191322-A/4: METHODS AND REAGENTS FOR DIAGNOSING HANTAVIRUS INFECTION,3644,partial,,,,,,"Nguyen,S.H., Pichuantes,S.",,,,,2013-02-13,ssRNA(-)
HV984412.1,GenBank,set:HV984412,,,,Dobrava-Belgrade orthohantavirus,Orthohantavirus dobravaense,Orthohantavirus,Hantaviridae,,,,JP 2011191322-A/10: METHODS AND REAGENTS FOR DIAGNOSING HANTAVIRUS INFECTION,249,partial,,,,,,"Nguyen,S.H., Pichuantes,S.",,,,,2013-02-13,ssRNA(-)
HV984418.1,GenBank,set:HV984418,,,,Dobrava-Belgrade orthohantavirus,Orthohantavirus dobravaense,Orthohantavirus,Hantaviridae,,,,JP 2011191322-A/16: METHODS AND REAGENTS FOR DIAGNOSING HANTAVIRUS INFECTION,1293,partial,,,,,,"Nguyen,S.H., Pichuantes,S.",,,,,2013-02-13,ssRNA(-)
JQ344114.1,GenBank,set:984f50eac50d871ce2d06a46e54aad53c05bdfaa,,,,Orthohantavirus dobravaense,Orthohantavirus dobravaense,Orthohantavirus,Hantaviridae,,,,"Dobrava-Belgrade virus strain GER/10/1206/Aa nucleocapsid protein (N) gene, partial cds",827,partial,Germany,Germany,,Apodemus agrarius,lung,"Rasche,F.M., Schmidt,S., Hofmann,J., Kretzschmar,C., Mertens,M., Thiel,J., Groschup,M.H., Klempa,B., Schlegel,M., Krueger,D.H., Ulrich,R.G.","Friedrich-Loeffler-Institut, Institute for Novel and Emerging Infectious Diseases",Germany,,2009,2013-01-01,ssRNA(-)
HE801176.1,GenBank,set:b9c4f38f284089b4d6c34f4910acd105e7995089,,,,Orthohantavirus dobravaense,Orthohantavirus dobravaense,Orthohantavirus,Hantaviridae,,,S,"Dobrava-Belgrade virus partial N gene for nucleocapsid protein, segment S, strain RO/AR2584Af/08, genomic RNA",482,partial,Romania,Romania,,Apodemus flavicollis,,"Panculescu-Gatej,R.I., Sirbu,A., Dinu,S., Waldstrom,M., Heyman,P., Murariu,D., Petrescu,A., Szmal,C., Oprisan,G., Lundkvist,A., Ceianu,C.S., Panculescu-Gatej,R.","Vector Borne Infections Laboratory, NIRDMI Cantacuzino, Splaiul Independentei, 103, Bucharest, 050096",Romania,1,2008,2012-06-10,ssRNA(-)
HE801177.1,GenBank,set:a89d9e3a0226bc1be3b91f67475e19500c020b53,,,,Orthohantavirus dobravaense,Orthohantavirus dobravaense,Orthohantavirus,Hantaviridae,,,S,"Dobrava-Belgrade virus partial N gene for nucleocapsid protein, segment S, strain RO/SIB/2625Af/08, genomic RNA",577,partial,Romania,Romania,,Apodemus flavicollis,,"Panculescu-Gatej,R.I., Sirbu,A., Dinu,S., Waldstrom,M., Heyman,P., Murariu,D., Petrescu,A., Szmal,C., Oprisan,G., Lundkvist,A., Ceianu,C.S., Panculescu-Gatej,R.","Vector Borne Infections Laboratory, NIRDMI Cantacuzino, Splaiul Independentei, 103, Bucharest, 050096",Romania,1,2008,2012-06-10,ssRNA(-)
HE800553.1,GenBank,set:d173fe4d544f8e5f87e4472fffe13f8ad0b64fc4,,,,Orthohantavirus dobravaense,Orthohantavirus dobravaense,Orthohantavirus,Hantaviridae,,,M,"Dobrava-Belgrade virus partial G1G2 gene for G1G2 polyprotein gene, segment M, genomic RNA, strain RO/BC/98192H/2012",183,partial,Romania:Bacau,Romania,,,,"Panculescu-Gatej,R.I., Sirbu,A., Dinu,S., Waldstrom,M., Heyman,P., Murariu,D., Petrescu,A., Szmal,C., Oprisan,G., Lundkvist,A., Ceianu,C.S., Panculescu-Gatej,R.","Vector Borne Infections Laboratory, NIRDMI Cantacuzino, Splaiul Independentei, 103, Bucharest, 050096",Romania,1,,2012-06-05,ssRNA(-)
JQ026204.1,GenBank,set:2cd75efc735989a393f672ac83efaf525e42a036,,,,Orthohantavirus dobravaense,Orthohantavirus dobravaense,Orthohantavirus,Hantaviridae,,,S,"Dobrava-Belgrade virus strain GRW/Aa segment S, complete sequence",1675,complete,Germany,Germany,,,lung,"Popugaeva,E., Witkowski,P.T., Schlegel,M., Ulrich,R.G., Auste,B., Rang,A., Kruger,D.H., Klempa,B.","Institute of Virology, Helmut-Ruska-Haus, Charite Medical School",Germany,1,2008,2012-05-07,ssRNA(-)
JQ026205.1,GenBank,set:2cd75efc735989a393f672ac83efaf525e42a036,,,,Orthohantavirus dobravaense,Orthohantavirus dobravaense,Orthohantavirus,Hantaviridae,,,M,"Dobrava-Belgrade virus strain GRW/Aa segment M, complete sequence",3644,complete,Germany,Germany,,,lung,"Popugaeva,E., Witkowski,P.T., Schlegel,M., Ulrich,R.G., Auste,B., Rang,A., Kruger,D.H., Klempa,B.","Institute of Virology, Helmut-Ruska-Haus, Charite Medical School",Germany,1,2008,2012-05-07,ssRNA(-)
JQ026206.1,GenBank,set:2cd75efc735989a393f672ac83efaf525e42a036,,,,Orthohantavirus dobravaense,Orthohantavirus dobravaense,Orthohantavirus,Hantaviridae,,,L,"Dobrava-Belgrade virus strain GRW/Aa segment L, complete sequence",6532,complete,Germany,Germany,,,lung,"Popugaeva,E., Witkowski,P.T., Schlegel,M., Ulrich,R.G., Auste,B., Rang,A., Kruger,D.H., Klempa,B.","Institute of Virology, Helmut-Ruska-Haus, Charite Medical School",Germany,1,2008,2012-05-07,ssRNA(-)
JF920148.1,GenBank,set:fde6c146047803305c5756d8ae6bea069293647c,,,,Orthohantavirus dobravaense,Orthohantavirus dobravaense,Orthohantavirus,Hantaviridae,,,L,"Dobrava-Belgrade virus strain Ap/Sochi/hu RNA-dependent RNA polymerase (L) gene, complete cds",6533,partial,Russia,Russia,,Homo sapiens,,"Dzagurova,T.K., Witkowski,P.T., Tkachenko,E.A., Klempa,B., Morozov,V.G., Auste,B., Zavora,D.L., Iunicheva,I.V., Mutnih,E.S., Kruger,D.H., Yunicheva,Y.V.","Charite School of Medicine, Institute of Virology",Germany,1,2009-04,2011-11-09,ssRNA(-)
JF920149.1,GenBank,set:fde6c146047803305c5756d8ae6bea069293647c,,,,Orthohantavirus dobravaense,Orthohantavirus dobravaense,Orthohantavirus,Hantaviridae,,,M,"Dobrava-Belgrade virus strain Ap/Sochi/hu glycoprotein precursor (M) gene, complete cds",3616,partial,Russia,Russia,,Homo sapiens,,"Dzagurova,T.K., Witkowski,P.T., Tkachenko,E.A., Klempa,B., Morozov,V.G., Auste,B., Zavora,D.L., Iunicheva,I.V., Mutnih,E.S., Kruger,D.H., Yunicheva,Y.V.","Charite School of Medicine, Institute of Virology",Germany,1,2009-04,2011-11-09,ssRNA(-)
JF920150.1,GenBank,set:fde6c146047803305c5756d8ae6bea069293647c,,,,Orthohantavirus dobravaense,Orthohantavirus dobravaense,Orthohantavirus,Hantaviridae,,,S,"Dobrava-Belgrade virus strain Ap/Sochi/hu nucleocapsid protein (S) gene, complete cds",1649,partial,Russia,Russia,,Homo sapiens,,"Dzagurova,T.K., Witkowski,P.T., Tkachenko,E.A., Klempa,B., Morozov,V.G., Auste,B., Zavora,D.L., Iunicheva,I.V., Mutnih,E.S., Kruger,D.H., Yunicheva,Y.V.","Charite School of Medicine, Institute of Virology",Germany,1,2009-04,2011-11-09,ssRNA(-)
JF920151.1,GenBank,set:0b34929e32b09137e550a3a17da658f33e431ec9,,,,Orthohantavirus dobravaense,Orthohantavirus dobravaense,Orthohantavirus,Hantaviridae,,,S,"Dobrava-Belgrade virus strain Ap/Sochi/43 nucleocapsid protein (S) gene, complete cds",1290,partial,Russia,Russia,,Apodemus ponticus,,"Dzagurova,T.K., Witkowski,P.T., Tkachenko,E.A., Klempa,B., Morozov,V.G., Auste,B., Zavora,D.L., Iunicheva,I.V., Mutnih,E.S., Kruger,D.H., Yunicheva,Y.V.","Charite School of Medicine, Institute of Virology",Germany,1,2008,2011-11-09,ssRNA(-)
JF920152.1,GenBank,set:229d2be72613c37c7255a1fa62580d2d5344b707,,,,Orthohantavirus dobravaense,Orthohantavirus dobravaense,Orthohantavirus,Hantaviridae,,,S,"Dobrava-Belgrade virus strain Ap/Sochi/79 nucleocapsid protein (S) gene, complete cds",1290,partial,Russia,Russia,,Apodemus ponticus,,"Dzagurova,T.K., Witkowski,P.T., Tkachenko,E.A., Klempa,B., Morozov,V.G., Auste,B., Zavora,D.L., Iunicheva,I.V., Mutnih,E.S., Kruger,D.H., Yunicheva,Y.V.","Charite School of Medicine, Institute of Virology",Germany,1,2008,2011-11-09,ssRNA(-)
HQ406825.1,GenBank,set:a918a56f3975a978eeabbbb1243ada1664cd0611,,,,Orthohantavirus dobravaense,Orthohantavirus dobravaense,Orthohantavirus,Hantaviridae,,,,"Dobrava-Belgrade virus strain Dob/80/09/TUR nucleocapsid protein (N) gene, partial cds",748,partial,Turkey,Turkey,,Apodemus flavicollis,,"Ozkul,A., Oktem,M.A., Uyar,Y., Dincer,E.","Ankara University, Faculty of Veterinary Medicine, Department of Virology",Turkey,,2009-12-14,2011-10-31,ssRNA(-)
HQ406826.1,GenBank,set:652d49e9d6eab36026fbf435bb36a722ef767f78,,,,Orthohantavirus dobravaense,Orthohantavirus dobravaense,Orthohantavirus,Hantaviridae,,,,"Dobrava-Belgrade virus strain Dob/81/09/TUR nucleocapsid protein (N) gene, partial cds",767,partial,Turkey,Turkey,,Apodemus flavicollis,,"Ozkul,A., Oktem,M.A., Uyar,Y., Dincer,E.","Ankara University, Faculty of Veterinary Medicine, Department of Virology",Turkey,,2009-12-14,2011-10-31,ssRNA(-)
JF499664.1,GenBank,set:0cfae9c84f97150126327e2318e04ea727b7042d,,,,Orthohantavirus dobravaense,Orthohantavirus dobravaense,Orthohantavirus,Hantaviridae,,,,"Dobrava-Belgrade virus strain DOBcro100kt nucleocapsid protein gene, partial cds",467,partial,Croatia,Croatia,,Homo sapiens,,"Markotic,A., Nichol,S.T., Kuzman,I., Sanchez,A.J., Ksiazek,T.G., Gagro,A., Rabatic,S., Zgorelec,R., Avsic-Zupanc,T., Beus,I., Dekaris,D., Nichol,S., Sanchez,A., Ksiazek,T.","University Hospital for Infectious Diseases 'Dr. Fran Mihaljevic', Research Department",Croatia,1,1995,2011-09-18,ssRNA(-)
JF499665.1,GenBank,set:64f79fe714820d1ebc84c378a62b7cb26f055b6e,,,,Orthohantavirus dobravaense,Orthohantavirus dobravaense,Orthohantavirus,Hantaviridae,,,,"Dobrava-Belgrade virus strain DOBcro126pb nucleocapsid protein gene, partial cds",488,partial,Croatia,Croatia,,Homo sapiens,,"Markotic,A., Nichol,S.T., Kuzman,I., Sanchez,A.J., Ksiazek,T.G., Gagro,A., Rabatic,S., Zgorelec,R., Avsic-Zupanc,T., Beus,I., Dekaris,D., Nichol,S., Sanchez,A., Ksiazek,T.","University Hospital for Infectious Diseases 'Dr. Fran Mihaljevic', Research Department",Croatia,1,1995,2011-09-18,ssRNA(-)
JF499666.1,GenBank,set:316561b2903c5eaa0844f85a6c33e569029459b9,,,,Orthohantavirus dobravaense,Orthohantavirus dobravaense,Orthohantavirus,Hantaviridae,,,,"Dobrava-Belgrade virus strain DOBcro231lm nucleocapsid protein gene, partial cds",538,partial,Croatia,Croatia,,Homo sapiens,,"Markotic,A., Nichol,S.T., Kuzman,I., Sanchez,A.J., Ksiazek,T.G., Gagro,A., Rabatic,S., Zgorelec,R., Avsic-Zupanc,T., Beus,I., Dekaris,D., Nichol,S., Sanchez,A., Ksiazek,T.","University Hospital for Infectious Diseases 'Dr. Fran Mihaljevic', Research Department",Croatia,1,1995,2011-09-18,ssRNA(-)
HQ327701.1,GenBank,set:679cff2203268cb765de45571d817c8e4f80b0eb,,,,Orthohantavirus dobravaense,Orthohantavirus dobravaense,Orthohantavirus,Hantaviridae,,DOBCro742,,"Dobrava-Belgrade virus isolate DOBCro742 glycoprotein precursor, gene, partial cds",448,partial,Croatia,Croatia,,Apodemus flavicollis,,"Tadin,A., Turk,N., Korva,M., Margaletic,J., Beck,R., Vucelja,M., Habus,J., Svoboda,P., Avsic Zupanc,T., Henttonen,H., Markotic,A.","University Hospital for Infectious Diseases 'Dr. Fran Mihaljevic', Research Department",Croatia,,2007-11,2011-03-28,ssRNA(-)
HQ327702.1,GenBank,set:2f217af40126aa6beec137d6cc037759f642544a,,,,Orthohantavirus dobravaense,Orthohantavirus dobravaense,Orthohantavirus,Hantaviridae,,DOBCro743,,"Dobrava-Belgrade virus isolate DOBCro743 glycoprotein precursor, gene, partial cds",460,partial,Croatia,Croatia,,Apodemus flavicollis,,"Tadin,A., Turk,N., Korva,M., Margaletic,J., Beck,R., Vucelja,M., Habus,J., Svoboda,P., Avsic Zupanc,T., Henttonen,H., Markotic,A.","University Hospital for Infectious Diseases 'Dr. Fran Mihaljevic', Research Department",Croatia,,2007-11,2011-03-28,ssRNA(-)
HQ327703.1,GenBank,set:d6006f73b648d4f648cb822356ec2b6017666edb,,,,Orthohantavirus dobravaense,Orthohantavirus dobravaense,Orthohantavirus,Hantaviridae,,DOBCro755,,"Dobrava-Belgrade virus isolate DOBCro755 glycoprotein precursor, gene, partial cds",260,partial,Croatia,Croatia,,Apodemus flavicollis,,"Tadin,A., Turk,N., Korva,M., Margaletic,J., Beck,R., Vucelja,M., Habus,J., Svoboda,P., Avsic Zupanc,T., Henttonen,H., Markotic,A.","University Hospital for Infectious Diseases 'Dr. Fran Mihaljevic', Research Department",Croatia,,2007-11,2011-03-28,ssRNA(-)
HQ327704.1,GenBank,set:6f8973341718e3e63fef47e427c499ab9b699f35,,,,Orthohantavirus dobravaense,Orthohantavirus dobravaense,Orthohantavirus,Hantaviridae,,DOBCro762,,"Dobrava-Belgrade virus isolate DOBCro762 glycoprotein precursor, gene, partial cds",262,partial,Croatia,Croatia,,Apodemus flavicollis,,"Tadin,A., Turk,N., Korva,M., Margaletic,J., Beck,R., Vucelja,M., Habus,J., Svoboda,P., Avsic Zupanc,T., Henttonen,H., Markotic,A.","University Hospital for Infectious Diseases 'Dr. Fran Mihaljevic', Research Department",Croatia,,2007-11,2011-03-28,ssRNA(-)
FR836477.1,GenBank,set:58dd5aa92d685e39ecd9e556ee2b6719bfd53336,,,,Orthohantavirus dobravaense,Orthohantavirus dobravaense,Orthohantavirus,Hantaviridae,,,M,"Dobrava-Belgrade virus M segment, strain RO/SIB/2625Af/08, genomic RNA",377,partial,"Romania:Sibiu, Gura Raului",Romania,,,lung,"Panculescu-Gatej,R.I., Sirbu,A., Dinu,S., Waldstrom,M., Heyman,P., Murariu,D., Petrescu,A., Szmal,C., Oprisan,G., Lundkvist,A., Ceianu,C.S.","Panculescu-Gatej R.I., NIRDMI Cantacuzino, Vector Borne Infections, Splaiul Independentei, 103, Bucharest, 050096",Romania,1,,2011-03-11,ssRNA(-)
FR836478.1,GenBank,set:97d559eee1e529083816ff59c9ef17bb316be538,,,,Orthohantavirus dobravaense,Orthohantavirus dobravaense,Orthohantavirus,Hantaviridae,,,M,"Dobrava-Belgrade virus M segment, strain RO/AR/2581Af/08, genomic RNA",281,partial,"Romania:Arad, Slatina de Mures",Romania,,,lung,"Panculescu-Gatej,R.I., Sirbu,A., Dinu,S., Waldstrom,M., Heyman,P., Murariu,D., Petrescu,A., Szmal,C., Oprisan,G., Lundkvist,A., Ceianu,C.S.","Panculescu-Gatej R.I., NIRDMI Cantacuzino, Vector Borne Infections, Splaiul Independentei, 103, Bucharest, 050096",Romania,1,,2011-03-11,ssRNA(-)
FR836479.1,GenBank,set:9fc06b843c41f4a30ad1b9e7d64c2f7f20bc9792,,,,Orthohantavirus dobravaense,Orthohantavirus dobravaense,Orthohantavirus,Hantaviridae,,,M,"Dobrava-Belgrade virus M segment, strain RO/AR/2584Af/08, genomic RNA",215,partial,"Romania:Arad, Slatina de Mures",Romania,,,lung,"Panculescu-Gatej,R.I., Sirbu,A., Dinu,S., Waldstrom,M., Heyman,P., Murariu,D., Petrescu,A., Szmal,C., Oprisan,G., Lundkvist,A., Ceianu,C.S.","Panculescu-Gatej R.I., NIRDMI Cantacuzino, Vector Borne Infections, Splaiul Independentei, 103, Bucharest, 050096",Romania,1,,2011-03-11,ssRNA(-)
FR836480.1,GenBank,set:caa15164b5a6e872e814d066db9bbdd3bb9a30ec,,,,Orthohantavirus dobravaense,Orthohantavirus dobravaense,Orthohantavirus,Hantaviridae,,,M,"Dobrava-Belgrade virus M segment, strain RO/NEA/18H/09, genomic RNA",233,partial,"Romania:Neamt, Almas",Romania,,,blood,"Panculescu-Gatej,R.I., Sirbu,A., Dinu,S., Waldstrom,M., Heyman,P., Murariu,D., Petrescu,A., Szmal,C., Oprisan,G., Lundkvist,A., Ceianu,C.S.","Panculescu-Gatej R.I., NIRDMI Cantacuzino, Vector Borne Infections, Splaiul Independentei, 103, Bucharest, 050096",Romania,1,,2011-03-11,ssRNA(-)
FR836481.1,GenBank,set:4b2f4b6766f235e058c83a9179cfe31522185dc9,,,,Orthohantavirus dobravaense,Orthohantavirus dobravaense,Orthohantavirus,Hantaviridae,,,M,"Dobrava-Belgrade virus M segment, strain RO/MAR/289H/09, genomic RNA",286,partial,Romania:Maramures,Romania,,,blood,"Panculescu-Gatej,R.I., Dinu,S., Badescu,D., Andreescu,N., Oprisan,G., Murariu,D., Petrescu,A., Ceianu,C.S.","Panculescu-Gatej R.I., NIRDMI Cantacuzino, Vector Borne Infections, Splaiul Independentei, 103, Bucharest, 050096",Romania,,,2011-03-11,ssRNA(-)
FR836482.1,GenBank,set:67e352b05e34f1b98145962667362487b428a1ee,,,,Orthohantavirus dobravaense,Orthohantavirus dobravaense,Orthohantavirus,Hantaviridae,,,M,"Dobrava-Belgrade virus M segment, strain RO/VRA/5H/09, genomic RNA",284,partial,"Romania:Vrancea, Poiana Cristii",Romania,,,blood,"Panculescu-Gatej,R.I., Sirbu,A., Dinu,S., Waldstrom,M., Heyman,P., Murariu,D., Petrescu,A., Szmal,C., Oprisan,G., Lundkvist,A., Ceianu,C.S.","Panculescu-Gatej R.I., NIRDMI Cantacuzino, Vector Borne Infections, Splaiul Independentei, 103, Bucharest, 050096",Romania,1,,2011-03-11,ssRNA(-)
HQ174468.1,GenBank,set:27dfeb868e36301f6786c3b8d6b9701757566318,,,,Orthohantavirus dobravaense,Orthohantavirus dobravaense,Orthohantavirus,Hantaviridae,,,,"Dobrava-Belgrade virus strain Blagoevgrad/2009 nucleocapsid protein gene, partial cds",560,partial,Bulgaria,Bulgaria,,Homo sapiens,,"Papa,A., Christova,I.","Aristotle University of Thessaloniki, A' Dept. of Microbiology",Greece,1,2009-09,2011-01-25,ssRNA(-)
HQ174469.1,GenBank,set:d947ee2e8910c5f07568b6373acaa16c661d81e0,,,,Orthohantavirus dobravaense,Orthohantavirus dobravaense,Orthohantavirus,Hantaviridae,,,,"Dobrava-Belgrade virus strain Smolyan/2010 nucleocapsid protein gene, partial cds",560,partial,Bulgaria,Bulgaria,,Homo sapiens,,"Papa,A., Christova,I.","Aristotle University of Thessaloniki, A' Dept. of Microbiology",Greece,1,2010-05,2011-01-25,ssRNA(-)
HQ174470.1,GenBank,set:3db192b9a6addd49fb180452d26b40bbb4de861f,,,,Orthohantavirus dobravaense,Orthohantavirus dobravaense,Orthohantavirus,Hantaviridae,,,,"Dobrava-Belgrade virus strain Kardjali/2010 nucleocapsid protein gene, partial cds",560,partial,Bulgaria,Bulgaria,,Homo sapiens,,"Papa,A., Christova,I.","Aristotle University of Thessaloniki, A' Dept. of Microbiology",Greece,1,2010-04,2011-01-25,ssRNA(-)
HQ174471.1,GenBank,set:d947ee2e8910c5f07568b6373acaa16c661d81e0,,,,Orthohantavirus dobravaense,Orthohantavirus dobravaense,Orthohantavirus,Hantaviridae,,,,"Dobrava-Belgrade virus strain Smolyan/2010 glycoprotein precursor, gene, partial cds",271,partial,Bulgaria,Bulgaria,,Homo sapiens,,"Papa,A., Christova,I.","Aristotle University of Thessaloniki, A' Dept. of Microbiology",Greece,1,2010-05,2011-01-25,ssRNA(-)
HQ174472.1,GenBank,set:27dfeb868e36301f6786c3b8d6b9701757566318,,,,Orthohantavirus dobravaense,Orthohantavirus dobravaense,Orthohantavirus,Hantaviridae,,,,"Dobrava-Belgrade virus strain Blagoevgrad/2009 glycoprotein precursor, gene, partial cds",259,partial,Bulgaria,Bulgaria,,Homo sapiens,,"Papa,A., Christova,I.","Aristotle University of Thessaloniki, A' Dept. of Microbiology",Greece,1,2009-09,2011-01-25,ssRNA(-)
HQ174473.1,GenBank,set:3db192b9a6addd49fb180452d26b40bbb4de861f,,,,Orthohantavirus dobravaense,Orthohantavirus dobravaense,Orthohantavirus,Hantaviridae,,,,"Dobrava-Belgrade virus strain Kardjali/2010 glycoprotein precursor, gene, partial cds",247,partial,Bulgaria,Bulgaria,,Homo sapiens,,"Papa,A., Christova,I.","Aristotle University of Thessaloniki, A' Dept. of Microbiology",Greece,1,2010-04,2011-01-25,ssRNA(-)
FN813291.1,GenBank,set:b3cef03a2528acec89e08f66e7584979caa16103,,,,Kurkino virus,Orthohantavirus dobravaense,Orthohantavirus,Hantaviridae,,,small (S),"Saaremaa virus partial S segment, strain SAAV/Croatia_Migalovci/Aa12/2003, genomic RNA",978,partial,,,,Apodemus agrarius,,"Plyusnina,A., Krajinovic,L.C., Margaletic,J., Niemimaa,J., Nemirov,K., Lundkvist,A., Markotic,A., Miletic-Medved,M., Avsic-Zupanc,T., Henttonen,H., Plyusnin,A.","Plyusnin A., Department of Virology, Haartman Institute, University of Helsin, PO Box 21, University of Helsinki, FI 00014",Finland,1,,2011-01-04,ssRNA(-)
FN813292.1,GenBank,set:994c908853843fbdd0c3ae105cf23b4ebb8e25ca,,,,Orthohantavirus dobravaense,Orthohantavirus dobravaense,Orthohantavirus,Hantaviridae,,,small (S),"Dobrava-Belgrade virus partial S segment, strain DOBV/Croatia_Nova Gradiska/Af56/2003, genomic RNA",554,partial,,,,Apodemus flavicollis,,"Plyusnina,A., Krajinovic,L.C., Margaletic,J., Niemimaa,J., Nemirov,K., Lundkvist,A., Markotic,A., Miletic-Medved,M., Avsic-Zupanc,T., Henttonen,H., Plyusnin,A.","Plyusnin A., Department of Virology, Haartman Institute, University of Helsin, PO Box 21, University of Helsinki, FI 00014",Finland,1,,2011-01-04,ssRNA(-)
FN813293.1,GenBank,set:b3cef03a2528acec89e08f66e7584979caa16103,,,,Kurkino virus,Orthohantavirus dobravaense,Orthohantavirus,Hantaviridae,,,medium (M),"Saaremaa virus partial M segment, strain SAAV/Croatia_Migalovci/Aa12/2003, genomic RNA",271,partial,,,,Apodemus flavicollis,,"Plyusnina,A., Krajinovic,L.C., Margaletic,J., Niemimaa,J., Nemirov,K., Lundkvist,A., Markotic,A., Miletic-Medved,M., Avsic-Zupanc,T., Henttonen,H., Plyusnin,A.","Plyusnin A., Department of Virology, Haartman Institute, University of Helsin, PO Box 21, University of Helsinki, FI 00014",Finland,1,,2011-01-04,ssRNA(-)
FN813294.1,GenBank,set:994c908853843fbdd0c3ae105cf23b4ebb8e25ca,,,,Orthohantavirus dobravaense,Orthohantavirus dobravaense,Orthohantavirus,Hantaviridae,,,medium (M),"Dobrava-Belgrade virus partial M segment, strain DOBV/Croatia_Nova Gradiska/Af56/2003, genomic RNA",271,partial,,,,Apodemus flavicollis,,"Plyusnina,A., Krajinovic,L.C., Margaletic,J., Niemimaa,J., Nemirov,K., Lundkvist,A., Markotic,A., Miletic-Medved,M., Avsic-Zupanc,T., Henttonen,H., Plyusnin,A.","Plyusnin A., Department of Virology, Haartman Institute, University of Helsin, PO Box 21, University of Helsinki, FI 00014",Finland,1,,2011-01-04,ssRNA(-)
FN813295.1,GenBank,set:365ed6aec4cdde4945561fc23576733ebbf121a8,,,,Orthohantavirus dobravaense,Orthohantavirus dobravaense,Orthohantavirus,Hantaviridae,,,medium (M),"Dobrava-Belgrade virus partial M segment, strain DOBV/Croatia_Gratac-MalaKapela/Af21/2004, genomic RNA",271,partial,,,,Apodemus flavicollis,,"Plyusnina,A., Krajinovic,L.C., Margaletic,J., Niemimaa,J., Nemirov,K., Lundkvist,A., Markotic,A., Miletic-Medved,M., Avsic-Zupanc,T., Henttonen,H., Plyusnin,A.","Plyusnin A., Department of Virology, Haartman Institute, University of Helsin, PO Box 21, University of Helsinki, FI 00014",Finland,1,,2011-01-04,ssRNA(-)
FN813296.1,GenBank,set:505006238d91a609dc4e6fde94f470db0705e6d1,,,,Orthohantavirus dobravaense,Orthohantavirus dobravaense,Orthohantavirus,Hantaviridae,,,medium (M),"Dobrava-Belgrade virus partial M segment, strain DOBV/Croatia_Nova Gradiska/Aa64/2003, genomic RNA",271,partial,,,,Apodemus agrarius,,"Plyusnina,A., Krajinovic,L.C., Margaletic,J., Niemimaa,J., Nemirov,K., Lundkvist,A., Markotic,A., Miletic-Medved,M., Avsic-Zupanc,T., Henttonen,H., Plyusnin,A.","Plyusnin A., Department of Virology, Haartman Institute, University of Helsin, PO Box 21, University of Helsinki, FI 00014",Finland,1,,2011-01-04,ssRNA(-)
FN813297.1,GenBank,set:5f696ebdb008237d85bfb7b55c56447ea66b7d41,,,,Orthohantavirus dobravaense,Orthohantavirus dobravaense,Orthohantavirus,Hantaviridae,,,medium (M),"Dobrava-Belgrade virus partial M segment, strain DOBV/Croatia_ Delnice-MalaKapela/Af109/2004, genomic RNA",271,partial,,,,Apodemus flavicollis,,"Plyusnina,A., Krajinovic,L.C., Margaletic,J., Niemimaa,J., Nemirov,K., Lundkvist,A., Markotic,A., Miletic-Medved,M., Avsic-Zupanc,T., Henttonen,H., Plyusnin,A.","Plyusnin A., Department of Virology, Haartman Institute, University of Helsin, PO Box 21, University of Helsinki, FI 00014",Finland,1,,2011-01-04,ssRNA(-)
GU904027.1,GenBank,set:d3ef26776d50aa8c18daa1d95cef9a8ca89245f5,,,,Orthohantavirus dobravaense,Orthohantavirus dobravaense,Orthohantavirus,Hantaviridae,,,S,"Dobrava-Belgrade virus clone A6 nucleocapsid protein (N) gene, complete cds",1697,partial,,,,,,"Kirsanovs,S., Klempa,B., Franke,R., Lee,M.H., Schonrich,G., Rang,A., Kruger,D.H.","Charite University Hospital, Institute of Virology",Germany,1,2009,2010-11-03,ssRNA(-)
GU904028.1,GenBank,set:3caf375265581a6bbf19f3010d2f9c9875970043,,,,Orthohantavirus dobravaense,Orthohantavirus dobravaense,Orthohantavirus,Hantaviridae,,,S,"Dobrava-Belgrade virus clone B13 nucleocapsid protein (N) gene, complete cds",1697,partial,,,,,,"Kirsanovs,S., Klempa,B., Franke,R., Lee,M.H., Schonrich,G., Rang,A., Kruger,D.H.","Charite University Hospital, Institute of Virology",Germany,1,2009,2010-11-03,ssRNA(-)
GU904029.1,GenBank,set:75d5fbb166e0fe70ab79d6dc1b62252cd4e919d3,,,,Orthohantavirus dobravaense,Orthohantavirus dobravaense,Orthohantavirus,Hantaviridae,,,S,"Dobrava-Belgrade virus strain Slo/Af-BER nucleocapsid protein (N) gene, complete cds",1672,partial,Slovenia,Slovenia,,Apodemus flavicollis,,"Kirsanovs,S., Klempa,B., Franke,R., Lee,M.H., Schonrich,G., Rang,A., Kruger,D.H.","Charite University Hospital, Institute of Virology",Germany,1,2009,2010-11-03,ssRNA(-)
GU904030.1,GenBank,set:8213186b848f3f090f93de5704392f4c690ed9d0,,,,Orthohantavirus dobravaense,Orthohantavirus dobravaense,Orthohantavirus,Hantaviridae,,,S,"Dobrava-Belgrade virus clone A35 nucleocapsid protein (N) gene, complete cds",1672,partial,,,,,,"Kirsanovs,S., Klempa,B., Franke,R., Lee,M.H., Schonrich,G., Rang,A., Kruger,D.H.","Charite University Hospital, Institute of Virology",Germany,1,2009,2010-11-03,ssRNA(-)
GU904031.1,GenBank,set:6f8d972e1046a8e12bff0caed3e9e4f0500025be,,,,Orthohantavirus dobravaense,Orthohantavirus dobravaense,Orthohantavirus,Hantaviridae,,,S,"Dobrava-Belgrade virus clone A36 nucleocapsid protein (N) gene, complete cds",1648,partial,,,,,,"Kirsanovs,S., Klempa,B., Franke,R., Lee,M.H., Schonrich,G., Rang,A., Kruger,D.H.","Charite University Hospital, Institute of Virology",Germany,1,2009,2010-11-03,ssRNA(-)
GU904032.1,GenBank,set:5745a3e67d64aa0f0bc4e85c4a723478586f246e,,,,Orthohantavirus dobravaense,Orthohantavirus dobravaense,Orthohantavirus,Hantaviridae,,,S,"Dobrava-Belgrade virus clone B5 nucleocapsid protein (N) gene, complete cds",1672,partial,,,,,,"Kirsanovs,S., Klempa,B., Franke,R., Lee,M.H., Schonrich,G., Rang,A., Kruger,D.H.","Charite University Hospital, Institute of Virology",Germany,1,2009,2010-11-03,ssRNA(-)
GU904033.1,GenBank,set:d3ef26776d50aa8c18daa1d95cef9a8ca89245f5,,,,Orthohantavirus dobravaense,Orthohantavirus dobravaense,Orthohantavirus,Hantaviridae,,,M,"Dobrava-Belgrade virus clone A6 glycoprotein precursor (GPC) gene, complete cds",3648,partial,,,,,,"Kirsanovs,S., Klempa,B., Franke,R., Lee,M.H., Schonrich,G., Rang,A., Kruger,D.H.","Charite University Hospital, Institute of Virology",Germany,1,2009,2010-11-03,ssRNA(-)
GU904034.1,GenBank,set:3caf375265581a6bbf19f3010d2f9c9875970043,,,,Orthohantavirus dobravaense,Orthohantavirus dobravaense,Orthohantavirus,Hantaviridae,,,M,"Dobrava-Belgrade virus clone B13 glycoprotein precursor (GPC) gene, complete cds",3647,partial,,,,,,"Kirsanovs,S., Klempa,B., Franke,R., Lee,M.H., Schonrich,G., Rang,A., Kruger,D.H.","Charite University Hospital, Institute of Virology",Germany,1,2009,2010-11-03,ssRNA(-)
GU904035.1,GenBank,set:75d5fbb166e0fe70ab79d6dc1b62252cd4e919d3,,,,Orthohantavirus dobravaense,Orthohantavirus dobravaense,Orthohantavirus,Hantaviridae,,,M,"Dobrava-Belgrade virus strain Slo/Af-BER glycoprotein precursor (GPC) gene, complete cds",3647,partial,Slovenia,Slovenia,,Apodemus flavicollis,,"Kirsanovs,S., Klempa,B., Franke,R., Lee,M.H., Schonrich,G., Rang,A., Kruger,D.H.","Charite University Hospital, Institute of Virology",Germany,1,2009,2010-11-03,ssRNA(-)
GU904036.1,GenBank,set:8213186b848f3f090f93de5704392f4c690ed9d0,,,,Orthohantavirus dobravaense,Orthohantavirus dobravaense,Orthohantavirus,Hantaviridae,,,M,"Dobrava-Belgrade virus clone A35 glycoprotein precursor (GPC) gene, complete cds",3643,partial,,,,,,"Kirsanovs,S., Klempa,B., Franke,R., Lee,M.H., Schonrich,G., Rang,A., Kruger,D.H.","Charite University Hospital, Institute of Virology",Germany,1,2009,2010-11-03,ssRNA(-)
GU904037.1,GenBank,set:6f8d972e1046a8e12bff0caed3e9e4f0500025be,,,,Orthohantavirus dobravaense,Orthohantavirus dobravaense,Orthohantavirus,Hantaviridae,,,M,"Dobrava-Belgrade virus clone A36 glycoprotein precursor (GPC) gene, complete cds",3643,partial,,,,,,"Kirsanovs,S., Klempa,B., Franke,R., Lee,M.H., Schonrich,G., Rang,A., Kruger,D.H.","Charite University Hospital, Institute of Virology",Germany,1,2009,2010-11-03,ssRNA(-)
GU904038.1,GenBank,set:5745a3e67d64aa0f0bc4e85c4a723478586f246e,,,,Orthohantavirus dobravaense,Orthohantavirus dobravaense,Orthohantavirus,Hantaviridae,,,M,"Dobrava-Belgrade virus clone B5 glycoprotein precursor (GPC) gene, complete cds",3643,partial,,,,,,"Kirsanovs,S., Klempa,B., Franke,R., Lee,M.H., Schonrich,G., Rang,A., Kruger,D.H.","Charite University Hospital, Institute of Virology",Germany,1,2009,2010-11-03,ssRNA(-)
GU904039.1,GenBank,set:cef2df3db4cce7f074f42f08b480a347ebef077a,,,,Orthohantavirus dobravaense,Orthohantavirus dobravaense,Orthohantavirus,Hantaviridae,,,L,"Dobrava-Belgrade virus strain SK/Aa RNA-dependent RNA polymerase (L) gene, complete cds",6456,partial,Slovakia,Slovakia,,Apodemus agrarius,,"Kirsanovs,S., Klempa,B., Franke,R., Lee,M.H., Schonrich,G., Rang,A., Kruger,D.H.","Charite University Hospital, Institute of Virology",Germany,1,2009,2010-11-03,ssRNA(-)
GU904040.1,GenBank,set:d3ef26776d50aa8c18daa1d95cef9a8ca89245f5,,,,Orthohantavirus dobravaense,Orthohantavirus dobravaense,Orthohantavirus,Hantaviridae,,,L,"Dobrava-Belgrade virus clone A6 RNA-dependent RNA polymerase (L) gene, complete cds",6456,partial,,,,,,"Kirsanovs,S., Klempa,B., Franke,R., Lee,M.H., Schonrich,G., Rang,A., Kruger,D.H.","Charite University Hospital, Institute of Virology",Germany,1,2009,2010-11-03,ssRNA(-)
GU904041.1,GenBank,set:3caf375265581a6bbf19f3010d2f9c9875970043,,,,Orthohantavirus dobravaense,Orthohantavirus dobravaense,Orthohantavirus,Hantaviridae,,,L,"Dobrava-Belgrade virus clone B13 RNA-dependent RNA polymerase (L) gene, complete cds",6456,partial,,,,,,"Kirsanovs,S., Klempa,B., Franke,R., Lee,M.H., Schonrich,G., Rang,A., Kruger,D.H.","Charite University Hospital, Institute of Virology",Germany,1,2009,2010-11-03,ssRNA(-)
GU904042.1,GenBank,set:75d5fbb166e0fe70ab79d6dc1b62252cd4e919d3,,,,Orthohantavirus dobravaense,Orthohantavirus dobravaense,Orthohantavirus,Hantaviridae,,,L,"Dobrava-Belgrade virus strain Slo/Af-BER RNA-dependent RNA polymerase (L) gene, complete cds",6456,partial,Slovenia,Slovenia,,Apodemus flavicollis,,"Kirsanovs,S., Klempa,B., Franke,R., Lee,M.H., Schonrich,G., Rang,A., Kruger,D.H.","Charite University Hospital, Institute of Virology",Germany,1,2009,2010-11-03,ssRNA(-)
GU904043.1,GenBank,set:8213186b848f3f090f93de5704392f4c690ed9d0,,,,Orthohantavirus dobravaense,Orthohantavirus dobravaense,Orthohantavirus,Hantaviridae,,,L,"Dobrava-Belgrade virus clone A35 RNA-dependent RNA polymerase (L) gene, complete cds",6456,partial,,,,,,"Kirsanovs,S., Klempa,B., Franke,R., Lee,M.H., Schonrich,G., Rang,A., Kruger,D.H.","Charite University Hospital, Institute of Virology",Germany,1,2009,2010-11-03,ssRNA(-)
GU904044.1,GenBank,set:6f8d972e1046a8e12bff0caed3e9e4f0500025be,,,,Orthohantavirus dobravaense,Orthohantavirus dobravaense,Orthohantavirus,Hantaviridae,,,L,"Dobrava-Belgrade virus clone A36 RNA-dependent RNA polymerase (L) gene, complete cds",6456,partial,,,,,,"Kirsanovs,S., Klempa,B., Franke,R., Lee,M.H., Schonrich,G., Rang,A., Kruger,D.H.","Charite University Hospital, Institute of Virology",Germany,1,2009,2010-11-03,ssRNA(-)
GU904045.1,GenBank,set:5745a3e67d64aa0f0bc4e85c4a723478586f246e,,,,Orthohantavirus dobravaense,Orthohantavirus dobravaense,Orthohantavirus,Hantaviridae,,,L,"Dobrava-Belgrade virus clone B5 RNA-dependent RNA polymerase (L) gene, complete cds",6456,partial,,,,,,"Kirsanovs,S., Klempa,B., Franke,R., Lee,M.H., Schonrich,G., Rang,A., Kruger,D.H.","Charite University Hospital, Institute of Virology",Germany,1,2009,2010-11-03,ssRNA(-)
GQ205401.1,GenBank,set:3da8a22ad73d648990930b2dfb497793833366ce,,,,Orthohantavirus dobravaense,Orthohantavirus dobravaense,Orthohantavirus,Hantaviridae,,,S,"Dobrava-Belgrade virus strain GER/07/293/Aa nucleocapsid protein (N) gene, complete cds",1674,complete,Germany,Germany,,Apodemus agrarius,lung,"Schlegel,M., Klempa,B., Auste,B., Bemmann,M., Schmidt-Chanasit,J., Buchner,T., Groschup,M.H., Meier,M., Balkema-Buschmann,A., Zoller,H., Kruger,D.H., Ulrich,R.G., Buechner,T., Buschmann,A.","Charite University Hospital, Institute of Medical Virology, Helmut-Ruska-Haus",Germany,1,2007,2009-12-23,ssRNA(-)
GQ205402.1,GenBank,set:61bf2dffccecda13c8a23c2db1340f1a406faef3,,,,Orthohantavirus dobravaense,Orthohantavirus dobravaense,Orthohantavirus,Hantaviridae,,,S,"Dobrava-Belgrade virus strain GER/07/607/Af nucleocapsid protein (N) gene, complete cds",1675,complete,Germany,Germany,,Apodemus flavicollis,lung,"Schlegel,M., Klempa,B., Auste,B., Bemmann,M., Schmidt-Chanasit,J., Buchner,T., Groschup,M.H., Meier,M., Balkema-Buschmann,A., Zoller,H., Kruger,D.H., Ulrich,R.G., Buechner,T., Buschmann,A.","Charite University Hospital, Institute of Medical Virology, Helmut-Ruska-Haus",Germany,1,2007,2009-12-23,ssRNA(-)
GQ205403.1,GenBank,set:24e852e53d9e8f2d52ba3908c8912b4aaf9d906d,,,,Orthohantavirus dobravaense,Orthohantavirus dobravaense,Orthohantavirus,Hantaviridae,,,S,"Dobrava-Belgrade virus strain GER/07/424/Aa nucleocapsid protein (N) gene, complete cds",1675,complete,Germany,Germany,,Apodemus agrarius,lung,"Schlegel,M., Klempa,B., Auste,B., Bemmann,M., Schmidt-Chanasit,J., Buchner,T., Groschup,M.H., Meier,M., Balkema-Buschmann,A., Zoller,H., Kruger,D.H., Ulrich,R.G., Buechner,T., Buschmann,A.","Charite University Hospital, Institute of Medical Virology, Helmut-Ruska-Haus",Germany,1,2007,2009-12-23,ssRNA(-)
GQ205404.1,GenBank,set:c6f6b67eec7d40a320c9960eef05412e92fd0537,,,,Orthohantavirus dobravaense,Orthohantavirus dobravaense,Orthohantavirus,Hantaviridae,,,S,"Dobrava-Belgrade virus strain GER/07/1064/Aa nucleocapsid protein (N) gene, complete cds",1675,complete,Germany,Germany,,Apodemus agrarius,lung,"Schlegel,M., Klempa,B., Auste,B., Bemmann,M., Schmidt-Chanasit,J., Buchner,T., Groschup,M.H., Meier,M., Balkema-Buschmann,A., Zoller,H., Kruger,D.H., Ulrich,R.G., Buechner,T., Buschmann,A.","Charite University Hospital, Institute of Medical Virology, Helmut-Ruska-Haus",Germany,1,2007,2009-12-23,ssRNA(-)
GQ205405.1,GenBank,set:5a6b25a73fc5c2b17cf34a78736abd3e5e34b31b,,,,Orthohantavirus dobravaense,Orthohantavirus dobravaense,Orthohantavirus,Hantaviridae,,,S,"Dobrava-Belgrade virus strain GER/05/239/Aa nucleocapsid protein (N) gene, complete cds",1674,complete,Germany,Germany,,Apodemus agrarius,lung,"Schlegel,M., Klempa,B., Auste,B., Bemmann,M., Schmidt-Chanasit,J., Buchner,T., Groschup,M.H., Meier,M., Balkema-Buschmann,A., Zoller,H., Kruger,D.H., Ulrich,R.G., Buechner,T., Buschmann,A.","Charite University Hospital, Institute of Medical Virology, Helmut-Ruska-Haus",Germany,1,2005,2009-12-23,ssRNA(-)
GQ205406.1,GenBank,set:05871094fd7674a1b5d8b6cedf6561a99064b9ee,,,,Orthohantavirus dobravaense,Orthohantavirus dobravaense,Orthohantavirus,Hantaviridae,,,S,"Dobrava-Belgrade virus strain GER/05/477/Af nucleocapsid protein (N) gene, complete cds",1674,complete,Germany,Germany,,Apodemus flavicollis,lung,"Schlegel,M., Klempa,B., Auste,B., Bemmann,M., Schmidt-Chanasit,J., Buchner,T., Groschup,M.H., Meier,M., Balkema-Buschmann,A., Zoller,H., Kruger,D.H., Ulrich,R.G., Buechner,T., Buschmann,A.","Charite University Hospital, Institute of Medical Virology, Helmut-Ruska-Haus",Germany,1,2005,2009-12-23,ssRNA(-)
GQ205407.1,GenBank,set:9533e95c25bc793cde9b94224f8c5918cb824a35,,,,Orthohantavirus dobravaense,Orthohantavirus dobravaense,Orthohantavirus,Hantaviridae,,,S,"Dobrava-Belgrade virus strain GER/08/118/Aa nucleocapsid protein (N) gene, complete cds",1675,complete,Germany,Germany,,Apodemus agrarius,lung,"Schlegel,M., Klempa,B., Auste,B., Bemmann,M., Schmidt-Chanasit,J., Buchner,T., Groschup,M.H., Meier,M., Balkema-Buschmann,A., Zoller,H., Kruger,D.H., Ulrich,R.G., Buechner,T., Buschmann,A.","Charite University Hospital, Institute of Medical Virology, Helmut-Ruska-Haus",Germany,1,2008,2009-12-23,ssRNA(-)
GQ205408.1,GenBank,set:1cab559a96132575a7961276f63eb17796b48872,,,,Orthohantavirus dobravaense,Orthohantavirus dobravaense,Orthohantavirus,Hantaviridae,,,S,"Dobrava-Belgrade virus strain GER/08/131/Af nucleocapsid protein (N) gene, complete cds",1675,complete,Germany,Germany,,Apodemus flavicollis,lung,"Schlegel,M., Klempa,B., Auste,B., Bemmann,M., Schmidt-Chanasit,J., Buchner,T., Groschup,M.H., Meier,M., Balkema-Buschmann,A., Zoller,H., Kruger,D.H., Ulrich,R.G., Buechner,T., Buschmann,A.","Charite University Hospital, Institute of Medical Virology, Helmut-Ruska-Haus",Germany,1,2008,2009-12-23,ssRNA(-)
GQ205409.1,GenBank,set:3da8a22ad73d648990930b2dfb497793833366ce,,,,Orthohantavirus dobravaense,Orthohantavirus dobravaense,Orthohantavirus,Hantaviridae,,,M,"Dobrava-Belgrade virus strain GER/07/293/Aa glycoprotein precursor (GPC) gene, complete cds",3631,complete,Germany,Germany,,Apodemus agrarius,lung,"Schlegel,M., Klempa,B., Auste,B., Bemmann,M., Schmidt-Chanasit,J., Buchner,T., Groschup,M.H., Meier,M., Balkema-Buschmann,A., Zoller,H., Kruger,D.H., Ulrich,R.G., Buechner,T., Buschmann,A.","Charite University Hospital, Institute of Medical Virology, Helmut-Ruska-Haus",Germany,1,2007,2009-12-23,ssRNA(-)
GQ205410.1,GenBank,set:61bf2dffccecda13c8a23c2db1340f1a406faef3,,,,Orthohantavirus dobravaense,Orthohantavirus dobravaense,Orthohantavirus,Hantaviridae,,,M,"Dobrava-Belgrade virus strain GER/07/607/Af glycoprotein precursor (GPC) gene, complete cds",3630,complete,Germany,Germany,,Apodemus flavicollis,lung,"Schlegel,M., Klempa,B., Auste,B., Bemmann,M., Schmidt-Chanasit,J., Buchner,T., Groschup,M.H., Meier,M., Balkema-Buschmann,A., Zoller,H., Kruger,D.H., Ulrich,R.G., Buechner,T., Buschmann,A.","Charite University Hospital, Institute of Medical Virology, Helmut-Ruska-Haus",Germany,1,2007,2009-12-23,ssRNA(-)
GQ205411.1,GenBank,set:05871094fd7674a1b5d8b6cedf6561a99064b9ee,,,,Orthohantavirus dobravaense,Orthohantavirus dobravaense,Orthohantavirus,Hantaviridae,,,M,"Dobrava-Belgrade virus strain GER/05/477/Af glycoprotein precursor (GPC) gene, complete cds",3631,complete,Germany,Germany,,Apodemus flavicollis,lung,"Schlegel,M., Klempa,B., Auste,B., Bemmann,M., Schmidt-Chanasit,J., Buchner,T., Groschup,M.H., Meier,M., Balkema-Buschmann,A., Zoller,H., Kruger,D.H., Ulrich,R.G., Buechner,T., Buschmann,A.","Charite University Hospital, Institute of Medical Virology, Helmut-Ruska-Haus",Germany,1,2007,2009-12-23,ssRNA(-)
GQ205412.1,GenBank,set:9533e95c25bc793cde9b94224f8c5918cb824a35,,,,Orthohantavirus dobravaense,Orthohantavirus dobravaense,Orthohantavirus,Hantaviridae,,,M,"Dobrava-Belgrade virus strain GER/08/118/Aa glycoprotein precursor (GPC) gene, complete cds",3629,complete,Germany,Germany,,Apodemus agrarius,lung,"Schlegel,M., Klempa,B., Auste,B., Bemmann,M., Schmidt-Chanasit,J., Buchner,T., Groschup,M.H., Meier,M., Balkema-Buschmann,A., Zoller,H., Kruger,D.H., Ulrich,R.G., Buechner,T., Buschmann,A.","Charite University Hospital, Institute of Medical Virology, Helmut-Ruska-Haus",Germany,1,2008,2009-12-23,ssRNA(-)
GQ205413.1,GenBank,set:1cab559a96132575a7961276f63eb17796b48872,,,,Orthohantavirus dobravaense,Orthohantavirus dobravaense,Orthohantavirus,Hantaviridae,,,M,"Dobrava-Belgrade virus strain GER/08/131/Af glycoprotein precursor (GPC) gene, complete cds",3630,complete,Germany,Germany,,Apodemus flavicollis,lung,"Schlegel,M., Klempa,B., Auste,B., Bemmann,M., Schmidt-Chanasit,J., Buchner,T., Groschup,M.H., Meier,M., Balkema-Buschmann,A., Zoller,H., Kruger,D.H., Ulrich,R.G., Buechner,T., Buschmann,A.","Charite University Hospital, Institute of Medical Virology, Helmut-Ruska-Haus",Germany,1,2008,2009-12-23,ssRNA(-)
GQ205393.1,GenBank,set:b5fa9a5e5f032a45b9d941425e4f29594c10bcbf,,,,Orthohantavirus dobravaense,Orthohantavirus dobravaense,Orthohantavirus,Hantaviridae,,,S,"Dobrava-Belgrade virus strain Lip2/hu nucleocapsid protein (N) gene, partial cds",559,partial,Russia,Russia,,Homo sapiens,blood,"Dzagurova,T.K., Klempa,B., Tkachenko,E.A., Slyusareva,G.P., Morozov,V.G., Auste,B., Kruger,D.H.","Charite University Hospital, Institute of Medical Virology, Helmut-Ruska-Haus",Germany,1,,2009-12-12,ssRNA(-)
GQ205394.1,GenBank,set:3c042522ff47c3a4b79098d5481f20062ee79799,,,,Orthohantavirus dobravaense,Orthohantavirus dobravaense,Orthohantavirus,Hantaviridae,,,S,"Dobrava-Belgrade virus strain Lip4/hu nucleocapsid protein (N) gene, partial cds",559,partial,Russia,Russia,,Homo sapiens,blood,"Dzagurova,T.K., Klempa,B., Tkachenko,E.A., Slyusareva,G.P., Morozov,V.G., Auste,B., Kruger,D.H.","Charite University Hospital, Institute of Medical Virology, Helmut-Ruska-Haus",Germany,1,,2009-12-12,ssRNA(-)
GQ205395.1,GenBank,set:a852b2290eb9766b8a454dc4e15f838700451f51,,,,Orthohantavirus dobravaense,Orthohantavirus dobravaense,Orthohantavirus,Hantaviridae,,,S,"Dobrava-Belgrade virus strain Lip5/hu nucleocapsid protein (N) gene, partial cds",559,partial,Russia,Russia,,Homo sapiens,blood,"Dzagurova,T.K., Klempa,B., Tkachenko,E.A., Slyusareva,G.P., Morozov,V.G., Auste,B., Kruger,D.H.","Charite University Hospital, Institute of Medical Virology, Helmut-Ruska-Haus",Germany,1,,2009-12-12,ssRNA(-)
GQ205396.1,GenBank,set:485149d07267ed721e6e6e75af6399070eb087c8,,,,Orthohantavirus dobravaense,Orthohantavirus dobravaense,Orthohantavirus,Hantaviridae,,,S,"Dobrava-Belgrade virus strain Lip6/hu nucleocapsid protein (N) gene, partial cds",559,partial,Russia,Russia,,Homo sapiens,blood,"Dzagurova,T.K., Klempa,B., Tkachenko,E.A., Slyusareva,G.P., Morozov,V.G., Auste,B., Kruger,D.H.","Charite University Hospital, Institute of Medical Virology, Helmut-Ruska-Haus",Germany,1,,2009-12-12,ssRNA(-)
GQ205397.1,GenBank,set:5170cdb38aba120d17813d5db1dbb2ff3655e627,,,,Orthohantavirus dobravaense,Orthohantavirus dobravaense,Orthohantavirus,Hantaviridae,,,S,"Dobrava-Belgrade virus strain Lip7/hu nucleocapsid protein (N) gene, partial cds",559,partial,Russia,Russia,,Homo sapiens,blood,"Dzagurova,T.K., Klempa,B., Tkachenko,E.A., Slyusareva,G.P., Morozov,V.G., Auste,B., Kruger,D.H.","Charite University Hospital, Institute of Medical Virology, Helmut-Ruska-Haus",Germany,1,,2009-12-12,ssRNA(-)
GQ205398.1,GenBank,set:abc63036cc38f97d71fb359b70759ff620c602c3,,,,Orthohantavirus dobravaense,Orthohantavirus dobravaense,Orthohantavirus,Hantaviridae,,,S,"Dobrava-Belgrade virus strain Lip17/hu nucleocapsid protein (N) gene, partial cds",559,partial,Russia,Russia,,Apodemus agrarius,lung,"Dzagurova,T.K., Klempa,B., Tkachenko,E.A., Slyusareva,G.P., Morozov,V.G., Auste,B., Kruger,D.H.","Charite University Hospital, Institute of Medical Virology, Helmut-Ruska-Haus",Germany,1,,2009-12-12,ssRNA(-)
GQ205399.1,GenBank,set:b5fa9a5e5f032a45b9d941425e4f29594c10bcbf,,,,Orthohantavirus dobravaense,Orthohantavirus dobravaense,Orthohantavirus,Hantaviridae,,,M,"Dobrava-Belgrade virus strain Lip2/hu glycoprotein precursor (GPC) gene, partial cds",1044,partial,Russia,Russia,,Homo sapiens,blood,"Dzagurova,T.K., Klempa,B., Tkachenko,E.A., Slyusareva,G.P., Morozov,V.G., Auste,B., Kruger,D.H.","Charite University Hospital, Institute of Medical Virology, Helmut-Ruska-Haus",Germany,1,,2009-12-12,ssRNA(-)
GQ205400.1,GenBank,set:c3a67da6d7279078be21fcfb8a6d26ad0ab7e0aa,,,,Orthohantavirus dobravaense,Orthohantavirus dobravaense,Orthohantavirus,Hantaviridae,,,M,"Dobrava-Belgrade virus strain Lip9/hu glycoprotein precursor (GPC) gene, partial cds",1044,partial,Russia,Russia,,Homo sapiens,blood,"Dzagurova,T.K., Klempa,B., Tkachenko,E.A., Slyusareva,G.P., Morozov,V.G., Auste,B., Kruger,D.H.","Charite University Hospital, Institute of Medical Virology, Helmut-Ruska-Haus",Germany,1,,2009-12-12,ssRNA(-)
FN377826.2,GenBank,set:6ecab6c5ca1d6168ddcd3b03861bea56e572e0e7,,,,Kurkino virus,Orthohantavirus dobravaense,Orthohantavirus,Hantaviridae,,,S,"Saaremaa virus partial N gene for nucleocapsid protein, strain SAAV/Aa1/HungaryTR16/00",559,partial,Hungary,Hungary,,Apodemus agrarius,,"Plyusnina,A., Ferenczi,E., Racz,G.R., Nemirov,K., Lundkvist,A., Vaheri,A., Vapalahti,O., Plyusnin,A.","Plyusnin A., Dept of Virology, Haartman Institute, PO Box 21, University of Helsinki, FI 00014",Finland,1,2000,2009-11-24,ssRNA(-)
FN377827.1,GenBank,set:6ecab6c5ca1d6168ddcd3b03861bea56e572e0e7,,,,Kurkino virus,Orthohantavirus dobravaense,Orthohantavirus,Hantaviridae,,,M,"Saaremaa virus partial gene for polyprotein, Gn protein region, strain SAAV/Aa1/HungaryTR16/00",271,partial,Hungary,Hungary,,Apodemus agrarius,,"Plyusnina,A., Ferenczi,E., Racz,G.R., Nemirov,K., Lundkvist,A., Vaheri,A., Vapalahti,O., Plyusnin,A.","Plyusnin A., Dept of Virology, Haartman Institute, PO Box 21, University of Helsinki, FI 00014",Finland,1,2000,2009-11-24,ssRNA(-)
FN377828.2,GenBank,set:100dcf59e086f3dff5452dac8e1f2a8b82fc6844,,,,Orthohantavirus dobravaense,Orthohantavirus dobravaense,Orthohantavirus,Hantaviridae,,,S,"Dobrava-Belgrade virus partial N gene for nucleocapsid protein, strain DOBV/Af27/HungaryTR17/00",559,partial,Hungary,Hungary,,Apodemus flavicollis,,"Plyusnina,A., Ferenczi,E., Racz,G.R., Nemirov,K., Lundkvist,A., Vaheri,A., Vapalahti,O., Plyusnin,A.","Plyusnin A., Dept of Virology, Haartman Institute, PO Box 21, University of Helsinki, FI 00014",Finland,1,2000,2009-11-24,ssRNA(-)
FN377829.1,GenBank,set:100dcf59e086f3dff5452dac8e1f2a8b82fc6844,,,,Orthohantavirus dobravaense,Orthohantavirus dobravaense,Orthohantavirus,Hantaviridae,,,M,"Dobrava-Belgrade virus partial gene for polyprotein, Gn protein region, strain DOBV/Af27/HungaryTR17/00",271,partial,Hungary,Hungary,,Apodemus flavicollis,,"Plyusnina,A., Ferenczi,E., Racz,G.R., Nemirov,K., Lundkvist,A., Vaheri,A., Vapalahti,O., Plyusnin,A.","Plyusnin A., Dept of Virology, Haartman Institute, PO Box 21, University of Helsinki, FI 00014",Finland,1,2000,2009-11-24,ssRNA(-)
GQ303581.1,GenBank,set:cfd2534db06f06071242ff8a48fae480e515e493,,,,Kurkino virus,Orthohantavirus dobravaense,Orthohantavirus,Hantaviridae,,,M,"Saaremaa virus strain Kurkino/Aa38/97 glycoprotein precursor, gene, partial cds",883,partial,Russia,Russia,,Apodemus agrarius,,"Nemirov,K., Plyusnin,A.","Swedish Institute for Infectious Disease Control, Department of Virology",Sweden,,,2009-07-28,ssRNA(-)
GQ303582.1,GenBank,set:fa5e434e2e1deec6a236b82e492571b526a64e28,,,,Kurkino virus,Orthohantavirus dobravaense,Orthohantavirus,Hantaviridae,,,M,"Saaremaa virus strain Kurkino/Aa44/97 glycoprotein precursor, gene, partial cds",883,partial,Russia,Russia,,Apodemus agrarius,,"Nemirov,K., Plyusnin,A.","Swedish Institute for Infectious Disease Control, Department of Virology",Sweden,,,2009-07-28,ssRNA(-)
FJ986109.1,GenBank,set:da081c08b5820eba51c8d89250c200c39e31d5df,,,,Orthohantavirus dobravaense,Orthohantavirus dobravaense,Orthohantavirus,Hantaviridae,,13836,S,"Dobrava-Belgrade virus strain Beskydy-08 segment S nucleocapsid protein (N) gene, partial cds",612,partial,Czech Republic,Czech Republic,,Homo sapiens,,"Papa,A., Zelena,H., Barnetova,D., Petrousova,L.","Medical School, A' Dept. of Microbiology",Greece,1,2008-08-13,2009-06-14,ssRNA(-)
FJ986110.1,GenBank,set:da081c08b5820eba51c8d89250c200c39e31d5df,,,,Orthohantavirus dobravaense,Orthohantavirus dobravaense,Orthohantavirus,Hantaviridae,,13836,M,"Dobrava-Belgrade virus strain Beskydy-08 segment M nonfunctional glycoprotein precursor (GPC) gene, partial sequence",316,partial,Czech Republic,Czech Republic,,Homo sapiens,,"Papa,A., Zelena,H., Barnetova,D., Petrousova,L.","Medical School, A' Dept. of Microbiology",Greece,1,2008-08-13,2009-06-14,ssRNA(-)
DL139689.1,GenBank,set:DL139689,,,,Dobrava-Belgrade orthohantavirus,Orthohantavirus dobravaense,Orthohantavirus,Hantaviridae,,,,METHODS AND REAGENTS FOR DIAGNOSING HANTAVIRUS INFECTION,3644,partial,,,,,,"Pichuantesu,S., Nguyen,S.H.",,,,,2008-09-26,ssRNA(-)
DL139695.1,GenBank,set:DL139695,,,,Dobrava-Belgrade orthohantavirus,Orthohantavirus dobravaense,Orthohantavirus,Hantaviridae,,,,METHODS AND REAGENTS FOR DIAGNOSING HANTAVIRUS INFECTION,249,partial,,,,,,"Pichuantesu,S., Nguyen,S.H.",,,,,2008-09-26,ssRNA(-)
DL139701.1,GenBank,set:DL139701,,,,Dobrava-Belgrade orthohantavirus,Orthohantavirus dobravaense,Orthohantavirus,Hantaviridae,,,,METHODS AND REAGENTS FOR DIAGNOSING HANTAVIRUS INFECTION,1293,partial,,,,,,"Pichuantesu,S., Nguyen,S.H.",,,,,2008-09-26,ssRNA(-)
EU188449.1,GenBank,set:50f50435f8ffc0e8d4d5ea3ecf2df302a9ca9086,,,,Orthohantavirus dobravaense,Orthohantavirus dobravaense,Orthohantavirus,Hantaviridae,,,S,"Dobrava-Belgrade virus strain Ap1584/Sochi-01 segment S nucleocapsid protein (N) gene, complete cds",1649,partial,Russia,Russia,,Apodemus ponticus,,"Klempa,B., Tkachenko,E.A., Dzagurova,T.K., Yunicheva,Y.V., Morozov,V.G., Okulova,N.M., Slyusareva,G.P., Smirnov,A., Kruger,D.H.","Charite University Hospital, Institute of Virology",Germany,1,,2008-08-06,ssRNA(-)
EU188450.1,GenBank,set:50f50435f8ffc0e8d4d5ea3ecf2df302a9ca9086,,,,Orthohantavirus dobravaense,Orthohantavirus dobravaense,Orthohantavirus,Hantaviridae,,,M,"Dobrava-Belgrade virus strain Ap1584/Sochi-01 segment M glycoprotein precursor (GPC) gene, complete cds",3616,partial,Russia,Russia,,Apodemus ponticus,,"Klempa,B., Tkachenko,E.A., Dzagurova,T.K., Yunicheva,Y.V., Morozov,V.G., Okulova,N.M., Slyusareva,G.P., Smirnov,A., Kruger,D.H.","Charite University Hospital, Institute of Virology",Germany,1,,2008-08-06,ssRNA(-)
EU188451.1,GenBank,set:50f50435f8ffc0e8d4d5ea3ecf2df302a9ca9086,,,,Orthohantavirus dobravaense,Orthohantavirus dobravaense,Orthohantavirus,Hantaviridae,,,L,"Dobrava-Belgrade virus strain Ap1584/Sochi-01 segment L RNA dependent RNA polymerase (L) gene, partial cds",541,partial,Russia,Russia,,Apodemus ponticus,,"Klempa,B., Tkachenko,E.A., Dzagurova,T.K., Yunicheva,Y.V., Morozov,V.G., Okulova,N.M., Slyusareva,G.P., Smirnov,A., Kruger,D.H.","Charite University Hospital, Institute of Virology",Germany,1,,2008-08-06,ssRNA(-)
EU188452.1,GenBank,set:2ac32f231233b641956db6cf6aeed5c497322230,,,,Orthohantavirus dobravaense,Orthohantavirus dobravaense,Orthohantavirus,Hantaviridae,,,S,"Dobrava-Belgrade virus strain Aa1854/Lipetsk-02 segment S nucleocapsid protein (N) gene, complete cds",1673,partial,Russia,Russia,,Apodemus agrarius,,"Klempa,B., Tkachenko,E.A., Dzagurova,T.K., Yunicheva,Y.V., Morozov,V.G., Okulova,N.M., Slyusareva,G.P., Smirnov,A., Kruger,D.H.","Charite University Hospital, Institute of Virology",Germany,1,,2008-08-06,ssRNA(-)
EU188453.1,GenBank,set:2ac32f231233b641956db6cf6aeed5c497322230,,,,Orthohantavirus dobravaense,Orthohantavirus dobravaense,Orthohantavirus,Hantaviridae,,,M,"Dobrava-Belgrade virus strain Aa1854/Lipetsk-02 segment M glycoprotein precursor (GPC) gene, complete cds",3643,partial,Russia,Russia,,Apodemus agrarius,,"Klempa,B., Tkachenko,E.A., Dzagurova,T.K., Yunicheva,Y.V., Morozov,V.G., Okulova,N.M., Slyusareva,G.P., Smirnov,A., Kruger,D.H.","Charite University Hospital, Institute of Virology",Germany,1,,2008-08-06,ssRNA(-)
EU188454.1,GenBank,set:2ac32f231233b641956db6cf6aeed5c497322230,,,,Orthohantavirus dobravaense,Orthohantavirus dobravaense,Orthohantavirus,Hantaviridae,,,L,"Dobrava-Belgrade virus strain Aa1854/Lipetsk-02 segment L RNA dependent RNA polymerase (L) gene, partial cds",541,partial,Russia,Russia,,Apodemus agrarius,,"Klempa,B., Tkachenko,E.A., Dzagurova,T.K., Yunicheva,Y.V., Morozov,V.G., Okulova,N.M., Slyusareva,G.P., Smirnov,A., Kruger,D.H.","Charite University Hospital, Institute of Virology",Germany,1,,2008-08-06,ssRNA(-)
EU652420.1,GenBank,set:677ef200e30ea84cc538ecf83d9a032a4474b061,,,,Orthohantavirus dobravaense,Orthohantavirus dobravaense,Orthohantavirus,Hantaviridae,,Kursk/80_Ap_ag/08,S,"Dobrava-Belgrade virus isolate Kursk/80_Ap_ag/08 nucleocapsid protein (N) gene, partial cds",412,partial,Russia: Kursk,Russia,,Apodemus agrarius,,"Garanina,S.B., Platonov,A.E., Zhuravlev,V.I., Murashkina,A.N., Yakimenko,V.V., Korneev,A.G., Shipulin,G.A., Shchukina,I.A., Khodiakova,I.A., Bernshtein,M.M., Malkova,M.G., Luchko,S.V.",Central Research Institute of Epidemiology,Russia,1,2008,2008-05-07,ssRNA(-)
EU562892.1,GenBank,set:2b3fd5c46dc877e744d76234b8206ebf5453757b,,,,Orthohantavirus dobravaense,Orthohantavirus dobravaense,Orthohantavirus,Hantaviridae,,Kursk/679_Ap_ag/07,M,"Dobrava-Belgrade virus isolate Kursk/679_Ap_ag/07 glycoprotein (G2) gene, partial cds",275,partial,Russia: Kursk,Russia,,Apodemus agrarius,,"Garanina,S.B., Platonov,A.E., Zhuravlev,V.I., Murashkina,A.N., Yakimenko,V.V., Korneev,A.G., Shipulin,G.A., Shchukina,I.A., Khodiakova,I.A., Bernshtein,M.M., Malkova,M.G., Luchko,S.V.",Central Research Institute of Epidemiology,Russia,1,,2008-04-16,ssRNA(-)
EU562893.1,GenBank,set:d9bd581c26dcfece4261beed4a651ded567cab45,,,,Orthohantavirus dobravaense,Orthohantavirus dobravaense,Orthohantavirus,Hantaviridae,,Kursk/680_Ap_ag/07,M,"Dobrava-Belgrade virus isolate Kursk/680_Ap_ag/07 glycoprotein (G2) gene, partial cds",275,partial,Russia: Kursk,Russia,,Apodemus agrarius,,"Garanina,S.B., Platonov,A.E., Zhuravlev,V.I., Murashkina,A.N., Yakimenko,V.V., Korneev,A.G., Shipulin,G.A., Shchukina,I.A., Khodiakova,I.A., Bernshtein,M.M., Malkova,M.G., Luchko,S.V.",Central Research Institute of Epidemiology,Russia,1,,2008-04-16,ssRNA(-)
EU562894.1,GenBank,set:747a08acbca93e172a1ccddf0302d6b37153373f,,,,Orthohantavirus dobravaense,Orthohantavirus dobravaense,Orthohantavirus,Hantaviridae,,Kursk/681_Ap_ag/07,M,"Dobrava-Belgrade virus isolate Kursk/681_Ap_ag/07 glycoprotein (G2) gene, partial cds",275,partial,Russia: Kursk,Russia,,Apodemus agrarius,,"Garanina,S.B., Platonov,A.E., Zhuravlev,V.I., Murashkina,A.N., Yakimenko,V.V., Korneev,A.G., Shipulin,G.A., Shchukina,I.A., Khodiakova,I.A., Bernshtein,M.M., Malkova,M.G., Luchko,S.V.",Central Research Institute of Epidemiology,Russia,1,,2008-04-16,ssRNA(-)
EU562895.1,GenBank,set:e117d4d1b0f9af25e17099664dbcafe86685c2d1,,,,Orthohantavirus dobravaense,Orthohantavirus dobravaense,Orthohantavirus,Hantaviridae,,Kursk/682_Ap_ag/07,M,"Dobrava-Belgrade virus isolate Kursk/682_Ap_ag/07 glycoprotein (G2) gene, partial cds",275,partial,Russia: Kursk,Russia,,Apodemus agrarius,,"Garanina,S.B., Platonov,A.E., Zhuravlev,V.I., Murashkina,A.N., Yakimenko,V.V., Korneev,A.G., Shipulin,G.A., Shchukina,I.A., Khodiakova,I.A., Bernshtein,M.M., Malkova,M.G., Luchko,S.V.",Central Research Institute of Epidemiology,Russia,1,,2008-04-16,ssRNA(-)
EU562896.1,GenBank,set:3ac89df3d88bea7064402e3e3daf8cc478253532,,,,Orthohantavirus dobravaense,Orthohantavirus dobravaense,Orthohantavirus,Hantaviridae,,Kursk/713_Ap_ag/07,M,"Dobrava-Belgrade virus isolate Kursk/713_Ap_ag/07 glycoprotein (G2) gene, partial cds",269,partial,Russia: Kursk,Russia,,Apodemus agrarius,,"Garanina,S.B., Platonov,A.E., Zhuravlev,V.I., Murashkina,A.N., Yakimenko,V.V., Korneev,A.G., Shipulin,G.A., Shchukina,I.A., Khodiakova,I.A., Bernshtein,M.M., Malkova,M.G., Luchko,S.V.",Central Research Institute of Epidemiology,Russia,1,,2008-04-16,ssRNA(-)
EU562897.1,GenBank,set:889a952135cbf5de8ab2bb4ef8d48c57eeb39fb0,,,,Orthohantavirus dobravaense,Orthohantavirus dobravaense,Orthohantavirus,Hantaviridae,,Kursk/83_Myod.gl/08,M,"Dobrava-Belgrade virus isolate Kursk/83_Myod.gl/08 glycoprotein (G2) gene, partial cds",275,partial,Russia: Kursk,Russia,,Myodes glareolus,,"Garanina,S.B., Platonov,A.E., Zhuravlev,V.I., Murashkina,A.N., Yakimenko,V.V., Korneev,A.G., Shipulin,G.A., Shchukina,I.A., Khodiakova,I.A., Bernshtein,M.M., Malkova,M.G., Luchko,S.V.",Central Research Institute of Epidemiology,Russia,1,,2008-04-16,ssRNA(-)
EU562898.1,GenBank,set:b1c5a0e4ebab49875b90e0ddfd4546f56272961e,,,,Orthohantavirus dobravaense,Orthohantavirus dobravaense,Orthohantavirus,Hantaviridae,,Kursk/69_Myod.gl/08,M,"Dobrava-Belgrade virus isolate Kursk/69_Myod.gl/08 glycoprotein (G2) gene, partial cds",275,partial,Russia: Kursk,Russia,,Myodes glareolus,,"Garanina,S.B., Platonov,A.E., Zhuravlev,V.I., Murashkina,A.N., Yakimenko,V.V., Korneev,A.G., Shipulin,G.A., Shchukina,I.A., Khodiakova,I.A., Bernshtein,M.M., Malkova,M.G., Luchko,S.V.",Central Research Institute of Epidemiology,Russia,1,,2008-04-16,ssRNA(-)
EU562899.1,GenBank,set:74a6565a6d13982ebf46c557cc9a3436b1d0cd3f,,,,Orthohantavirus dobravaense,Orthohantavirus dobravaense,Orthohantavirus,Hantaviridae,,Kursk/01_Human/08,M,"Dobrava-Belgrade virus isolate Kursk/01_Human/08 glycoprotein (G2) gene, partial cds",275,partial,Russia: Kursk,Russia,,,blood,"Garanina,S.B., Platonov,A.E., Zhuravlev,V.I., Murashkina,A.N., Yakimenko,V.V., Korneev,A.G., Shipulin,G.A., Shchukina,I.A., Khodiakova,I.A., Bernshtein,M.M., Malkova,M.G., Luchko,S.V.",Central Research Institute of Epidemiology,Russia,1,,2008-04-16,ssRNA(-)
EU562900.1,GenBank,set:f884630ab7c1e6c43916e4bf50c61f5b02a8bf2c,,,,Orthohantavirus dobravaense,Orthohantavirus dobravaense,Orthohantavirus,Hantaviridae,,Kursk/02_Human/08,M,"Dobrava-Belgrade virus isolate Kursk/02_Human/08 glycoprotein (G2) gene, partial cds",275,partial,Russia: Kursk,Russia,,,blood,"Garanina,S.B., Platonov,A.E., Zhuravlev,V.I., Murashkina,A.N., Yakimenko,V.V., Korneev,A.G., Shipulin,G.A., Shchukina,I.A., Khodiakova,I.A., Bernshtein,M.M., Malkova,M.G., Luchko,S.V.",Central Research Institute of Epidemiology,Russia,1,,2008-04-16,ssRNA(-)
EU562901.1,GenBank,set:1fbb7a82c750a0f46eae13ab387c94501f472429,,,,Orthohantavirus dobravaense,Orthohantavirus dobravaense,Orthohantavirus,Hantaviridae,,Kursk/73_Ap_ag/08,M,"Dobrava-Belgrade virus isolate Kursk/73_Ap_ag/08 glycoprotein (G2) gene, partial cds",275,partial,Russia: Kursk,Russia,,Apodemus agrarius,,"Garanina,S.B., Platonov,A.E., Zhuravlev,V.I., Murashkina,A.N., Yakimenko,V.V., Korneev,A.G., Shipulin,G.A., Shchukina,I.A., Khodiakova,I.A., Bernshtein,M.M., Malkova,M.G., Luchko,S.V.",Central Research Institute of Epidemiology,Russia,1,,2008-04-16,ssRNA(-)
EU562902.1,GenBank,set:88b32477936a0fc5560199c57d74f40e72c12cad,,,,Orthohantavirus dobravaense,Orthohantavirus dobravaense,Orthohantavirus,Hantaviridae,,Kursk/74_Ap_ag/08,M,"Dobrava-Belgrade virus isolate Kursk/74_Ap_ag/08 glycoprotein gene, partial cds",275,partial,Russia: Kursk,Russia,,Apodemus agrarius,,"Garanina,S.B., Platonov,A.E., Zhuravlev,V.I., Murashkina,A.N., Yakimenko,V.V., Korneev,A.G., Shipulin,G.A., Shchukina,I.A., Khodiakova,I.A., Bernshtein,M.M., Malkova,M.G., Luchko,S.V.",Central Research Institute of Epidemiology,Russia,1,,2008-04-16,ssRNA(-)
EU562903.1,GenBank,set:22ecce4566e82bf65ec440831891715bb20abfff,,,,Orthohantavirus dobravaense,Orthohantavirus dobravaense,Orthohantavirus,Hantaviridae,,Kursk/75_Ap_ag/08,M,"Dobrava-Belgrade virus isolate Kursk/75_Ap_ag/08 glycoprotein (G2) gene, partial cds",275,partial,Russia: Kursk,Russia,,Apodemus agrarius,,"Garanina,S.B., Platonov,A.E., Zhuravlev,V.I., Murashkina,A.N., Yakimenko,V.V., Korneev,A.G., Shipulin,G.A., Shchukina,I.A., Khodiakova,I.A., Bernshtein,M.M., Malkova,M.G., Luchko,S.V.",Central Research Institute of Epidemiology,Russia,1,,2008-04-16,ssRNA(-)
EU562904.1,GenBank,set:03751e5cbe26ba85b4e990eb3c1613d3a71df255,,,,Orthohantavirus dobravaense,Orthohantavirus dobravaense,Orthohantavirus,Hantaviridae,,Kursk/78_Ap_ag/08,M,"Dobrava-Belgrade virus isolate Kursk/78_Ap_ag/08 glycoprotein (G2) gene, partial cds",275,partial,Russia: Kursk,Russia,,Apodemus agrarius,,"Garanina,S.B., Platonov,A.E., Zhuravlev,V.I., Murashkina,A.N., Yakimenko,V.V., Korneev,A.G., Shipulin,G.A., Shchukina,I.A., Khodiakova,I.A., Bernshtein,M.M., Malkova,M.G., Luchko,S.V.",Central Research Institute of Epidemiology,Russia,1,,2008-04-16,ssRNA(-)
EU562905.1,GenBank,set:1363d3383e46f9fb4820643fe45b3f6253c8804b,,,,Orthohantavirus dobravaense,Orthohantavirus dobravaense,Orthohantavirus,Hantaviridae,,Kursk/79_Ap_ag/08,M,"Dobrava-Belgrade virus isolate Kursk/79_Ap_ag/08 glycoprotein (G2) gene, partial cds",275,partial,Russia: Kursk,Russia,,Apodemus agrarius,,"Garanina,S.B., Platonov,A.E., Zhuravlev,V.I., Murashkina,A.N., Yakimenko,V.V., Korneev,A.G., Shipulin,G.A., Shchukina,I.A., Khodiakova,I.A., Bernshtein,M.M., Malkova,M.G., Luchko,S.V.",Central Research Institute of Epidemiology,Russia,1,,2008-04-16,ssRNA(-)
EU562906.1,GenBank,set:677ef200e30ea84cc538ecf83d9a032a4474b061,,,,Orthohantavirus dobravaense,Orthohantavirus dobravaense,Orthohantavirus,Hantaviridae,,Kursk/80_Ap_ag/08,M,"Dobrava-Belgrade virus isolate Kursk/80_Ap_ag/08 glycoprotein (G2) gene, partial cds",275,partial,Russia: Kursk,Russia,,Apodemus agrarius,,"Garanina,S.B., Platonov,A.E., Zhuravlev,V.I., Murashkina,A.N., Yakimenko,V.V., Korneev,A.G., Shipulin,G.A., Shchukina,I.A., Khodiakova,I.A., Bernshtein,M.M., Malkova,M.G., Luchko,S.V.",Central Research Institute of Epidemiology,Russia,1,,2008-04-16,ssRNA(-)
EU562907.1,GenBank,set:f7bb826e4e17a3de2ae466468891ebc28cd8fa1f,,,,Orthohantavirus dobravaense,Orthohantavirus dobravaense,Orthohantavirus,Hantaviridae,,Kursk/81_Ap_ag/08,M,"Dobrava-Belgrade virus isolate Kursk/81_Ap_ag/08 glycoprotein (G2) gene, partial cds",275,partial,Russia: Kursk,Russia,,Apodemus agrarius,,"Garanina,S.B., Platonov,A.E., Zhuravlev,V.I., Murashkina,A.N., Yakimenko,V.V., Korneev,A.G., Shipulin,G.A., Shchukina,I.A., Khodiakova,I.A., Bernshtein,M.M., Malkova,M.G., Luchko,S.V.",Central Research Institute of Epidemiology,Russia,1,,2008-04-16,ssRNA(-)
EU562908.1,GenBank,set:6b912cf4ad8074776dc806480069c8603940af5a,,,,Orthohantavirus dobravaense,Orthohantavirus dobravaense,Orthohantavirus,Hantaviridae,,Kursk/82_Ap_ag/08,M,"Dobrava-Belgrade virus isolate Kursk/82_Ap_ag/08 glycoprotein (G2) gene, partial cds",275,partial,Russia: Kursk,Russia,,Apodemus agrarius,,"Garanina,S.B., Platonov,A.E., Zhuravlev,V.I., Murashkina,A.N., Yakimenko,V.V., Korneev,A.G., Shipulin,G.A., Shchukina,I.A., Khodiakova,I.A., Bernshtein,M.M., Malkova,M.G., Luchko,S.V.",Central Research Institute of Epidemiology,Russia,1,,2008-04-16,ssRNA(-)
EU562909.1,GenBank,set:404dc83cf504092527859e76d0bf325f51e2f4a3,,,,Orthohantavirus dobravaense,Orthohantavirus dobravaense,Orthohantavirus,Hantaviridae,,Lipetsk/21_Human/07,M,"Dobrava-Belgrade virus isolate Lipetsk/21_Human/07 glycoprotein (G2) gene, partial cds",269,partial,Russia: Lipetzk,Russia,,,blood,"Garanina,S.B., Platonov,A.E., Zhuravlev,V.I., Murashkina,A.N., Yakimenko,V.V., Korneev,A.G., Shipulin,G.A., Shchukina,I.A., Khodiakova,I.A., Bernshtein,M.M., Malkova,M.G., Luchko,S.V.",Central Research Institute of Epidemiology,Russia,1,,2008-04-16,ssRNA(-)
EU562910.1,GenBank,set:719fa31930a46af5bdd158a4fe02ba7c9275f3ac,,,,Orthohantavirus dobravaense,Orthohantavirus dobravaense,Orthohantavirus,Hantaviridae,,Lip_Dobrin/003_Human/07,M,"Dobrava-Belgrade virus isolate Lip_Dobrin/003_Human/07 glycoprotein (G2) gene, partial cds",269,partial,Russia: Lipetzk,Russia,,,blood,"Garanina,S.B., Platonov,A.E., Zhuravlev,V.I., Murashkina,A.N., Yakimenko,V.V., Korneev,A.G., Shipulin,G.A., Shchukina,I.A., Khodiakova,I.A., Bernshtein,M.M., Malkova,M.G., Luchko,S.V.",Central Research Institute of Epidemiology,Russia,1,,2008-04-16,ssRNA(-)
EU562911.1,GenBank,set:ce82b5809077616379780a1be1e802df84f5da0b,,,,Orthohantavirus dobravaense,Orthohantavirus dobravaense,Orthohantavirus,Hantaviridae,,Lip_Dobrin/004_Human/07,M,"Dobrava-Belgrade virus isolate Lip_Dobrin/004_Human/07 glycoprotein (G2) gene, partial cds",269,partial,Russia: Lipetzk,Russia,,,blood,"Garanina,S.B., Platonov,A.E., Zhuravlev,V.I., Murashkina,A.N., Yakimenko,V.V., Korneev,A.G., Shipulin,G.A., Shchukina,I.A., Khodiakova,I.A., Bernshtein,M.M., Malkova,M.G., Luchko,S.V.",Central Research Institute of Epidemiology,Russia,1,,2008-04-16,ssRNA(-)
EU562912.1,GenBank,set:66928c08a486bfaa23235cacfd05db2afd51af82,,,,Orthohantavirus dobravaense,Orthohantavirus dobravaense,Orthohantavirus,Hantaviridae,,Lip_Usman/04_Human/07,M,"Dobrava-Belgrade virus isolate Lip_Usman/04_Human/07 glycoprotein (G2) gene, partial cds",269,partial,Russia: Lipetzk,Russia,,,blood,"Garanina,S.B., Platonov,A.E., Zhuravlev,V.I., Murashkina,A.N., Yakimenko,V.V., Korneev,A.G., Shipulin,G.A., Shchukina,I.A., Khodiakova,I.A., Bernshtein,M.M., Malkova,M.G., Luchko,S.V.",Central Research Institute of Epidemiology,Russia,1,,2008-04-16,ssRNA(-)
EU562913.1,GenBank,set:ac494456740e678750a0d42a4a33ef6835b804c5,,,,Orthohantavirus dobravaense,Orthohantavirus dobravaense,Orthohantavirus,Hantaviridae,,Lip_Usman/03_Human/07,M,"Dobrava-Belgrade virus isolate Lip_Usman/03_Human/07 glycoprotein (G2) gene, partial cds",263,partial,Russia: Lipetzk,Russia,,,blood,"Garanina,S.B., Platonov,A.E., Zhuravlev,V.I., Murashkina,A.N., Yakimenko,V.V., Korneev,A.G., Shipulin,G.A., Shchukina,I.A., Khodiakova,I.A., Bernshtein,M.M., Malkova,M.G., Luchko,S.V.",Central Research Institute of Epidemiology,Russia,1,,2008-04-16,ssRNA(-)
EU562914.1,GenBank,set:11c1e9ad663c3cfed9323ffac80b57b16805a44f,,,,Orthohantavirus dobravaense,Orthohantavirus dobravaense,Orthohantavirus,Hantaviridae,,Lip_Usman/02_Human/07,M,"Dobrava-Belgrade virus isolate Lip_Usman/02_Human/07 glycoprotein (G2) gene, partial cds",248,partial,Russia: Lipetzk,Russia,,,blood,"Garanina,S.B., Platonov,A.E., Zhuravlev,V.I., Murashkina,A.N., Yakimenko,V.V., Korneev,A.G., Shipulin,G.A., Shchukina,I.A., Khodiakova,I.A., Bernshtein,M.M., Malkova,M.G., Luchko,S.V.",Central Research Institute of Epidemiology,Russia,1,,2008-04-16,ssRNA(-)
EU562915.1,GenBank,set:61cdcc24aa6b71b3c07d7a74d627a396647b12b3,,,,Orthohantavirus dobravaense,Orthohantavirus dobravaense,Orthohantavirus,Hantaviridae,,Lip_Dobrin/026_Human,M,"Dobrava-Belgrade virus isolate Lip_Dobrin/026_Human glycoprotein (G2) gene, partial cds",233,partial,Russia: Lipetzk,Russia,,,blood,"Garanina,S.B., Platonov,A.E., Zhuravlev,V.I., Murashkina,A.N., Yakimenko,V.V., Korneev,A.G., Shipulin,G.A., Shchukina,I.A., Khodiakova,I.A., Bernshtein,M.M., Malkova,M.G., Luchko,S.V.",Central Research Institute of Epidemiology,Russia,1,,2008-04-16,ssRNA(-)
EU562916.1,GenBank,set:a8a41ac3b03a2c1d1705cf92c775089d01c36600,,,,Orthohantavirus dobravaense,Orthohantavirus dobravaense,Orthohantavirus,Hantaviridae,,Lip_Dobrin/009_Human,M,"Dobrava-Belgrade virus isolate Lip_Dobrin/009_Human glycoprotein (G2) gene, partial cds",269,partial,Russia: Lipetzk,Russia,,,blood,"Garanina,S.B., Platonov,A.E., Zhuravlev,V.I., Murashkina,A.N., Yakimenko,V.V., Korneev,A.G., Shipulin,G.A., Shchukina,I.A., Khodiakova,I.A., Bernshtein,M.M., Malkova,M.G., Luchko,S.V.",Central Research Institute of Epidemiology,Russia,1,,2008-04-16,ssRNA(-)
EU562917.1,GenBank,set:a0d9b09e89c57763c334ede053aa8c0c06e35b1c,,,,Orthohantavirus dobravaense,Orthohantavirus dobravaense,Orthohantavirus,Hantaviridae,,Lip_Dobrin/108_Ap_ag/07,M,"Dobrava-Belgrade virus isolate Lip_Dobrin/108_Ap_ag/07 glycoprotein (G2) gene, partial cds",269,partial,Russia: Lipetzk,Russia,,Apodemus agrarius,,"Garanina,S.B., Platonov,A.E., Zhuravlev,V.I., Murashkina,A.N., Yakimenko,V.V., Korneev,A.G., Shipulin,G.A., Shchukina,I.A., Khodiakova,I.A., Bernshtein,M.M., Malkova,M.G., Luchko,S.V.",Central Research Institute of Epidemiology,Russia,1,,2008-04-16,ssRNA(-)
EU562918.1,GenBank,set:da468089a73c3bf7563858f339215fb6393e5c67,,,,Orthohantavirus dobravaense,Orthohantavirus dobravaense,Orthohantavirus,Hantaviridae,,Lip_Usman/228_Sorex/07,M,"Dobrava-Belgrade virus isolate Lip_Usman/228_Sorex/07 glycoprotein (G2) gene, partial cds",269,partial,Russia: Lipetzk,Russia,,Sorex araneus,,"Garanina,S.B., Platonov,A.E., Zhuravlev,V.I., Murashkina,A.N., Yakimenko,V.V., Korneev,A.G., Shipulin,G.A., Shchukina,I.A., Khodiakova,I.A., Bernshtein,M.M., Malkova,M.G., Luchko,S.V.",Central Research Institute of Epidemiology,Russia,1,,2008-04-16,ssRNA(-)
EU562919.1,GenBank,set:125f6fef273cc6dea18c262ad4a21f0e4e3de6db,,,,Orthohantavirus dobravaense,Orthohantavirus dobravaense,Orthohantavirus,Hantaviridae,,Lip_Dobrin/141_Ap_ag/07,M,"Dobrava-Belgrade virus isolate Lip_Dobrin/141_Ap_ag/07 glycoprotein (G2) gene, partial cds",269,partial,Russia: Lipetzk,Russia,,Apodemus agrarius,,"Garanina,S.B., Platonov,A.E., Zhuravlev,V.I., Murashkina,A.N., Yakimenko,V.V., Korneev,A.G., Shipulin,G.A., Shchukina,I.A., Khodiakova,I.A., Bernshtein,M.M., Malkova,M.G., Luchko,S.V.",Central Research Institute of Epidemiology,Russia,1,,2008-04-16,ssRNA(-)
EU562920.1,GenBank,set:1dd844e771be2be2a617b67c3e6b46cb42e44b1c,,,,Orthohantavirus dobravaense,Orthohantavirus dobravaense,Orthohantavirus,Hantaviridae,,Lip_Dobrin/54_Ap_ag/07,M,"Dobrava-Belgrade virus isolate Lip_Dobrin/54_Ap_ag/07 glycoprotein (G2) gene, partial cds",269,partial,Russia: Lipetzk,Russia,,Apodemus agrarius,,"Garanina,S.B., Platonov,A.E., Zhuravlev,V.I., Murashkina,A.N., Yakimenko,V.V., Korneev,A.G., Shipulin,G.A., Shchukina,I.A., Khodiakova,I.A., Bernshtein,M.M., Malkova,M.G., Luchko,S.V.",Central Research Institute of Epidemiology,Russia,1,,2008-04-16,ssRNA(-)
EU562921.1,GenBank,set:5f938a45f60e1dc02c35a182b4b41dd12059805e,,,,Orthohantavirus dobravaense,Orthohantavirus dobravaense,Orthohantavirus,Hantaviridae,,Lip_Dobrin/122_Ap_ag/07,M,"Dobrava-Belgrade virus isolate Lip_Dobrin/122_Ap_ag/07 glycoprotein (G2) gene, partial cds",269,partial,Russia: Lipetzk,Russia,,Apodemus agrarius,,"Garanina,S.B., Platonov,A.E., Zhuravlev,V.I., Murashkina,A.N., Yakimenko,V.V., Korneev,A.G., Shipulin,G.A., Shchukina,I.A., Khodiakova,I.A., Bernshtein,M.M., Malkova,M.G., Luchko,S.V.",Central Research Institute of Epidemiology,Russia,1,,2008-04-16,ssRNA(-)
EU562922.1,GenBank,set:190e10d461a720eadf30a590f41f0cdb1161dd25,,,,Orthohantavirus dobravaense,Orthohantavirus dobravaense,Orthohantavirus,Hantaviridae,,Lip_Dobrin/17_Ap_ag/07,M,"Dobrava-Belgrade virus isolate Lip_Dobrin/17_Ap_ag/07 glycoprotein (G2) gene, partial cds",269,partial,Russia: Lipetzk,Russia,,Apodemus agrarius,,"Garanina,S.B., Platonov,A.E., Zhuravlev,V.I., Murashkina,A.N., Yakimenko,V.V., Korneev,A.G., Shipulin,G.A., Shchukina,I.A., Khodiakova,I.A., Bernshtein,M.M., Malkova,M.G., Luchko,S.V.",Central Research Institute of Epidemiology,Russia,1,,2008-04-16,ssRNA(-)
EU562923.1,GenBank,set:8ab5735444f7e501c243d1e58a96c1030e30a48b,,,,Orthohantavirus dobravaense,Orthohantavirus dobravaense,Orthohantavirus,Hantaviridae,,Lip_Dobrin/13_Ap_ag/07,M,"Dobrava-Belgrade virus isolate Lip_Dobrin/13_Ap_ag/07 glycoprotein (G2) gene, partial cds",269,partial,Russia: Lipetzk,Russia,,Apodemus agrarius,,"Garanina,S.B., Platonov,A.E., Zhuravlev,V.I., Murashkina,A.N., Yakimenko,V.V., Korneev,A.G., Shipulin,G.A., Shchukina,I.A., Khodiakova,I.A., Bernshtein,M.M., Malkova,M.G., Luchko,S.V.",Central Research Institute of Epidemiology,Russia,1,,2008-04-16,ssRNA(-)
EU562924.1,GenBank,set:f189fedcb27c2874477ae7b561fd7b955e2bcf4c,,,,Orthohantavirus dobravaense,Orthohantavirus dobravaense,Orthohantavirus,Hantaviridae,,Lip_Dobrin/34_Ap_ag/07,M,"Dobrava-Belgrade virus isolate Lip_Dobrin/34_Ap_ag/07 glycoprotein (G2) gene, partial cds",266,partial,Russia: Lipetzk,Russia,,Apodemus agrarius,,"Garanina,S.B., Platonov,A.E., Zhuravlev,V.I., Murashkina,A.N., Yakimenko,V.V., Korneev,A.G., Shipulin,G.A., Shchukina,I.A., Khodiakova,I.A., Bernshtein,M.M., Malkova,M.G., Luchko,S.V.",Central Research Institute of Epidemiology,Russia,1,,2008-04-16,ssRNA(-)
EU562925.1,GenBank,set:0d34217dadebc7a9b3ec61fa065f636a955d6ba0,,,,Orthohantavirus dobravaense,Orthohantavirus dobravaense,Orthohantavirus,Hantaviridae,,Lip_Usman/93_Ap_ag/07,M,"Dobrava-Belgrade virus isolate Lip_Usman/93_Ap_ag/07 glycoprotein (G2) gene, partial cds",263,partial,Russia: Lipetzk,Russia,,Apodemus agrarius,,"Garanina,S.B., Platonov,A.E., Zhuravlev,V.I., Murashkina,A.N., Yakimenko,V.V., Korneev,A.G., Shipulin,G.A., Shchukina,I.A., Khodiakova,I.A., Bernshtein,M.M., Malkova,M.G., Luchko,S.V.",Central Research Institute of Epidemiology,Russia,1,,2008-04-16,ssRNA(-)
EU562926.1,GenBank,set:678033b5f680695f16df1e89a49f1b91a2da1d26,,,,Orthohantavirus dobravaense,Orthohantavirus dobravaense,Orthohantavirus,Hantaviridae,,Lip_Dobrin/57_Ap_ag/07,M,"Dobrava-Belgrade virus isolate Lip_Dobrin/57_Ap_ag/07 glycoprotein (G2) gene, partial cds",248,partial,Russia: Lipetzk,Russia,,Apodemus agrarius,,"Garanina,S.B., Platonov,A.E., Zhuravlev,V.I., Murashkina,A.N., Yakimenko,V.V., Korneev,A.G., Shipulin,G.A., Shchukina,I.A., Khodiakova,I.A., Bernshtein,M.M., Malkova,M.G., Luchko,S.V.",Central Research Institute of Epidemiology,Russia,1,,2008-04-16,ssRNA(-)
EU562927.1,GenBank,set:3e4bf18b7fe3bb0b8d4f25625e63cf50c5292815,,,,Orthohantavirus dobravaense,Orthohantavirus dobravaense,Orthohantavirus,Hantaviridae,,Lip_Dobrin/72_Micr_arv/07,M,"Dobrava-Belgrade virus isolate Lip_Dobrin/72_Micr_arv/07 glycoprotein (G2) gene, partial cds",245,partial,Russia: Lipetzk,Russia,,Microtus arvalis,,"Garanina,S.B., Platonov,A.E., Zhuravlev,V.I., Murashkina,A.N., Yakimenko,V.V., Korneev,A.G., Shipulin,G.A., Shchukina,I.A., Khodiakova,I.A., Bernshtein,M.M., Malkova,M.G., Luchko,S.V.",Central Research Institute of Epidemiology,Russia,1,,2008-04-16,ssRNA(-)
EU562928.1,GenBank,set:06af124c9625b1ec324d9da08ea68faf7abc5055,,,,Orthohantavirus dobravaense,Orthohantavirus dobravaense,Orthohantavirus,Hantaviridae,,Lip_Dobrin/26_Ap_ag/07,M,"Dobrava-Belgrade virus isolate Lip_Dobrin/26_Ap_ag/07 glycoprotein (G2) gene, partial cds",236,partial,Russia: Lipetzk,Russia,,Apodemus agrarius,,"Garanina,S.B., Platonov,A.E., Zhuravlev,V.I., Murashkina,A.N., Yakimenko,V.V., Korneev,A.G., Shipulin,G.A., Shchukina,I.A., Khodiakova,I.A., Bernshtein,M.M., Malkova,M.G., Luchko,S.V.",Central Research Institute of Epidemiology,Russia,1,,2008-04-16,ssRNA(-)
EU562929.1,GenBank,set:79754b0134b0a95151fc3bc3cc2557e2000a1761,,,,Orthohantavirus dobravaense,Orthohantavirus dobravaense,Orthohantavirus,Hantaviridae,,Lip_Usman/154_Ap_ag/07,M,"Dobrava-Belgrade virus isolate Lip_Usman/154_Ap_ag/07 glycoprotein (G2) gene, partial cds",233,partial,Russia: Lipetzk,Russia,,Apodemus agrarius,,"Garanina,S.B., Platonov,A.E., Zhuravlev,V.I., Murashkina,A.N., Yakimenko,V.V., Korneev,A.G., Shipulin,G.A., Shchukina,I.A., Khodiakova,I.A., Bernshtein,M.M., Malkova,M.G., Luchko,S.V.",Central Research Institute of Epidemiology,Russia,1,,2008-04-16,ssRNA(-)
EU562930.1,GenBank,set:9cb7e61225c37d300135897c912f4fc8c94598fc,,,,Orthohantavirus dobravaense,Orthohantavirus dobravaense,Orthohantavirus,Hantaviridae,,Lip_Usman/196_Ap_ag/07,M,"Dobrava-Belgrade virus isolate Lip_Usman/196_Ap_ag/07 glycoprotein (G2) gene, partial cds",200,partial,Russia: Lipetzk,Russia,,Apodemus agrarius,,"Garanina,S.B., Platonov,A.E., Zhuravlev,V.I., Murashkina,A.N., Yakimenko,V.V., Korneev,A.G., Shipulin,G.A., Shchukina,I.A., Khodiakova,I.A., Bernshtein,M.M., Malkova,M.G., Luchko,S.V.",Central Research Institute of Epidemiology,Russia,1,,2008-04-16,ssRNA(-)
EU562931.1,GenBank,set:4097693d72fa5f92fa612ca3cf4595528635ba94,,,,Orthohantavirus dobravaense,Orthohantavirus dobravaense,Orthohantavirus,Hantaviridae,,Lip_Dobrin/109_Ap_ag/07,M,"Dobrava-Belgrade virus isolate Lip_Dobrin/109_Ap_ag/07 glycoprotein (G2) gene, partial cds",269,partial,Russia: Lipetzk,Russia,,Apodemus agrarius,,"Garanina,S.B., Platonov,A.E., Zhuravlev,V.I., Murashkina,A.N., Yakimenko,V.V., Korneev,A.G., Shipulin,G.A., Shchukina,I.A., Khodiakova,I.A., Bernshtein,M.M., Malkova,M.G., Luchko,S.V.",Central Research Institute of Epidemiology,Russia,1,,2008-04-16,ssRNA(-)
EU562932.1,GenBank,set:055e4d3b1cdd88cb198722045fbf481bd2fb1917,,,,Orthohantavirus dobravaense,Orthohantavirus dobravaense,Orthohantavirus,Hantaviridae,,Lip_Dobrin/53_Ap_ag/07,M,"Dobrava-Belgrade virus isolate Lip_Dobrin/53_Ap_ag/07 glycoprotein (G2) gene, partial cds",269,partial,Russia: Lipetzk,Russia,,Apodemus agrarius,,"Garanina,S.B., Platonov,A.E., Zhuravlev,V.I., Murashkina,A.N., Yakimenko,V.V., Korneev,A.G., Shipulin,G.A., Shchukina,I.A., Khodiakova,I.A., Bernshtein,M.M., Malkova,M.G., Luchko,S.V.",Central Research Institute of Epidemiology,Russia,1,,2008-04-16,ssRNA(-)
EU562933.1,GenBank,set:32fdd0b8ffab7283779df39b78c03d494f806432,,,,Orthohantavirus dobravaense,Orthohantavirus dobravaense,Orthohantavirus,Hantaviridae,,Lip_Usman/158_Ap_ag/07,M,"Dobrava-Belgrade virus isolate Lip_Usman/158_Ap_ag/07 glycoprotein (G2) gene, partial cds",269,partial,Russia: Lipetzk,Russia,,Apodemus agrarius,,"Garanina,S.B., Platonov,A.E., Zhuravlev,V.I., Murashkina,A.N., Yakimenko,V.V., Korneev,A.G., Shipulin,G.A., Shchukina,I.A., Khodiakova,I.A., Bernshtein,M.M., Malkova,M.G., Luchko,S.V.",Central Research Institute of Epidemiology,Russia,1,,2008-04-16,ssRNA(-)
EU562934.1,GenBank,set:9517f7f52fd75872661601cf2a96a91d499602f6,,,,Orthohantavirus dobravaense,Orthohantavirus dobravaense,Orthohantavirus,Hantaviridae,,Lip_Dobrin/14_Ap_ag/07,M,"Dobrava-Belgrade virus isolate Lip_Dobrin/14_Ap_ag/07 glycoprotein (G2) gene, partial cds",248,partial,Russia: Lipetzk,Russia,,Apodemus agrarius,,"Garanina,S.B., Platonov,A.E., Zhuravlev,V.I., Murashkina,A.N., Yakimenko,V.V., Korneev,A.G., Shipulin,G.A., Shchukina,I.A., Khodiakova,I.A., Bernshtein,M.M., Malkova,M.G., Luchko,S.V.",Central Research Institute of Epidemiology,Russia,1,,2008-04-16,ssRNA(-)
EU562935.1,GenBank,set:db1b7f46c10237fe87a96ae000a78b7479e975e3,,,,Orthohantavirus dobravaense,Orthohantavirus dobravaense,Orthohantavirus,Hantaviridae,,Lip_Dobrin/31_Ap_ag/07,M,"Dobrava-Belgrade virus isolate Lip_Dobrin/31_Ap_ag/07 glycoprotein (G2) gene, partial cds",269,partial,Russia: Lipetzk,Russia,,Apodemus agrarius,,"Garanina,S.B., Platonov,A.E., Zhuravlev,V.I., Murashkina,A.N., Yakimenko,V.V., Korneev,A.G., Shipulin,G.A., Shchukina,I.A., Khodiakova,I.A., Bernshtein,M.M., Malkova,M.G., Luchko,S.V.",Central Research Institute of Epidemiology,Russia,1,,2008-04-16,ssRNA(-)
EU562936.1,GenBank,set:57ed29bc6f0141e4a345ae0b3cb36f5af241bf06,,,,Orthohantavirus dobravaense,Orthohantavirus dobravaense,Orthohantavirus,Hantaviridae,,Lip_Dobrin/77_Ap_ag/07,M,"Dobrava-Belgrade virus isolate Lip_Dobrin/77_Ap_ag/07 glycoprotein (G2) gene, partial cds",269,partial,Russia: Lipetzk,Russia,,Apodemus agrarius,,"Garanina,S.B., Platonov,A.E., Zhuravlev,V.I., Murashkina,A.N., Yakimenko,V.V., Korneev,A.G., Shipulin,G.A., Shchukina,I.A., Khodiakova,I.A., Bernshtein,M.M., Malkova,M.G., Luchko,S.V.",Central Research Institute of Epidemiology,Russia,1,,2008-04-16,ssRNA(-)
EU562937.1,GenBank,set:6a7a53b5f895fd5557d02620eab8c70680435678,,,,Orthohantavirus dobravaense,Orthohantavirus dobravaense,Orthohantavirus,Hantaviridae,,Lip_Dobrin/25_Ap_sylv/07,M,"Dobrava-Belgrade virus isolate Lip_Dobrin/25_Ap_sylv/07 glycoprotein (G2) gene, partial cds",269,partial,Russia: Lipetzk,Russia,,Apodemus sylvaticus,,"Garanina,S.B., Platonov,A.E., Zhuravlev,V.I., Murashkina,A.N., Yakimenko,V.V., Korneev,A.G., Shipulin,G.A., Shchukina,I.A., Khodiakova,I.A., Bernshtein,M.M., Malkova,M.G., Luchko,S.V.",Central Research Institute of Epidemiology,Russia,1,,2008-04-16,ssRNA(-)
EU562938.1,GenBank,set:44c02a3f4c4427904a239438cee323ea6904f86a,,,,Orthohantavirus dobravaense,Orthohantavirus dobravaense,Orthohantavirus,Hantaviridae,,Lip_Dobrin/131_Ap_ag/07,M,"Dobrava-Belgrade virus isolate Lip_Dobrin/131_Ap_ag/07 glycoprotein (G2) gene, partial cds",269,partial,Russia: Lipetzk,Russia,,Apodemus agrarius,,"Garanina,S.B., Platonov,A.E., Zhuravlev,V.I., Murashkina,A.N., Yakimenko,V.V., Korneev,A.G., Shipulin,G.A., Shchukina,I.A., Khodiakova,I.A., Bernshtein,M.M., Malkova,M.G., Luchko,S.V.",Central Research Institute of Epidemiology,Russia,1,,2008-04-16,ssRNA(-)
EU562939.1,GenBank,set:8c676a426689ab43015b65bae545a7df09d2bfcb,,,,Orthohantavirus dobravaense,Orthohantavirus dobravaense,Orthohantavirus,Hantaviridae,,Lip_Dobrin/129_Ap_ag/07,M,"Dobrava-Belgrade virus isolate Lip_Dobrin/129_Ap_ag/07 glycoprotein (G2) gene, partial cds",269,partial,Russia: Lipetzk,Russia,,Apodemus agrarius,,"Garanina,S.B., Platonov,A.E., Zhuravlev,V.I., Murashkina,A.N., Yakimenko,V.V., Korneev,A.G., Shipulin,G.A., Shchukina,I.A., Khodiakova,I.A., Bernshtein,M.M., Malkova,M.G., Luchko,S.V.",Central Research Institute of Epidemiology,Russia,1,,2008-04-16,ssRNA(-)
EU562940.1,GenBank,set:47a54907d675607bb515b55be031d963a142ea1f,,,,Orthohantavirus dobravaense,Orthohantavirus dobravaense,Orthohantavirus,Hantaviridae,,Lip_Dobrin/120_Ap_ag/07,M,"Dobrava-Belgrade virus isolate Lip_Dobrin/120_Ap_ag/07 glycoprotein (G2) gene, partial cds",269,partial,Russia: Lipetzk,Russia,,Apodemus agrarius,,"Garanina,S.B., Platonov,A.E., Zhuravlev,V.I., Murashkina,A.N., Yakimenko,V.V., Korneev,A.G., Shipulin,G.A., Shchukina,I.A., Khodiakova,I.A., Bernshtein,M.M., Malkova,M.G., Luchko,S.V.",Central Research Institute of Epidemiology,Russia,1,,2008-04-16,ssRNA(-)
EU562941.1,GenBank,set:39703bff9d7f1e2d5f4b77c65dc1bf18d46147bb,,,,Orthohantavirus dobravaense,Orthohantavirus dobravaense,Orthohantavirus,Hantaviridae,,Lip_Dobrin/94_Ap_ag/07,M,"Dobrava-Belgrade virus isolate Lip_Dobrin/94_Ap_ag/07 glycoprotein (G2) gene, partial cds",269,partial,Russia: Lipetzk,Russia,,Apodemus agrarius,,"Garanina,S.B., Platonov,A.E., Zhuravlev,V.I., Murashkina,A.N., Yakimenko,V.V., Korneev,A.G., Shipulin,G.A., Shchukina,I.A., Khodiakova,I.A., Bernshtein,M.M., Malkova,M.G., Luchko,S.V.",Central Research Institute of Epidemiology,Russia,1,,2008-04-16,ssRNA(-)
EU562942.1,GenBank,set:1dfe3a717be78d40535d9f3d679485750bdf56d7,,,,Orthohantavirus dobravaense,Orthohantavirus dobravaense,Orthohantavirus,Hantaviridae,,Lip_Usman/156_Ap_ag/07,M,"Dobrava-Belgrade virus isolate Lip_Usman/156_Ap_ag/07 glycoprotein (G2) gene, partial cds",269,partial,Russia: Lipetzk,Russia,,Apodemus agrarius,,"Garanina,S.B., Platonov,A.E., Zhuravlev,V.I., Murashkina,A.N., Yakimenko,V.V., Korneev,A.G., Shipulin,G.A., Shchukina,I.A., Khodiakova,I.A., Bernshtein,M.M., Malkova,M.G., Luchko,S.V.",Central Research Institute of Epidemiology,Russia,1,,2008-04-16,ssRNA(-)
EU562943.1,GenBank,set:fb22032616a436d3ff4f9ca3451df34b131a48ff,,,,Orthohantavirus dobravaense,Orthohantavirus dobravaense,Orthohantavirus,Hantaviridae,,Lip_Usman/150_Ap_sylv/07,M,"Dobrava-Belgrade virus isolate Lip_Usman/150_Ap_sylv/07 glycoprotein (G2) gene, partial cds",266,partial,Russia: Lipetzk,Russia,,Apodemus sylvaticus,,"Garanina,S.B., Platonov,A.E., Zhuravlev,V.I., Murashkina,A.N., Yakimenko,V.V., Korneev,A.G., Shipulin,G.A., Shchukina,I.A., Khodiakova,I.A., Bernshtein,M.M., Malkova,M.G., Luchko,S.V.",Central Research Institute of Epidemiology,Russia,1,,2008-04-16,ssRNA(-)
EU562944.1,GenBank,set:5631b1293fc35540b33edcf05d36fa11b299a9fa,,,,Orthohantavirus dobravaense,Orthohantavirus dobravaense,Orthohantavirus,Hantaviridae,,Lip_Dobrin/32_Ap_ag/07,M,"Dobrava-Belgrade virus isolate Lip_Dobrin/32_Ap_ag/07 glycoprotein (G2) gene, partial cds",245,partial,Russia: Lipetzk,Russia,,Apodemus agrarius,,"Garanina,S.B., Platonov,A.E., Zhuravlev,V.I., Murashkina,A.N., Yakimenko,V.V., Korneev,A.G., Shipulin,G.A., Shchukina,I.A., Khodiakova,I.A., Bernshtein,M.M., Malkova,M.G., Luchko,S.V.",Central Research Institute of Epidemiology,Russia,1,,2008-04-16,ssRNA(-)
EU562945.1,GenBank,set:dab51e49687f6976fcb206512ea421da818f2223,,,,Orthohantavirus dobravaense,Orthohantavirus dobravaense,Orthohantavirus,Hantaviridae,,Lip_Dobrin/71_Ap_ag/07,M,"Dobrava-Belgrade virus isolate Lip_Dobrin/71_Ap_ag/07 glycoprotein (G2) gene, partial cds",245,partial,Russia: Lipetzk,Russia,,Apodemus agrarius,,"Garanina,S.B., Platonov,A.E., Zhuravlev,V.I., Murashkina,A.N., Yakimenko,V.V., Korneev,A.G., Shipulin,G.A., Shchukina,I.A., Khodiakova,I.A., Bernshtein,M.M., Malkova,M.G., Luchko,S.V.",Central Research Institute of Epidemiology,Russia,1,,2008-04-16,ssRNA(-)
EU562946.1,GenBank,set:96a7525ca0e6e600aed4b6b8b6be4d7fb9a1abd7,,,,Orthohantavirus dobravaense,Orthohantavirus dobravaense,Orthohantavirus,Hantaviridae,,Voronezh/83_Human/07,M,"Dobrava-Belgrade virus isolate Voronezh/83_Human/07 glycoprotein (G2) gene, partial cds",269,partial,Russia: Voronezh,Russia,,,blood,"Garanina,S.B., Platonov,A.E., Zhuravlev,V.I., Murashkina,A.N., Yakimenko,V.V., Korneev,A.G., Shipulin,G.A., Shchukina,I.A., Khodiakova,I.A., Bernshtein,M.M., Malkova,M.G., Luchko,S.V.",Central Research Institute of Epidemiology,Russia,1,,2008-04-16,ssRNA(-)
EU562947.1,GenBank,set:37ca9580bd13a7ff387f798b2cb4a48c477b4a7f,,,,Orthohantavirus dobravaense,Orthohantavirus dobravaense,Orthohantavirus,Hantaviridae,,Voronezh/395_Human/07,M,"Dobrava-Belgrade virus isolate Voronezh/395_Human/07 glycoprotein (G2) gene, partial cds",245,partial,Russia: Voronezh,Russia,,,blood,"Garanina,S.B., Platonov,A.E., Zhuravlev,V.I., Murashkina,A.N., Yakimenko,V.V., Korneev,A.G., Shipulin,G.A., Shchukina,I.A., Khodiakova,I.A., Bernshtein,M.M., Malkova,M.G., Luchko,S.V.",Central Research Institute of Epidemiology,Russia,1,,2008-04-16,ssRNA(-)
EU562948.1,GenBank,set:07c9dbba224dc888ca054f188c68d852ac950e72,,,,Orthohantavirus dobravaense,Orthohantavirus dobravaense,Orthohantavirus,Hantaviridae,,OMSK/189_Ap_ag/05,M,"Dobrava-Belgrade virus isolate OMSK/189_Ap_ag/05 glycoprotein (G2) gene, partial cds",266,partial,Russia: Omsk,Russia,,Apodemus agrarius,,"Garanina,S.B., Platonov,A.E., Zhuravlev,V.I., Murashkina,A.N., Yakimenko,V.V., Korneev,A.G., Shipulin,G.A., Shchukina,I.A., Khodiakova,I.A., Bernshtein,M.M., Malkova,M.G., Luchko,S.V.",Central Research Institute of Epidemiology,Russia,1,,2008-04-16,ssRNA(-)
EU562949.1,GenBank,set:4e37f5dc20c749337428069005f9ad31fa871a58,,,,Orthohantavirus dobravaense,Orthohantavirus dobravaense,Orthohantavirus,Hantaviridae,,OMSK/172_Ap_ag/05,M,"Dobrava-Belgrade virus isolate OMSK/172_Ap_ag/05 glycoprotein (G2) gene, partial cds",266,partial,Russia: Omsk,Russia,,Apodemus agrarius,,"Garanina,S.B., Platonov,A.E., Zhuravlev,V.I., Murashkina,A.N., Yakimenko,V.V., Korneev,A.G., Shipulin,G.A., Shchukina,I.A., Khodiakova,I.A., Bernshtein,M.M., Malkova,M.G., Luchko,S.V.",Central Research Institute of Epidemiology,Russia,1,,2008-04-16,ssRNA(-)
EU562950.1,GenBank,set:78106bdc50d24099a0dd24e752651c740b30a65c,,,,Orthohantavirus dobravaense,Orthohantavirus dobravaense,Orthohantavirus,Hantaviridae,,OMSK/156_Ap_ag/05,M,"Dobrava-Belgrade virus isolate OMSK/156_Ap_ag/05 glycoprotein (G2) gene, partial cds",260,partial,Russia: Omsk,Russia,,Apodemus agrarius,,"Garanina,S.B., Platonov,A.E., Zhuravlev,V.I., Murashkina,A.N., Yakimenko,V.V., Korneev,A.G., Shipulin,G.A., Shchukina,I.A., Khodiakova,I.A., Bernshtein,M.M., Malkova,M.G., Luchko,S.V.",Central Research Institute of Epidemiology,Russia,1,,2008-04-16,ssRNA(-)
EU562951.1,GenBank,set:aa51a7e88a7017dd150cf418b81e8b60de84ef7c,,,,Orthohantavirus dobravaense,Orthohantavirus dobravaense,Orthohantavirus,Hantaviridae,,OMSK/180_Ap_ag/05,M,"Dobrava-Belgrade virus isolate OMSK/180_Ap_ag/05 glycoprotein (G2) gene, partial cds",257,partial,Russia: Omsk,Russia,,Apodemus agrarius,,"Garanina,S.B., Platonov,A.E., Zhuravlev,V.I., Murashkina,A.N., Yakimenko,V.V., Korneev,A.G., Shipulin,G.A., Shchukina,I.A., Khodiakova,I.A., Bernshtein,M.M., Malkova,M.G., Luchko,S.V.",Central Research Institute of Epidemiology,Russia,1,,2008-04-16,ssRNA(-)
EU562952.1,GenBank,set:4d46365fa4f8a492655467525995a9ffdfac5618,,,,Orthohantavirus dobravaense,Orthohantavirus dobravaense,Orthohantavirus,Hantaviridae,,Dosang/2_Micr_arv/05,M,"Dobrava-Belgrade virus isolate Dosang/2_Micr_arv/05 glycoprotein (G2) gene, partial cds",266,partial,Russia: Astrakhan,Russia,,Microtus arvalis,,"Garanina,S.B., Platonov,A.E., Zhuravlev,V.I., Murashkina,A.N., Yakimenko,V.V., Korneev,A.G., Shipulin,G.A., Shchukina,I.A., Khodiakova,I.A., Bernshtein,M.M., Malkova,M.G., Luchko,S.V.",Central Research Institute of Epidemiology,Russia,1,,2008-04-16,ssRNA(-)
EU562953.1,GenBank,set:85af3485b836477015b90f654b9b2e2eafd552d9,,,,Orthohantavirus dobravaense,Orthohantavirus dobravaense,Orthohantavirus,Hantaviridae,,Dosang/6_Ap_ag/05,M,"Dobrava-Belgrade virus isolate Dosang/6_Ap_ag/05 glycoprotein (G2) gene, partial cds",266,partial,Russia: Astrakhan,Russia,,Apodemus agrarius,,"Garanina,S.B., Platonov,A.E., Zhuravlev,V.I., Murashkina,A.N., Yakimenko,V.V., Korneev,A.G., Shipulin,G.A., Shchukina,I.A., Khodiakova,I.A., Bernshtein,M.M., Malkova,M.G., Luchko,S.V.",Central Research Institute of Epidemiology,Russia,1,,2008-04-16,ssRNA(-)
EU562954.1,GenBank,set:160ce487c8693d2222948d10ac9ff1f8e1597670,,,,Orthohantavirus dobravaense,Orthohantavirus dobravaense,Orthohantavirus,Hantaviridae,,Dosang/11_Merion_tam/05,M,"Dobrava-Belgrade virus isolate Dosang/11_Merion_tam/05 glycoprotein (G2) gene, partial cds",266,partial,Russia: Astrakhan,Russia,,Meriones tamariscinus,,"Garanina,S.B., Platonov,A.E., Zhuravlev,V.I., Murashkina,A.N., Yakimenko,V.V., Korneev,A.G., Shipulin,G.A., Shchukina,I.A., Khodiakova,I.A., Bernshtein,M.M., Malkova,M.G., Luchko,S.V.",Central Research Institute of Epidemiology,Russia,1,,2008-04-16,ssRNA(-)
EU562955.1,GenBank,set:abf914fe1d5a787d890ba7de1b417ceac4e6948b,,,,Orthohantavirus dobravaense,Orthohantavirus dobravaense,Orthohantavirus,Hantaviridae,,Lapas/38_Ap_ag/05,M,"Dobrava-Belgrade virus isolate Lapas/38_Ap_ag/05 glycoprotein (G2) gene, partial cds",266,partial,Russia: Astrakhan,Russia,,Apodemus agrarius,,"Garanina,S.B., Platonov,A.E., Zhuravlev,V.I., Murashkina,A.N., Yakimenko,V.V., Korneev,A.G., Shipulin,G.A., Shchukina,I.A., Khodiakova,I.A., Bernshtein,M.M., Malkova,M.G., Luchko,S.V.",Central Research Institute of Epidemiology,Russia,1,,2008-04-16,ssRNA(-)
EU562956.1,GenBank,set:ff3a90adf47d83378c059e91d62bbeed332e81f9,,,,Orthohantavirus dobravaense,Orthohantavirus dobravaense,Orthohantavirus,Hantaviridae,,Kalmykia/18_Micr_arv/04,M,"Dobrava-Belgrade virus isolate Kalmykia/18_Micr_arv/04 glycoprotein (G2) gene, partial cds",266,partial,Russia: Astrakhan,Russia,,Microtus arvalis,,"Garanina,S.B., Platonov,A.E., Zhuravlev,V.I., Murashkina,A.N., Yakimenko,V.V., Korneev,A.G., Shipulin,G.A., Shchukina,I.A., Khodiakova,I.A., Bernshtein,M.M., Malkova,M.G., Luchko,S.V.",Central Research Institute of Epidemiology,Russia,1,,2008-04-16,ssRNA(-)
EU562957.1,GenBank,set:88edf600add7463824b739c32b2be243755e23c3,,,,Orthohantavirus dobravaense,Orthohantavirus dobravaense,Orthohantavirus,Hantaviridae,,Kalmykia/30_Micr_arv/04,M,"Dobrava-Belgrade virus isolate Kalmykia/30_Micr_arv/04 glycoprotein (G2) gene, partial cds",266,partial,Russia: Astrakhan,Russia,,Microtus arvalis,,"Garanina,S.B., Platonov,A.E., Zhuravlev,V.I., Murashkina,A.N., Yakimenko,V.V., Korneev,A.G., Shipulin,G.A., Shchukina,I.A., Khodiakova,I.A., Bernshtein,M.M., Malkova,M.G., Luchko,S.V.",Central Research Institute of Epidemiology,Russia,1,,2008-04-16,ssRNA(-)
EU562958.1,GenBank,set:1b2832c093ebe59ed4566b511b727a8534eb9a00,,,,Orthohantavirus dobravaense,Orthohantavirus dobravaense,Orthohantavirus,Hantaviridae,,Enotaevo/10_Ap_ag/04,M,"Dobrava-Belgrade virus isolate Enotaevo/10_Ap_ag/04 glycoprotein (G2) gene, partial cds",266,partial,Russia: Astrakhan,Russia,,Apodemus agrarius,,"Garanina,S.B., Platonov,A.E., Zhuravlev,V.I., Murashkina,A.N., Yakimenko,V.V., Korneev,A.G., Shipulin,G.A., Shchukina,I.A., Khodiakova,I.A., Bernshtein,M.M., Malkova,M.G., Luchko,S.V.",Central Research Institute of Epidemiology,Russia,1,,2008-04-16,ssRNA(-)
EU562959.1,GenBank,set:eda92b4f2527123191d3f55ecac6183f8878d868,,,,Orthohantavirus dobravaense,Orthohantavirus dobravaense,Orthohantavirus,Hantaviridae,,Enotaevo/11_Ap_ag/04,M,"Dobrava-Belgrade virus isolate Enotaevo/11_Ap_ag/04 glycoprotein (G2) gene, partial cds",266,partial,Russia: Astrakhan,Russia,,Apodemus agrarius,,"Garanina,S.B., Platonov,A.E., Zhuravlev,V.I., Murashkina,A.N., Yakimenko,V.V., Korneev,A.G., Shipulin,G.A., Shchukina,I.A., Khodiakova,I.A., Bernshtein,M.M., Malkova,M.G., Luchko,S.V.",Central Research Institute of Epidemiology,Russia,1,,2008-04-16,ssRNA(-)
EU562960.1,GenBank,set:cb5cdda7de5aa3a269ef8cd0c6628f12140cfd68,,,,Orthohantavirus dobravaense,Orthohantavirus dobravaense,Orthohantavirus,Hantaviridae,,Enotaevo/13_Ap_ag/04,M,"Dobrava-Belgrade virus isolate Enotaevo/13_Ap_ag/04 glycoprotein (G2) gene, partial cds",266,partial,Russia: Astrakhan,Russia,,Apodemus agrarius,,"Garanina,S.B., Platonov,A.E., Zhuravlev,V.I., Murashkina,A.N., Yakimenko,V.V., Korneev,A.G., Shipulin,G.A., Shchukina,I.A., Khodiakova,I.A., Bernshtein,M.M., Malkova,M.G., Luchko,S.V.",Central Research Institute of Epidemiology,Russia,1,,2008-04-16,ssRNA(-)
EU562962.1,GenBank,set:c23fa783cdf9f9253f90eede8d6c2f98cd5fcfbc,,,,Orthohantavirus dobravaense,Orthohantavirus dobravaense,Orthohantavirus,Hantaviridae,,Enotaevo/19_Ap_ag/04,M,"Dobrava-Belgrade virus isolate Enotaevo/19_Ap_ag/04 glycoprotein (G2) gene, partial cds",266,partial,Russia: Astrakhan,Russia,,Apodemus agrarius,,"Garanina,S.B., Platonov,A.E., Zhuravlev,V.I., Murashkina,A.N., Yakimenko,V.V., Korneev,A.G., Shipulin,G.A., Shchukina,I.A., Khodiakova,I.A., Bernshtein,M.M., Malkova,M.G., Luchko,S.V.",Central Research Institute of Epidemiology,Russia,1,,2008-04-16,ssRNA(-)
EU562963.1,GenBank,set:de0ef97950c5c93e32542c1d6ddfce69bee457a7,,,,Orthohantavirus dobravaense,Orthohantavirus dobravaense,Orthohantavirus,Hantaviridae,,Enotaevo/21_Ap_ag/04,M,"Dobrava-Belgrade virus isolate Enotaevo/21_Ap_ag/04 glycoprotein (G2) gene, partial cds",266,partial,Russia: Astrakhan,Russia,,Apodemus agrarius,,"Garanina,S.B., Platonov,A.E., Zhuravlev,V.I., Murashkina,A.N., Yakimenko,V.V., Korneev,A.G., Shipulin,G.A., Shchukina,I.A., Khodiakova,I.A., Bernshtein,M.M., Malkova,M.G., Luchko,S.V.",Central Research Institute of Epidemiology,Russia,1,,2008-04-16,ssRNA(-)
EU562964.1,GenBank,set:603706cfed4f9ad475a2ad01564dfccb0836f8ab,,,,Orthohantavirus dobravaense,Orthohantavirus dobravaense,Orthohantavirus,Hantaviridae,,Enotaevo/22_Ap_ag/04,M,"Dobrava-Belgrade virus isolate Enotaevo/22_Ap_ag/04 glycoprotein (G2) gene, partial cds",266,partial,Russia: Astrakhan,Russia,,Apodemus agrarius,,"Garanina,S.B., Platonov,A.E., Zhuravlev,V.I., Murashkina,A.N., Yakimenko,V.V., Korneev,A.G., Shipulin,G.A., Shchukina,I.A., Khodiakova,I.A., Bernshtein,M.M., Malkova,M.G., Luchko,S.V.",Central Research Institute of Epidemiology,Russia,1,,2008-04-16,ssRNA(-)
EU562965.1,GenBank,set:25f29db517e54961e9a5a722ff59a5ea64e0a8f6,,,,Orthohantavirus dobravaense,Orthohantavirus dobravaense,Orthohantavirus,Hantaviridae,,Enotaevo/34_Ap_ag/04,M,"Dobrava-Belgrade virus isolate Enotaevo/34_Ap_ag/04 glycoprotein (G2) gene, partial cds",266,partial,Russia: Astrakhan,Russia,,Apodemus agrarius,,"Garanina,S.B., Platonov,A.E., Zhuravlev,V.I., Murashkina,A.N., Yakimenko,V.V., Korneev,A.G., Shipulin,G.A., Shchukina,I.A., Khodiakova,I.A., Bernshtein,M.M., Malkova,M.G., Luchko,S.V.",Central Research Institute of Epidemiology,Russia,1,,2008-04-16,ssRNA(-)
EU562966.1,GenBank,set:95f25144317bf2556672b2ab24a8bb0ab083ed86,,,,Orthohantavirus dobravaense,Orthohantavirus dobravaense,Orthohantavirus,Hantaviridae,,Enotaevo/50_Ap_ag/04,M,"Dobrava-Belgrade virus isolate Enotaevo/50_Ap_ag/04 glycoprotein (G2) gene, partial cds",266,partial,Russia: Astrakhan,Russia,,Apodemus agrarius,,"Garanina,S.B., Platonov,A.E., Zhuravlev,V.I., Murashkina,A.N., Yakimenko,V.V., Korneev,A.G., Shipulin,G.A., Shchukina,I.A., Khodiakova,I.A., Bernshtein,M.M., Malkova,M.G., Luchko,S.V.",Central Research Institute of Epidemiology,Russia,1,,2008-04-16,ssRNA(-)
EU562989.1,GenBank,set:4e37f5dc20c749337428069005f9ad31fa871a58,,,,Orthohantavirus dobravaense,Orthohantavirus dobravaense,Orthohantavirus,Hantaviridae,,OMSK/172_Ap_ag/05,S,"Dobrava-Belgrade virus isolate OMSK/172_Ap_ag/05 nucleocapsid protein (N) gene, partial cds",1575,partial,Russia: Omsk,Russia,,Apodemus agrarius,,"Garanina,S.B., Platonov,A.E., Zhuravlev,V.I., Murashkina,A.N., Yakimenko,V.V., Korneev,A.G., Shipulin,G.A., Shchukina,I.A., Khodiakova,I.A., Bernshtein,M.M., Malkova,M.G., Luchko,S.V.",Central Research Institute of Epidemiology,Russia,1,,2008-04-16,ssRNA(-)
EU562990.1,GenBank,set:07c9dbba224dc888ca054f188c68d852ac950e72,,,,Orthohantavirus dobravaense,Orthohantavirus dobravaense,Orthohantavirus,Hantaviridae,,OMSK/189_Ap_ag/05,S,"Dobrava-Belgrade virus isolate OMSK/189_Ap_ag/05 nucleocapsid protein (N) gene, partial cds",1572,partial,Russia: Omsk,Russia,,Apodemus agrarius,,"Garanina,S.B., Platonov,A.E., Zhuravlev,V.I., Murashkina,A.N., Yakimenko,V.V., Korneev,A.G., Shipulin,G.A., Shchukina,I.A., Khodiakova,I.A., Bernshtein,M.M., Malkova,M.G., Luchko,S.V.",Central Research Institute of Epidemiology,Russia,1,,2008-04-16,ssRNA(-)
EU562991.1,GenBank,set:aa51a7e88a7017dd150cf418b81e8b60de84ef7c,,,,Orthohantavirus dobravaense,Orthohantavirus dobravaense,Orthohantavirus,Hantaviridae,,OMSK/180_Ap_ag/05,S,"Dobrava-Belgrade virus isolate OMSK/180_Ap_ag/05 nucleocapsid protein (N) gene, partial cds",1575,partial,Russia: Omsk,Russia,,Apodemus agrarius,,"Garanina,S.B., Platonov,A.E., Zhuravlev,V.I., Murashkina,A.N., Yakimenko,V.V., Korneev,A.G., Shipulin,G.A., Shchukina,I.A., Khodiakova,I.A., Bernshtein,M.M., Malkova,M.G., Luchko,S.V.",Central Research Institute of Epidemiology,Russia,1,,2008-04-16,ssRNA(-)
EU562992.1,GenBank,set:78106bdc50d24099a0dd24e752651c740b30a65c,,,,Orthohantavirus dobravaense,Orthohantavirus dobravaense,Orthohantavirus,Hantaviridae,,OMSK/156_Ap_ag/05,S,"Dobrava-Belgrade virus isolate OMSK/156_Ap_ag/05 nucleocapsid protein (N) gene, partial cds",412,partial,Russia: Omsk,Russia,,Apodemus agrarius,,"Garanina,S.B., Platonov,A.E., Zhuravlev,V.I., Murashkina,A.N., Yakimenko,V.V., Korneev,A.G., Shipulin,G.A., Shchukina,I.A., Khodiakova,I.A., Bernshtein,M.M., Malkova,M.G., Luchko,S.V.",Central Research Institute of Epidemiology,Russia,1,,2008-04-16,ssRNA(-)
EU562993.1,GenBank,set:ff3a90adf47d83378c059e91d62bbeed332e81f9,,,,Orthohantavirus dobravaense,Orthohantavirus dobravaense,Orthohantavirus,Hantaviridae,,Kalmykia/18_Micr_arv/04,S,"Dobrava-Belgrade virus isolate Kalmykia/18_Micr_arv/04 nucleocapsid protein (N) gene, partial cds",412,partial,Russia: Astrakhan,Russia,,Microtus arvalis,,"Garanina,S.B., Platonov,A.E., Zhuravlev,V.I., Murashkina,A.N., Yakimenko,V.V., Korneev,A.G., Shipulin,G.A., Shchukina,I.A., Khodiakova,I.A., Bernshtein,M.M., Malkova,M.G., Luchko,S.V.",Central Research Institute of Epidemiology,Russia,1,,2008-04-16,ssRNA(-)
EU562994.1,GenBank,set:c23fa783cdf9f9253f90eede8d6c2f98cd5fcfbc,,,,Orthohantavirus dobravaense,Orthohantavirus dobravaense,Orthohantavirus,Hantaviridae,,Enotaevo/19_Ap_ag/04,S,"Dobrava-Belgrade virus isolate Enotaevo/19_Ap_ag/04 nucleocapsid protein (N) gene, partial cds",412,partial,Russia: Astrakhan,Russia,,Apodemus agrarius,,"Garanina,S.B., Platonov,A.E., Zhuravlev,V.I., Murashkina,A.N., Yakimenko,V.V., Korneev,A.G., Shipulin,G.A., Shchukina,I.A., Khodiakova,I.A., Bernshtein,M.M., Malkova,M.G., Luchko,S.V.",Central Research Institute of Epidemiology,Russia,1,,2008-04-16,ssRNA(-)
EU562995.1,GenBank,set:25f29db517e54961e9a5a722ff59a5ea64e0a8f6,,,,Orthohantavirus dobravaense,Orthohantavirus dobravaense,Orthohantavirus,Hantaviridae,,Enotaevo/34_Ap_ag/04,S,"Dobrava-Belgrade virus isolate Enotaevo/34_Ap_ag/04 nucleocapsid protein (N) gene, partial cds",412,partial,Russia: Astrakhan,Russia,,Apodemus agrarius,,"Garanina,S.B., Platonov,A.E., Zhuravlev,V.I., Murashkina,A.N., Yakimenko,V.V., Korneev,A.G., Shipulin,G.A., Shchukina,I.A., Khodiakova,I.A., Bernshtein,M.M., Malkova,M.G., Luchko,S.V.",Central Research Institute of Epidemiology,Russia,1,,2008-04-16,ssRNA(-)
EU562996.1,GenBank,set:da468089a73c3bf7563858f339215fb6393e5c67,,,,Orthohantavirus dobravaense,Orthohantavirus dobravaense,Orthohantavirus,Hantaviridae,,Lip_Usman/228_Sorex/07,S,"Dobrava-Belgrade virus isolate Lip_Usman/228_Sorex/07 nucleocapsid protein (N) gene, partial cds",412,partial,Russia: Lipetzk,Russia,,Sorex araneus,,"Garanina,S.B., Platonov,A.E., Zhuravlev,V.I., Murashkina,A.N., Yakimenko,V.V., Korneev,A.G., Shipulin,G.A., Shchukina,I.A., Khodiakova,I.A., Bernshtein,M.M., Malkova,M.G., Luchko,S.V.",Central Research Institute of Epidemiology,Russia,1,,2008-04-16,ssRNA(-)
DI163052.1,GenBank,set:DI163052,,,,Dobrava-Belgrade orthohantavirus,Orthohantavirus dobravaense,Orthohantavirus,Hantaviridae,,,,METHODS AND REAGENTS FOR DIAGNOSING HANTAVIRUS INFECTION,3644,partial,,,,,,"Nguyen,S.H., Pichuantes,S.",,,,,2008-02-21,ssRNA(-)
DI163803.1,GenBank,set:DI163803,,,,Dobrava-Belgrade orthohantavirus,Orthohantavirus dobravaense,Orthohantavirus,Hantaviridae,,,,METHODS AND REAGENTS FOR DIAGNOSING HANTAVIRUS INFECTION,1293,partial,,,,,,"Nguyen,S.H., Pichuantes,S.",,,,,2008-02-21,ssRNA(-)
DI164119.1,GenBank,set:DI164119,,,,Dobrava-Belgrade orthohantavirus,Orthohantavirus dobravaense,Orthohantavirus,Hantaviridae,,,,METHODS AND REAGENTS FOR DIAGNOSING HANTAVIRUS INFECTION,249,partial,,,,,,"Nguyen,S.H., Pichuantes,S.",,,,,2008-02-21,ssRNA(-)
EF059978.1,GenBank,set:f31461096df95a3691f87a36891d3377ffef0193,,,,Orthohantavirus dobravaense,Orthohantavirus dobravaense,Orthohantavirus,Hantaviridae,,DOB/Pecs/27Aa/06,S,"Dobrava-Belgrade virus isolate DOB/Pecs/27Aa/06 nucleocapsid protein gene, partial cds",411,partial,Hungary,Hungary,,,,"Jakab,F., Horvath,G., Ferenczi,E., Sebok,J., Varecza,Z., Szucs,G.","Baranya County Institute of State Public Health Service, Regional Laboratory of Virology",Hungary,1,,2006-11-14,ssRNA(-)
EF059979.1,GenBank,set:b082a2ee2fd5455e8046587cbd3bc6649fdbb496,,,,Orthohantavirus dobravaense,Orthohantavirus dobravaense,Orthohantavirus,Hantaviridae,,DOB/Pecs/31Aa/06,S,"Dobrava-Belgrade virus isolate DOB/Pecs/31Aa/06 nucleocapsid protein gene, partial cds",420,partial,Hungary,Hungary,,,,"Jakab,F., Horvath,G., Ferenczi,E., Sebok,J., Varecza,Z., Szucs,G.","Baranya County Institute of State Public Health Service, Regional Laboratory of Virology",Hungary,1,,2006-11-14,ssRNA(-)
EF059980.1,GenBank,set:23c6e4c2ace8b862d0ca9c7f591d6c3db28731a1,,,,Orthohantavirus dobravaense,Orthohantavirus dobravaense,Orthohantavirus,Hantaviridae,,DOB/Pecs/77Aa/06,S,"Dobrava-Belgrade virus isolate DOB/Pecs/77Aa/06 nucleocapsid protein gene, partial cds",416,partial,Hungary,Hungary,,,,"Jakab,F., Horvath,G., Ferenczi,E., Sebok,J., Varecza,Z., Szucs,G.","Baranya County Institute of State Public Health Service, Regional Laboratory of Virology",Hungary,1,,2006-11-14,ssRNA(-)
EF028074.1,GenBank,set:a777e819b37a80799dea637263e7754011f6574b,,,,Orthohantavirus dobravaense,Orthohantavirus dobravaense,Orthohantavirus,Hantaviridae,Dobrava-Belgrade,,S,"Dobrava-Belgrade virus strain DOB/Pecs/HFRS/06 nucleocapsid gene, partial cds",431,partial,Hungary,Hungary,,,blood,"Jakab,F., Horvath,G., Ferenczi,E., Sebok,J., Varecza,Z., Szucs,G.","Baranya County Institute of State Public Health Service, Regional Laboratory of Virology",Hungary,1,,2006-10-31,ssRNA(-)
DQ305279.1,GenBank,set:b57626fc58bff240cecae3b5b6ee2d15e7f3397a,,,,Orthohantavirus dobravaense,Orthohantavirus dobravaense,Orthohantavirus,Hantaviridae,,DOB/MD/02,S,"Dobrava-Belgrade virus isolate DOB/MD/02 nucleocapsid gene, partial cds",538,partial,Serbia and Montenegro,Serbia and Montenegro,,,blood,"Papa,A., Bojovic,B., Antoniadis,A.","School of Medicine, A' Dept. of Microbiology",Greece,1,,2006-05-31,ssRNA(-)
DQ305280.1,GenBank,set:a6cfa0942d689a30bcdfd8a41262bf3cd89d1f44,,,,Orthohantavirus dobravaense,Orthohantavirus dobravaense,Orthohantavirus,Hantaviridae,,DOB/TV/02,,"Dobrava-Belgrade virus isolate DOB/TV/02 nucleocapsid gene, partial cds",549,partial,Serbia and Montenegro,Serbia and Montenegro,,,blood,"Papa,A., Bojovic,B., Antoniadis,A.","School of Medicine, A' Dept. of Microbiology",Greece,1,,2006-05-31,ssRNA(-)
DQ305281.1,GenBank,set:ed59221a0d463e1a240d5ed00b63265e007a8c2f,,,,Orthohantavirus dobravaense,Orthohantavirus dobravaense,Orthohantavirus,Hantaviridae,,DOB/PV/02,,"Dobrava-Belgrade virus isolate DOB/PV/02 nucleocapsid gene, partial cds",558,partial,Serbia and Montenegro,Serbia and Montenegro,,,blood,"Papa,A., Bojovic,B., Antoniadis,A.","School of Medicine, A' Dept. of Microbiology",Greece,1,,2006-05-31,ssRNA(-)
DQ305282.1,GenBank,set:b57626fc58bff240cecae3b5b6ee2d15e7f3397a,,,,Orthohantavirus dobravaense,Orthohantavirus dobravaense,Orthohantavirus,Hantaviridae,,DOB/MD/02,M,"Dobrava-Belgrade virus isolate DOB/MD/02 polyprotein gene, partial cds",276,partial,Serbia and Montenegro,Serbia and Montenegro,,,blood,"Papa,A., Bojovic,B., Antoniadis,A.","School of Medicine, A' Dept. of Microbiology",Greece,1,,2006-05-31,ssRNA(-)
AY961615.1,GenBank,set:f3b81c7ac8bba268479af8447c8cec27ae9de22b,,,,Orthohantavirus dobravaense,Orthohantavirus dobravaense,Orthohantavirus,Hantaviridae,Dobrava virus,,S,"Dobrava virus strain SK/Aa segment S, complete sequence",1697,complete,Slovakia,Slovakia,,Apodemus agrarius,,"Klempa,B., Stanko,M., Labuda,M., Ulrich,R., Meisel,H., Kruger,D.H.","Charite School of Medicine, Institute of Virology",Germany,1,,2005-07-06,ssRNA(-)
AY961616.1,GenBank,set:f3b81c7ac8bba268479af8447c8cec27ae9de22b,,,,Orthohantavirus dobravaense,Orthohantavirus dobravaense,Orthohantavirus,Hantaviridae,Dobrava virus,,M,"Dobrava virus strain SK/Aa segment M, complete sequence",3643,partial,Slovakia,Slovakia,,Apodemus agrarius,,"Klempa,B., Stanko,M., Labuda,M., Ulrich,R., Meisel,H., Kruger,D.H.","Charite School of Medicine, Institute of Virology",Germany,1,,2005-07-06,ssRNA(-)
AY961617.1,GenBank,set:f3b81c7ac8bba268479af8447c8cec27ae9de22b,,,,Orthohantavirus dobravaense,Orthohantavirus dobravaense,Orthohantavirus,Hantaviridae,Dobrava virus,,L,"Dobrava virus strain SK/Aa segment L L protein gene, partial cds",541,partial,Slovakia,Slovakia,,Apodemus agrarius,,"Klempa,B., Stanko,M., Labuda,M., Ulrich,R., Meisel,H., Kruger,D.H.","Charite School of Medicine, Institute of Virology",Germany,1,,2005-07-06,ssRNA(-)
AY961618.1,GenBank,set:527c4e1420b208798a2cce49216a7a2337247e96,,,,Orthohantavirus dobravaense,Orthohantavirus dobravaense,Orthohantavirus,Hantaviridae,Dobrava virus,,S,"Dobrava virus strain Esl/34Aa/01 segment S, complete sequence",1697,partial,Slovakia,Slovakia,,Apodemus agrarius,,"Klempa,B., Stanko,M., Labuda,M., Ulrich,R., Meisel,H., Kruger,D.H.","Charite School of Medicine, Institute of Virology",Germany,1,,2005-07-06,ssRNA(-)
DQ061265.1,GenBank,set:542094e229077d08772d8508256db6568a137e48,,,,Orthohantavirus dobravaense,Orthohantavirus dobravaense,Orthohantavirus,Hantaviridae,,Ahtuba/521-Ap.ag/04,S,"Dobrava virus isolate Ahtuba/521-Ap.ag/04 nucleocapsid protein (N) gene, partial cds",412,partial,Russia: Astrakhan,Russia,,Apodemus agrarius,,"Garanina,S.B., Platonov,A.E., Zhuravlev,V.I., Simak,S.V., Shipulin,G.A.","Central Research Institute of Epidemiology, Dept. for Emerging and Re-emerging Diseases",Russia,,,2005-06-13,ssRNA(-)
DQ061266.1,GenBank,set:476d70cb3c695b418852905fe13c0b079313779e,,,,Orthohantavirus dobravaense,Orthohantavirus dobravaense,Orthohantavirus,Hantaviridae,,Ahtuba/523-Mus.mus/04,S,"Dobrava virus isolate Ahtuba/523-Mus.mus/04 nucleocapsid protein (N) gene, partial cds",408,partial,Russia: Astrakhan,Russia,,Mus musculus,,"Garanina,S.B., Platonov,A.E., Zhuravlev,V.I., Simak,S.V., Shipulin,G.A.","Central Research Institute of Epidemiology, Dept. for Emerging and Re-emerging Diseases",Russia,,,2005-06-13,ssRNA(-)
DQ061267.1,GenBank,set:542094e229077d08772d8508256db6568a137e48,,,,Orthohantavirus dobravaense,Orthohantavirus dobravaense,Orthohantavirus,Hantaviridae,,Ahtuba/521-Ap.ag/04,M,"Dobrava virus isolate Ahtuba/521-Ap.ag/04 glycoprotein (G2) gene, partial cds",266,partial,Russia: Astrakhan,Russia,,Apodemus agrarius,,"Garanina,S.B., Platonov,A.E., Zhuravlev,V.I., Simak,S.V., Shipulin,G.A.","Central Research Institute of Epidemiology, Dept. for Emerging and Re-emerging Diseases",Russia,,,2005-06-13,ssRNA(-)
DQ061268.1,GenBank,set:aa7bcb72a6ac4bb97dc924904de2292a863b93fb,,,,Orthohantavirus dobravaense,Orthohantavirus dobravaense,Orthohantavirus,Hantaviridae,,Ahtuba/518-Ap.ag/04,M,"Dobrava virus isolate Ahtuba/518-Ap.ag/04 glycoprotein (G2) gene, partial cds",266,partial,Russia: Astrakhan,Russia,,Apodemus agrarius,,"Garanina,S.B., Platonov,A.E., Zhuravlev,V.I., Simak,S.V., Shipulin,G.A.","Central Research Institute of Epidemiology, Dept. for Emerging and Re-emerging Diseases",Russia,,,2005-06-13,ssRNA(-)
DQ061269.1,GenBank,set:476d70cb3c695b418852905fe13c0b079313779e,,,,Orthohantavirus dobravaense,Orthohantavirus dobravaense,Orthohantavirus,Hantaviridae,,Ahtuba/523-Mus.mus/04,M,"Dobrava virus isolate Ahtuba/523-Mus.mus/04 glycoprotein (G2) gene, partial cds",266,partial,Russia: Astrakhan,Russia,,Mus musculus,,"Garanina,S.B., Platonov,A.E., Zhuravlev,V.I., Simak,S.V., Shipulin,G.A.","Central Research Institute of Epidemiology, Dept. for Emerging and Re-emerging Diseases",Russia,,,2005-06-13,ssRNA(-)
AJ616854.1,GenBank,set:3578ef966cfe2db71a692588d0a50d85914761df,,,,Kurkino virus,Orthohantavirus dobravaense,Orthohantavirus,Hantaviridae,,,S,"Saaremaa virus, segment S, S gene for nucleocapsid protein, complete sequence, genomic RNA",1673,partial,Denmark:Lolland,Denmark,,Apodemus agrarius,,"Nemirov,K., Andersen,H.K., Leirs,H., Henttonen,H., Vaheri,A., Lundkvist,A., Plyusnin,A., Nemirov,K.N.","Nemirov K.N., Department of Virology, Swedish Inst for Inf Dis Control , Smittskyddsinstitutet, SE-17182 Solna",Sweden,1,,2004-05-04,ssRNA(-)
AJ616855.1,GenBank,set:3578ef966cfe2db71a692588d0a50d85914761df,,,,Kurkino virus,Orthohantavirus dobravaense,Orthohantavirus,Hantaviridae,,,M,"Saaremaa virus, segment M, partial M gene for G1G2 glycoprotein precursor, genomic RNA",529,partial,Denmark:Lolland,Denmark,,Apodemus agrarius,,"Nemirov,K., Andersen,H.K., Leirs,H., Henttonen,H., Vaheri,A., Lundkvist,A., Plyusnin,A., Nemirov,K.N.","Nemirov K.N., Department of Virology, Swedish Inst for Inf Dis Control , Smittskyddsinstitutet, SE-17182 Solna",Sweden,1,,2004-05-04,ssRNA(-)
AY533117.1,GenBank,set:97c728e3dfb62e0be125b532045a6d819035818a,,,,Orthohantavirus dobravaense,Orthohantavirus dobravaense,Orthohantavirus,Hantaviridae,,,S,"Dobrava virus strain H169/02 nucleoprotein (N) gene, partial cds",559,partial,Germany,Germany,,Homo sapiens,,"Klempa,B., Schutt,M., Auste,B., Labuda,M., Ulrich,R., Meisel,H., Kruger,D.H., Schuett,M., Krueger,D.H.","University Hospital Charite, Institute of Virology",Germany,1,,2004-03-10,ssRNA(-)
AY533118.2,GenBank,set:3644e427ad77c3632b587238e0734e16f3a84a69,,,,Orthohantavirus dobravaense,Orthohantavirus dobravaense,Orthohantavirus,Hantaviridae,,,S,"Dobrava virus strain Esl/29Aa/01 segment S, complete sequence",1697,partial,Slovakia,Slovakia,,Apodemus agrarius,,"Klempa,B., Schutt,M., Auste,B., Labuda,M., Ulrich,R., Meisel,H., Kruger,D.H., Stanko,M.","University Hospital Charite, Institute of Virology",Germany,2,,2004-03-10,ssRNA(-)
AY533119.1,GenBank,set:e14d6f521e72bc74ec3936fd213b0df21e5ba184,,,,Orthohantavirus dobravaense,Orthohantavirus dobravaense,Orthohantavirus,Hantaviridae,,,S,"Dobrava virus strain Esl/33Aa/01 nucleoprotein (N) gene, partial cds",559,partial,Slovakia,Slovakia,,Apodemus agrarius,,"Klempa,B., Schutt,M., Auste,B., Labuda,M., Ulrich,R., Meisel,H., Kruger,D.H., Schuett,M., Krueger,D.H.","University Hospital Charite, Institute of Virology",Germany,1,,2004-03-10,ssRNA(-)
AY533120.2,GenBank,set:da952bcc19290e6a92e61a318486049b092a7da9,,,,Orthohantavirus dobravaense,Orthohantavirus dobravaense,Orthohantavirus,Hantaviridae,,,S,"Dobrava virus strain Esl/81Aa/01 segment S, complete sequence",1697,partial,Slovakia,Slovakia,,Apodemus agrarius,,"Klempa,B., Schutt,M., Auste,B., Labuda,M., Ulrich,R., Meisel,H., Kruger,D.H., Stanko,M.","University Hospital Charite, Institute of Virology",Germany,2,,2004-03-10,ssRNA(-)
AY533121.1,GenBank,set:7e3b9f5846ec3062b084836790c773928e45c507,,,,Orthohantavirus dobravaense,Orthohantavirus dobravaense,Orthohantavirus,Hantaviridae,,,S,"Dobrava virus strain Esl/197Aa/01 nucleoprotein (N) gene, partial cds",559,partial,Slovakia,Slovakia,,Apodemus agrarius,,"Klempa,B., Schutt,M., Auste,B., Labuda,M., Ulrich,R., Meisel,H., Kruger,D.H., Schuett,M., Krueger,D.H.","University Hospital Charite, Institute of Virology",Germany,1,,2004-03-10,ssRNA(-)
AJ578081.1,GenBank,set:237243da177b931ad2c23ea1d8a47ab3dc8fdaf0,,,,Orthohantavirus dobravaense,Orthohantavirus dobravaense,Orthohantavirus,Hantaviridae,,,S,"Dobrava virus partial S segment encoding partial nucleocapsid protein, strain CZ Boletice 126, genomic RNA",334,partial,Czech Republic:Boletice,Czech Republic,,Apodemus sylvaticus,,"Weidmann,M., Schmidt,P., Vackova,M., Krivanec,K., Munclinger,P., Hufert,F.T.","Weidmann M., Abteilung Virologie, Inst.f.med.Mikrobiologie u.Hygiene, Hermann-Herder-Str.11, 79104 Freiburg",Germany,1,,2003-10-02,ssRNA(-)
AJ578082.1,GenBank,set:76dffbf730f05b74541bddc180558ee32f9945cf,,,,Orthohantavirus dobravaense,Orthohantavirus dobravaense,Orthohantavirus,Hantaviridae,,,S,"Dobrava virus partial S segment encoding partial nucleocapsid protein, strain Cz Boletice 11, genomic RNA",334,partial,Czech Republic:Boletice,Czech Republic,,Mus musculus,,"Weidmann,M., Schmidt,P., Vackova,M., Krivanec,K., Munclinger,P., Hufert,F.T.","Weidmann M., Abteilung Virologie, Inst.f.med.Mikrobiologie u. Hygiene, Hermann-Herder-Str.11, 79104 Freiburg",Germany,1,,2003-10-02,ssRNA(-)
AJ410618.2,GenBank,set:9b88cd1429fd016c07046cd508060b639fd6dde0,,,,Kurkino virus,Orthohantavirus dobravaense,Orthohantavirus,Hantaviridae,,,L,"Saaremaa virus pol gene for polymerase, segment L, strain Saaremaa-160V, genomic RNA",6532,partial,Estonia:Saaremaa Island,Estonia,,Apodemus agrarius,,"Nemirov,K., Vapalahti,O., Papa,A., Plyusnina,A., Lundkvist,A., Antoniadis,A., Vaheri,A., Plyusnin,A.","Nemirov K., Department of Virology, University of Helsinki, Haartman Institute, Haartmaninkatu 3, P.O. Box 21, FIN-00014",Finland,1,,2003-04-04,ssRNA(-)
AJ410615.1,GenBank,set:20aaadefa5790fd1733608992124dd2b7e0cb397,,SAMEA3283064,,Orthohantavirus dobravaense,Orthohantavirus dobravaense,Orthohantavirus,Hantaviridae,,,,"Dobrava virus complete S segment gene for nucleocapsid protein, strain DOBV/Ano-Poroia/Afl9/1999",1673,partial,Greece:Ano-Poroia,Greece,,Apodemus flavicollis,,"Nemirov,K., Vapalahti,O., Papa,A., Plyusnina,A., Lundkvist,A., Antoniadis,A., Vaheri,A., Plyusnin,A.","Nemirov K., Department of Virology, University of Helsinki, Haartman institute, Haartmaninkatu 3, P.O. Box 21, FIN-00014",Finland,1,,2003-03-27,ssRNA(-)
AJ410616.1,GenBank,set:20aaadefa5790fd1733608992124dd2b7e0cb397,,SAMEA3283064,,Orthohantavirus dobravaense,Orthohantavirus dobravaense,Orthohantavirus,Hantaviridae,,,,"Dobrava virus complete M segment gene for glycoprotein precursor (G1-G2), strain DOBV/Ano-Poroia/Afl9/1999)",3635,partial,Greece:Ano-Poroia,Greece,,Apodemus flavicollis,,"Nemirov,K., Vapalahti,O., Papa,A., Plyusnina,A., Lundkvist,A., Antoniadis,A., Vaheri,A., Plyusnin,A.","Nemirov K., Department of Virology, University of Helsinki, Haartman institute, Haartmaninkatu 3, P.O. Box 21, FIN-00014",Finland,1,,2003-03-27,ssRNA(-)
AJ410617.1,GenBank,set:5728e68981af47a2127d5f61082ed9a2b45ddf76,,SAMEA3283064,,Orthohantavirus dobravaense,Orthohantavirus dobravaense,Orthohantavirus,Hantaviridae,,,,"Dobrava virus complete L segment gene for polymerase protein, strain DOBV/Ano-Poroia/Afl9/1999)",6532,partial,Greece:Ano-Poroia,Greece,,Apodemus flavicollis,,"Nemirov,K., Henttonen,H., Vaheri,A., Plyusnin,A., Vapalahti,O., Papa,A., Plyusnina,A., Lundkvist,A., Antoniadis,A.","Nemirov K., Department of Virology, University of Helsinki, Haartman institute, Haartmaninkatu 3, P.O. Box 21, FIN-00014",Finland,2,,2003-03-27,ssRNA(-)
AJ410619.1,GenBank,set:af87d4c665f526e0bf9be915bf3ed58130393edf,,,,Orthohantavirus dobravaense,Orthohantavirus dobravaense,Orthohantavirus,Hantaviridae,,,,"Dobrava virus complete S segment gene for nucleocapsid protein, strain DOBV/Ano-Poroia/13Af/99",1672,partial,Greece:Ano-Poroia,Greece,,Apodemus flavicollis,,"Nemirov,K., Vapalahti,O., Papa,A., Plyusnina,A., Lundkvist,A., Antoniadis,A., Vaheri,A., Plyusnin,A.","Nemirov K., Department of Virology, University of Helsinki, Haartman institute, Haartmaninkatu 3, P.O. Box 21, FIN-00014",Finland,1,,2003-03-27,ssRNA(-)
AY168576.1,GenBank,set:795d54b08644869cae62747436b7496e23a0ddd9,,,,Orthohantavirus dobravaense,Orthohantavirus dobravaense,Orthohantavirus,Hantaviridae,,,S,"Dobrava virus strain East Slovakia/400Af/98 segment S nucleocapsid protein gene, complete cds",1673,partial,,,,Apodemus flavicollis,,"Klempa,B., Schmidt,H.A., Ulrich,R., Kaluz,S., Labuda,M., Meisel,H., Hjelle,B., Kruger,D.H.","Charite Medical School, Humboldt University, Institut of Virology",Germany,1,,2002-12-21,ssRNA(-)
AY168577.1,GenBank,set:795d54b08644869cae62747436b7496e23a0ddd9,,,,Orthohantavirus dobravaense,Orthohantavirus dobravaense,Orthohantavirus,Hantaviridae,,,M,"Dobrava virus strain East Slovakia/400Af/98 segment M glycoprotein precursor, gene, complete cds",3648,partial,,,,Apodemus flavicollis,,"Klempa,B., Schmidt,H.A., Ulrich,R., Kaluz,S., Labuda,M., Meisel,H., Hjelle,B., Kruger,D.H.","Charite Medical School, Humboldt University, Institut of Virology",Germany,1,,2002-12-21,ssRNA(-)
AY168578.1,GenBank,set:8dcdb5eff624458a02fd832919a8191e47023bab,,,,Orthohantavirus dobravaense,Orthohantavirus dobravaense,Orthohantavirus,Hantaviridae,,,M,"Dobrava virus strain East Slovakia/862Aa/97 segment M glycoprotein precursor, gene, complete cds",3643,partial,,,,Apodemus agrarius,,"Klempa,B., Schmidt,H.A., Ulrich,R., Kaluz,S., Labuda,M., Meisel,H., Hjelle,B., Kruger,D.H.","Charite Medical School, Humboldt University, Institut of Virology",Germany,1,,2002-12-21,ssRNA(-)
AF442622.1,GenBank,set:d4b5f365e1fa509ec4b3b2abee3247544a7253fc,,,,Orthohantavirus dobravaense,Orthohantavirus dobravaense,Orthohantavirus,Hantaviridae,,Ap-1/Goryachiy Klyuch-2000,S,"Dobrava-Belgrade virus isolate Ap-1/Goryachiy Klyuch-2000 nucleocapsid protein gene, partial cds",1637,partial,,,,Apodemus ponticus,,"Dekonenko,A., Ivanov,A., Dzagurova,T., Tkachenko,E., Yampolskiy,A., Brudniy,R., Schmaljohn,C.","US Army Medical Research Institute of Infectious Diseases, Virology Division",USA,,,2001-11-29,ssRNA(-)
AF442623.1,GenBank,set:33e44798aa05805c901f798af45c89f60d6a8d3d,,,,Orthohantavirus dobravaense,Orthohantavirus dobravaense,Orthohantavirus,Hantaviridae,,P-s1223/Krasnodar-2000,S,"Dobrava-Belgrade virus isolate P-s1223/Krasnodar-2000 nucleocapsid protein gene, partial cds",1196,partial,,,,Homo sapiens,,"Dekonenko,A., Ivanov,A., Dzagurova,T., Tkachenko,E., Yampolskiy,A., Brudniy,R., Schmaljohn,C.","US Army Medical Research Institute of Infectious Diseases, Virology Division",USA,,,2001-11-29,ssRNA(-)
AJ294722.1,GenBank,set:885f0cb9ab5b80a30ff07d503a88129137f8457e,,,,Orthohantavirus dobravaense,Orthohantavirus dobravaense,Orthohantavirus,Hantaviridae,,,M,"Dobrava virus proviral partial mRNA for G2 glycoprotein (G2 gene), strain DOBV/Ano-Poroia/Afl9V/1999",238,partial,Greece:Ano-Poroia,Greece,,Apodemus flavicollis,,"Papa,A., Nemirov,K., Henttonen,H., Niemimaa,J., Antoniadis,A., Vaheri,A., Plyusnin,A., Vapalahti,O.","Nemirov K., Department of Virology, University of Helsinki, Haartman institute, Haartmaninkatu 3, P.O. Box 21, FIN-00014",Finland,1,,2001-06-12,ssRNA(-)
AJ294723.1,GenBank,set:b3fd2bd520b86adcd8d1dd0433d1b572eb210daa,,,,Orthohantavirus dobravaense,Orthohantavirus dobravaense,Orthohantavirus,Hantaviridae,,,M,"Dobrava virus proviral partial mRNA for G2 glycoprotein (G2 gene), strain DOB/Ano-Poroia/Afl13/1999",238,partial,Greece:Ano-Poroia,Greece,,Apodemus flavicollis,,"Papa,A., Nemirov,K., Henttonen,H., Niemimaa,J., Antoniadis,A., Vaheri,A., Plyusnin,A., Vapalahti,O.","Nemirov K., Department of Virology, University of Helsinki, Haartman institute, Haartmaninkatu 3, P.O. Box 21, FIN-00014",Finland,1,,2001-06-12,ssRNA(-)
AJ269549.1,GenBank,set:b885abadddd733458afc3f963bf5757cdfd108bb,,,,Orthohantavirus dobravaense,Orthohantavirus dobravaense,Orthohantavirus,Hantaviridae,,,S,"Dobrava virus gene encoding nucleocapsid protein, genomic RNA, strain East Slovakia-856-Aa",1704,partial,Slovakia:Kosice,Slovakia,,Apodemus agrarius,,"Sibold,C., Ulrich,R., Labuda,M., Lundkvist,A., Martens,H., Schutt,M., Gerke,P., Leitmeyer,K., Meisel,H., Kruger,D.H.","Sibold C., Institute of Medical Virology, Charite, Medical School, Humboldt-University, Schumannstrasse 20-21, 10117 Berlin",Germany,1,,2001-01-06,ssRNA(-)
AJ269550.1,GenBank,set:650e82d236083334ecc4e695ffc5113c670f94f2,,,,Orthohantavirus dobravaense,Orthohantavirus dobravaense,Orthohantavirus,Hantaviridae,,,S,"Dobrava virus gene encoding nucleocapsid protein, genomic RNA, strain East Slovakia-862-Aa",1704,partial,Slovakia:Kosice,Slovakia,,Apodemus agrarius,,"Sibold,C., Ulrich,R., Labuda,M., Lundkvist,A., Martens,H., Schutt,M., Gerke,P., Leitmeyer,K., Meisel,H., Kruger,D.H.","Sibold C., Institute of Medical Virology, Charite, Medical School, Humboldt-University, Schumannstrasse 20-21, 10117 Berlin",Germany,1,,2001-01-06,ssRNA(-)
AJ269551.1,GenBank,set:03f88f7ff0c2b5dff650a0f7e58da88e0ac8b83d,,,,Orthohantavirus dobravaense,Orthohantavirus dobravaense,Orthohantavirus,Hantaviridae,,,S,"Dobrava virus partial gene encoding nucleocapsid protein, genomic RNA, strain East Slovakia-175-Aa",502,partial,Slovakia:Kosice,Slovakia,,Apodemus agrarius,,"Sibold,C., Ulrich,R., Labuda,M., Lundkvist,A., Martens,H., Schutt,M., Gerke,P., Leitmeyer,K., Meisel,H., Kruger,D.H.","Sibold C., Institute of Medical Virology, Charite, Medical School, Humboldt-University, Schumannstrasse 20-21, 10117 Berlin",Germany,1,,2001-01-06,ssRNA(-)
AJ269552.1,GenBank,set:2ded21bb403ac10d9a4722f76d289f1a0dc1a2a9,,,,Orthohantavirus dobravaense,Orthohantavirus dobravaense,Orthohantavirus,Hantaviridae,,,S,"Dobrava virus partial gene encoding nucleocapsid protein, genomic RNA, strain East Slovakia-374-Aa",502,partial,Slovakia:Kosice,Slovakia,,Apodemus agrarius,,"Sibold,C., Ulrich,R., Labuda,M., Lundkvist,A., Martens,H., Schutt,M., Gerke,P., Leitmeyer,K., Meisel,H., Kruger,D.H.","Sibold C., Institute of Medical Virology, Charite, Medical School, Humboldt-University, Schumannstrasse 20-21, 10117 Berlin",Germany,1,,2001-01-06,ssRNA(-)
AJ269553.1,GenBank,set:b713b0b891dacb842e151e1bfaf5ed538ec9acf6,,,,Orthohantavirus dobravaense,Orthohantavirus dobravaense,Orthohantavirus,Hantaviridae,,,S,"Dobrava virus partial gene encoding nucleocapsid protein, genomic RNA, strain East Slovakia-255-Aa",502,partial,Slovakia:Kosice,Slovakia,,Apodemus agrarius,,"Sibold,C., Ulrich,R., Labuda,M., Lundkvist,A., Martens,H., Schutt,M., Gerke,P., Leitmeyer,K., Meisel,H., Kruger,D.H.","Sibold C., Institute of Medical Virology, Charite, Medical School, Humboldt-University, Schumannstrasse 20-21, 10117 Berlin",Germany,1,,2001-01-06,ssRNA(-)
AJ269554.1,GenBank,set:27c2a5499216dc330d37ed0b0a6b3c2635a2a504,,,,Orthohantavirus dobravaense,Orthohantavirus dobravaense,Orthohantavirus,Hantaviridae,,,S,"Dobrava virus partial gene encoding nucleocapsid protein, genomic RNA, strain East Slovakia-400-Af",559,partial,Slovakia:Kosice,Slovakia,,Apodemus flavicollis,,"Sibold,C., Ulrich,R., Labuda,M., Lundkvist,A., Martens,H., Schutt,M., Gerke,P., Leitmeyer,K., Meisel,H., Kruger,D.H.","Sibold C., Institute of Medical Virology, Charite, Medical School, Humboldt-University, Schumannstrasse 20-21, 10117 Berlin",Germany,1,,2001-01-06,ssRNA(-)
AJ251996.1,GenBank,set:71eed97f3b5c832b5d9a8ca8fb510577ee97469e,,,,Orthohantavirus dobravaense,Orthohantavirus dobravaense,Orthohantavirus,Hantaviridae,,,S,"Dobrava virus proviral partial gene for nucleocapsid protein, genomic RNA",560,partial,Slovenia:Dobrava,Slovenia,,Apodemus flavicollis,,"Avsic-Zupanc,T., Nemirov,K., Petrovec,M., Trilar,T., Poljak,M., Vaheri,A., Plyusnin,A., Nemirov,K.N.","Nemirov K.N., Department of Virology, University of Helsinki, Haartman institute, Haartmaninkatu 3, P.O. Box 21, FIN-000014",Finland,1,,2000-07-14,ssRNA(-)
AJ251997.1,GenBank,set:6da95f551ad26210d3aa351f008a20b07680fa05,,,,Orthohantavirus dobravaense,Orthohantavirus dobravaense,Orthohantavirus,Hantaviridae,,,S,"Dobrava virus proviral partial gene for nucleocapsid protein, genomic RNA",558,partial,Slovenia:Kocevje,Slovenia,,Apodemus flavicollis,,"Avsic-Zupanc,T., Nemirov,K., Petrovec,M., Trilar,T., Poljak,M., Vaheri,A., Plyusnin,A., Nemirov,K.N.","Nemirov K.N., Department of Virology, University of Helsinki, Haartman institute, Haartmaninkatu 3, P.O. Box 21, FIN-000014",Finland,1,,2000-07-14,ssRNA(-)
AJ251998.1,GenBank,set:005bebd7a7f20bc059ee8748a1709f106a2d4b5e,,,,Orthohantavirus dobravaense,Orthohantavirus dobravaense,Orthohantavirus,Hantaviridae,,,S,"Dobrava virus proviral partial gene for nucleocapsid protein, genomic RNA",386,partial,Slovenia:Prekmurje,Slovenia,,Apodemus flavicollis,,"Avsic-Zupanc,T., Nemirov,K., Petrovec,M., Trilar,T., Poljak,M., Vaheri,A., Plyusnin,A., Nemirov,K.N.","Nemirov K.N., Department of Virology, University of Helsinki, Haartman institute, Haartmaninkatu 3, P.O. Box 21, FIN-000014",Finland,1,,2000-07-14,ssRNA(-)
AJ251999.1,GenBank,set:18013f053a870cfb25aa94a031a34ac41b0e2bfc,,,,Orthohantavirus dobravaense,Orthohantavirus dobravaense,Orthohantavirus,Hantaviridae,,,S,"Dobrava virus proviral partial gene for nucleocapsid protein, genomic RNA",386,partial,Slovenia:Prekmurje,Slovenia,,Apodemus agrarius,,"Avsic-Zupanc,T., Nemirov,K., Petrovec,M., Trilar,T., Poljak,M., Vaheri,A., Plyusnin,A., Nemirov,K.N.","Nemirov K.N., Department of Virology, University of Helsinki, Haartman institute, Haartmaninkatu 3, P.O. Box 21, FIN-000014",Finland,1,,2000-07-14,ssRNA(-)
AJ252009.1,GenBank,set:d5c0c150c705a804927bc78a8cf6317fd53f7e43,,,,Orthohantavirus dobravaense,Orthohantavirus dobravaense,Orthohantavirus,Hantaviridae,,,M,"Dobrava virus proviral partial gene for glycoprotein precursor, genomic RNA",252,partial,Russia:Kurkino,Russia,,Apodemus agrarius,,"Avsic-Zupanc,T., Nemirov,K., Petrovec,M., Trilar,T., Poljak,M., Vaheri,A., Plyusnin,A., Nemirov,K.N.","Nemirov K.N., Department of Virology, University of Helsinki, Haartman institute, Haartmaninkatu 3, P.O. Box 21, FIN-000014",Finland,1,,2000-07-14,ssRNA(-)
AJ276305.1,GenBank,set:2af0d088006c30ba6178d9112fdd886a2d78ab67,,,,Orthohantavirus dobravaense,Orthohantavirus dobravaense,Orthohantavirus,Hantaviridae,,,S,"Dobrava virus proviral partial S segeent gene for nucleocapsid protein, strain Ano Poroija/9Af/99, genomic RNA",386,partial,Greece:Ano Poroija,Greece,,Apodemus flavicollis,,"Avsic-Zupanc,T., Nemirov,K., Petrovec,M., Trilar,T., Poljak,M., Vaheri,A., Plyusnin,A.","Nemirov K., Department of Virology, University of Helsinki, Haartman institute, Haartmaninkatu 3, P.O. Box 21, FIN-00014",Finland,1,,2000-07-14,ssRNA(-)
AJ276306.1,GenBank,set:b5c5880fcafd91558f345726f03721e3764fc903,,,,Orthohantavirus dobravaense,Orthohantavirus dobravaense,Orthohantavirus,Hantaviridae,,,S,"Dobrava virus proviral partial S segment gene for nucleocapsid protein, strain Ano Poroija/13Af/99, genomic RNA",386,partial,Greece:Ano Poroija,Greece,,Apodemus flavicollis,,"Avsic-Zupanc,T., Nemirov,K., Petrovec,M., Trilar,T., Poljak,M., Vaheri,A., Plyusnin,A.","Nemirov K., Department of Virology, University of Helsinki, Haartman institute, Haartmaninkatu 3, P.O. Box 21, FIN-00014",Finland,1,,2000-07-14,ssRNA(-)
AJ252000.1,GenBank,set:71eed97f3b5c832b5d9a8ca8fb510577ee97469e,,,,Orthohantavirus dobravaense,Orthohantavirus dobravaense,Orthohantavirus,Hantaviridae,,,M,"Dobrava virus proviral partial gene for glycoprotein precursor, genomic RNA",277,partial,Slovenia:Dobrava,Slovenia,,Apodemus flavicollis,,"Avsic-Zupanc,T., Nemirov,K., Petrovec,M., Trilar,T., Poljak,M., Vaheri,A., Plyusnin,A., Nemirov,K.N.","Nemirov K.N., Department of Virology, University of Helsinki, Haartman institute, Haartmaninkatu 3, P.O. Box 21, FIN-000014",Finland,1,,2000-07-08,ssRNA(-)
AJ252001.1,GenBank,set:6da95f551ad26210d3aa351f008a20b07680fa05,,,,Orthohantavirus dobravaense,Orthohantavirus dobravaense,Orthohantavirus,Hantaviridae,,,M,"Dobrava virus proviral partial gene for glycoprotein precursor, genomic RNA",277,partial,Slovenia:Kocevje,Slovenia,,Apodemus flavicollis,,"Avsic-Zupanc,T., Nemirov,K., Petrovec,M., Trilar,T., Poljak,M., Vaheri,A., Plyusnin,A., Nemirov,K.N.","Nemirov K.N., Department of Virology, University of Helsinki, Haartman institute, Haartmaninkatu 3, P.O. Box 21, FIN-000014",Finland,1,,2000-07-08,ssRNA(-)
AJ252002.1,GenBank,set:13f896a7974377819316ee3a72bd1ff5aad19c75,,,,Orthohantavirus dobravaense,Orthohantavirus dobravaense,Orthohantavirus,Hantaviridae,,,M,"Dobrava virus proviral partial gene for glycoprotein precursor, genomic RNA",277,partial,Slovenia:Kocevje,Slovenia,,Apodemus flavicollis,,"Avsic-Zupanc,T., Nemirov,K., Petrovec,M., Trilar,T., Poljak,M., Vaheri,A., Plyusnin,A., Nemirov,K.N.","Nemirov K.N., Department of Virology, University of Helsinki, Haartman institute, Haartmaninkatu 3, P.O. Box 21, FIN-000014",Finland,1,,2000-07-08,ssRNA(-)
AJ252003.1,GenBank,set:16d1cf15202c0fbcd73b00613892081bcf9b9556,,,,Orthohantavirus dobravaense,Orthohantavirus dobravaense,Orthohantavirus,Hantaviridae,,,M,"Dobrava virus proviral partial gene for glycoprotein precursor, genomic RNA",277,partial,Slovenia:Tenetise,Slovenia,,Apodemus flavicollis,,"Avsic-Zupanc,T., Nemirov,K., Petrovec,M., Trilar,T., Poljak,M., Vaheri,A., Plyusnin,A., Nemirov,K.N.","Nemirov K.N., Department of Virology, University of Helsinki, Haartman institute, Haartmaninkatu 3, P.O. Box 21, FIN-000014",Finland,1,,2000-07-08,ssRNA(-)
AJ252004.1,GenBank,set:344799b962ee9872e3506ac9c017762660070929,,,,Orthohantavirus dobravaense,Orthohantavirus dobravaense,Orthohantavirus,Hantaviridae,,,M,"Dobrava virus proviral partial gene for glycoprotein precursor, genomic RNA",277,partial,Slovenia:Tenetise,Slovenia,,Apodemus flavicollis,,"Avsic-Zupanc,T., Nemirov,K., Petrovec,M., Trilar,T., Poljak,M., Vaheri,A., Plyusnin,A., Nemirov,K.N.","Nemirov K.N., Department of Virology, University of Helsinki, Haartman institute, Haartmaninkatu 3, P.O. Box 21, FIN-000014",Finland,1,,2000-07-08,ssRNA(-)
AJ252005.1,GenBank,set:6580be53a4159a5f3fffd1b0f25a2917c279478c,,,,Orthohantavirus dobravaense,Orthohantavirus dobravaense,Orthohantavirus,Hantaviridae,,,M,"Dobrava virus proviral partial gene for glycoprotein precursor, genomic RNA",277,partial,Slovenia:Gorjanci,Slovenia,,Apodemus flavicollis,,"Avsic-Zupanc,T., Nemirov,K., Petrovec,M., Trilar,T., Poljak,M., Vaheri,A., Plyusnin,A., Nemirov,K.N.","Nemirov K.N., Department of Virology, University of Helsinki, Haartman institute, Haartmaninkatu 3, P.O. Box 21, FIN-000014",Finland,1,,2000-07-08,ssRNA(-)
AJ252006.1,GenBank,set:cc0b9d7e5009a90984dcf77c8cb2d9dc2a1cd4ec,,,,Orthohantavirus dobravaense,Orthohantavirus dobravaense,Orthohantavirus,Hantaviridae,,,M,"Dobrava virus proviral partial gene for glycoprotein precursor, genomic RNA",277,partial,Slovenia:Gorjanci,Slovenia,,Apodemus flavicollis,,"Avsic-Zupanc,T., Nemirov,K., Petrovec,M., Trilar,T., Poljak,M., Vaheri,A., Plyusnin,A., Nemirov,K.N.","Nemirov K.N., Department of Virology, University of Helsinki, Haartman institute, Haartmaninkatu 3, P.O. Box 21, FIN-000014",Finland,1,,2000-07-08,ssRNA(-)
AJ252007.1,GenBank,set:005bebd7a7f20bc059ee8748a1709f106a2d4b5e,,,,Orthohantavirus dobravaense,Orthohantavirus dobravaense,Orthohantavirus,Hantaviridae,,,M,"Dobrava virus proviral partial gene for glycoprotein precursor, genomic RNA",277,partial,Slovenia:Prekmurje,Slovenia,,Apodemus flavicollis,,"Avsic-Zupanc,T., Nemirov,K., Petrovec,M., Trilar,T., Poljak,M., Vaheri,A., Plyusnin,A., Nemirov,K.N.","Nemirov K.N., Department of Virology, University of Helsinki, Haartman institute, Haartmaninkatu 3, P.O. Box 21, FIN-000014",Finland,1,,2000-07-08,ssRNA(-)
AJ252008.1,GenBank,set:18013f053a870cfb25aa94a031a34ac41b0e2bfc,,,,Orthohantavirus dobravaense,Orthohantavirus dobravaense,Orthohantavirus,Hantaviridae,,,M,"Dobrava virus proviral partial gene for glycoprotein precursor, genomic RNA",277,partial,Slovenia:Prekmurje,Slovenia,,Apodemus agrarius,,"Avsic-Zupanc,T., Nemirov,K., Petrovec,M., Trilar,T., Poljak,M., Vaheri,A., Plyusnin,A., Nemirov,K.N.","Nemirov K.N., Department of Virology, University of Helsinki, Haartman institute, Haartmaninkatu 3, P.O. Box 21, FIN-000014",Finland,1,,2000-07-08,ssRNA(-)
AJ131672.1,GenBank,set:a30e8ec0480a003249aedb63df24322f50d3459e,,,,Orthohantavirus dobravaense,Orthohantavirus dobravaense,Orthohantavirus,Hantaviridae,,,S,"Dobrava virus gene encoding nucleocapsid protein, strain Kurkino/44Aa/98",1674,partial,,,,,,"Plyusnin,A., Nemirov,K., Apekina,N., Plyusnina,A., Lundkvist,A., Vaheri,A.","Nemirov K., Department of Virology, University of Helsinki, Haartman institute, P.O.Box 21, Haartmaninkatu 3, Helsinki, FIN-00014",Finland,1,,1999-01-03,ssRNA(-)
AJ131673.1,GenBank,set:45f363093e2d256c5a83e5b06dfb7257e7143831,,,,Orthohantavirus dobravaense,Orthohantavirus dobravaense,Orthohantavirus,Hantaviridae,,,S,"Dobrava virus gene encoding nucleocapsid protein, strain Kurkino/53Aa/98",1674,partial,,,,,,"Plyusnin,A., Nemirov,K., Apekina,N., Plyusnina,A., Lundkvist,A., Vaheri,A.","Nemirov K., Department of Virology, University of Helsinki, Haartman institute, P.O.Box 21, Haartmaninkatu 3, Helsinki, FIN-00014",Finland,1,,1999-01-03,ssRNA(-)
AJ009773.1,GenBank,set:18cf83ee4bf6f93894f8ac2dc6abec214d5b7e2c,,,,Orthohantavirus dobravaense,Orthohantavirus dobravaense,Orthohantavirus,Hantaviridae,,,S,"Dobrava virus S segment gene encoding nucleocapsid protein, strain DOB/Saaremaa/160V), genomic RNA",1671,partial,,,,,,"Nemirov,K., Vapalahti,O., Lundkvist,A., Vasilenko,V., Golovljova,I., Plyusnina,A., Niemmimaa,J., Laakkonen,J., Henttonen,H., Vaheri,A., Plyusnin,A.","Nemirov K., Department of Virology, University of Helsinki, Haartman Institute, P.O.Box 21, FIN-00014",Finland,1,,1998-12-03,ssRNA(-)
AJ009774.2,GenBank,set:18cf83ee4bf6f93894f8ac2dc6abec214d5b7e2c,,,,Orthohantavirus dobravaense,Orthohantavirus dobravaense,Orthohantavirus,Hantaviridae,,,M,"Dobrava virus M segment gene encoding polyprotein precursor, strain DOB/Saaremaa/160V, genomic RNA",3645,partial,,,,,,"Nemirov,K., Vapalahti,O., Lundkvist,A., Vasilenko,V., Golovljova,I., Plyusnina,A., Niemmimaa,J., Laakkonen,J., Henttonen,H., Vaheri,A., Plyusnin,A.","Nemirov K., Department of Virology, University of Helsinki, Haartman Institute, P.O.Box 21, FIN-00014",Finland,1,,1998-12-03,ssRNA(-)
AJ009775.1,GenBank,set:649a290aedc64f8afb992a4f1c9f81e609aa43ae,,,,Orthohantavirus dobravaense,Orthohantavirus dobravaense,Orthohantavirus,Hantaviridae,,,S,"Dobrava virus S segment gene encoding nucleocapsid protein, strain Saar/90Aa/97), genomic RNA",1671,partial,,,,,,"Nemirov,K., Vapalahti,O., Lundkvist,A., Vasilenko,V., Golovljova,I., Plyusnina,A., Niemmimaa,J., Laakkonen,J., Henttonen,H., Vaheri,A., Plyusnin,A.","Nemirov K., Department of Virology, University of Helsinki, Haartman Institute, P.O.Box 21, FIN-00014",Finland,1,,1998-12-03,ssRNA(-)
AJ009776.1,GenBank,set:649a290aedc64f8afb992a4f1c9f81e609aa43ae,,,,Orthohantavirus dobravaense,Orthohantavirus dobravaense,Orthohantavirus,Hantaviridae,,,M,"Dobrava virus partial M segment gene encoding G2 glycoprotein, strain Saar/90Aa/97, genomic RNA",743,partial,,,,,,"Nemirov,K., Vapalahti,O., Lundkvist,A., Vasilenko,V., Golovljova,I., Plyusnina,A., Niemmimaa,J., Laakkonen,J., Henttonen,H., Vaheri,A., Plyusnin,A.","Nemirov K., Department of Virology, University of Helsinki, Haartman Institute, P.O.Box 21, FIN-00014",Finland,1,,1998-12-03,ssRNA(-)
AJ009777.1,GenBank,set:649a290aedc64f8afb992a4f1c9f81e609aa43ae,,,,Orthohantavirus dobravaense,Orthohantavirus dobravaense,Orthohantavirus,Hantaviridae,,,M,"Dobrava virus partial M segment gene encoding polyprotein precursor, strain Saar/90Aa/97, genomic RNA",592,partial,,,,,,"Nemirov,K., Vapalahti,O., Lundkvist,A., Vasilenko,V., Golovljova,I., Plyusnina,A., Niemmimaa,J., Laakkonen,J., Henttonen,H., Vaheri,A., Plyusnin,A.","Nemirov K., Department of Virology, University of Helsinki, Haartman Institute, P.O.Box 21, FIN-00014",Finland,1,,1998-12-03,ssRNA(-)
AJ009778.1,GenBank,set:18cf83ee4bf6f93894f8ac2dc6abec214d5b7e2c,,,,Orthohantavirus dobravaense,Orthohantavirus dobravaense,Orthohantavirus,Hantaviridae,,,L,"Dobrava virus partial L segment gene encoding L protein, strain DOB/Saaremaa/160V), genomic RNA",579,partial,,,,,,"Nemirov,K., Vapalahti,O., Lundkvist,A., Vasilenko,V., Golovljova,I., Plyusnina,A., Niemmimaa,J., Laakkonen,J., Henttonen,H., Vaheri,A., Plyusnin,A.","Nemirov K., Department of Virology, University of Helsinki, Haartman Institute, P.O.Box 21, FIN-00014",Finland,1,,1998-12-03,ssRNA(-)
AJ009779.1,GenBank,set:cc3959ddc829a9086838bd7d73ad6cce5b782651,,,,Orthohantavirus dobravaense,Orthohantavirus dobravaense,Orthohantavirus,Hantaviridae,,3970/87,L,"Dobrava virus partial L segment gene encoding L protein, strain Dobrava, genomic RNA",374,partial,,,,,,"Nemirov,K., Vapalahti,O., Lundkvist,A., Vasilenko,V., Golovljova,I., Plyusnina,A., Niemmimaa,J., Laakkonen,J., Henttonen,H., Vaheri,A., Plyusnin,A.","Nemirov K., Department of Virology, University of Helsinki, Haartman Institute, P.O.Box 21, FIN-00014",Finland,1,,1998-12-03,ssRNA(-)
AF085336.1,GenBank,set:fa6eaf7a25efc5ebb9151cba57c6644d56ea50cb,,,,Orthohantavirus dobravaense,Orthohantavirus dobravaense,Orthohantavirus,Hantaviridae,,,,"Dobrava virus strain Tazar-2 nucleocapsid protein (N) mRNA, partial cds",334,partial,Hungary:Tazar,Hungary,,,,"Scharninghausen,J.J., Meyer,H., Pfeffer,M., Davis,D.S., Honeycutt,R.L., Honeycutt,R.","Institute for Medical Microbiology, Infectious and Epidemic Diseases, Veterinary Faculty, Ludwig-Maximilians University",Germany,1,,1998-11-08,ssRNA(-)
AF085337.1,GenBank,set:52e3026e11f729701612d122a164254d167daa3d,,,,Orthohantavirus dobravaense,Orthohantavirus dobravaense,Orthohantavirus,Hantaviridae,,,,"Dobrava virus strain Tazar-8 nucleocapsid protein (N) mRNA, partial cds",321,partial,Hungary:Tazar,Hungary,,,,"Scharninghausen,J.J., Meyer,H., Pfeffer,M., Davis,D.S., Honeycutt,R.L., Honeycutt,R.","Institute for Medical Microbiology, Infectious and Epidemic Diseases, Veterinary Faculty, Ludwig-Maximilians University",Germany,1,,1998-11-08,ssRNA(-)
AF060011.1,GenBank,set:9c492676b2d4c33845a91fc3a69a00e040b0a154,,,,Orthohantavirus dobravaense,Orthohantavirus dobravaense,Orthohantavirus,Hantaviridae,,,,"Dobrava virus Nevrokopi-B M polyprotein gene, partial cds",238,partial,,,,,,"Antoniadis,A., Stylianakis,A., Papa,A., Alexiou-Daniel,S., Lampropoulos,A., Nichol,S.T., Peters,C.J., Spiropoulou,C.F.","Aristotelian University of Thessaloniki, School of Medicine, Dept of Microbiology",Greece,1,,1998-04-29,ssRNA(-)
AF060012.1,GenBank,set:a16bfbf9169bfde0ed2de3259e2727aeef42861c,,,,Orthohantavirus dobravaense,Orthohantavirus dobravaense,Orthohantavirus,Hantaviridae,,,,"Dobrava-Belgrade virus strain Nevrokopi-Af3 M polyprotein gene, partial cds",238,partial,,,,,,"Papa,A., Spiropoulou,C., Nichol,S., Antoniadis,A.","Aristotelian University of Thessaloniki, School of Medicine, Dept of Microbiology",Greece,1,,1998-04-29,ssRNA(-)
AF060013.1,GenBank,set:122fdce34ccf1c2c3023a225b536888db706d508,,,,Orthohantavirus dobravaense,Orthohantavirus dobravaense,Orthohantavirus,Hantaviridae,,,,"Dobrava virus Pindos M polyprotein gene, partial cds",238,partial,,,,,,"Antoniadis,A., Stylianakis,A., Papa,A., Alexiou-Daniel,S., Lampropoulos,A., Nichol,S.T., Peters,C.J., Spiropoulou,C.F.","Aristotelian University of Thessaloniki, School of Medicine, Dept of Microbiology",Greece,1,,1998-04-29,ssRNA(-)
AF060014.1,GenBank,set:06871b855d48ade4510993ecea6058d68a6b88cd,,,,Orthohantavirus dobravaense,Orthohantavirus dobravaense,Orthohantavirus,Hantaviridae,,,,"Dobrava virus DOB-NF nucleocapsid protein gene, partial cds",551,partial,,,,,,"Papa,A., Johnson,A.M., Stockton,P.C., Bowen,M.D., Spiropoulou,C.F., Alexiou-Daniel,S., Ksiazek,T.G., Nichol,S.T., Antoniadis,A.","Aristotelian University of Thessaloniki, School of Medicine, Dept of Microbiology",Greece,1,,1998-04-29,ssRNA(-)
AF060015.1,GenBank,set:907ee25aa9cac2c9c6c938fad9bbe12d734db920,,,,Orthohantavirus dobravaense,Orthohantavirus dobravaense,Orthohantavirus,Hantaviridae,,,,"Dobrava virus DOB-TI nucleocapsid protein gene, partial cds",555,partial,,,,,,"Papa,A., Johnson,A.M., Stockton,P.C., Bowen,M.D., Spiropoulou,C.F., Alexiou-Daniel,S., Ksiazek,T.G., Nichol,S.T., Antoniadis,A.","Aristotelian University of Thessaloniki, School of Medicine, Dept of Microbiology",Greece,1,,1998-04-29,ssRNA(-)
AF060016.1,GenBank,set:f7700cde72c033d9446bd17d4a04fc8cd063cc32,,,,Orthohantavirus dobravaense,Orthohantavirus dobravaense,Orthohantavirus,Hantaviridae,,,,"Dobrava virus DOB-CG nucleocapsid protein gene, partial cds",538,partial,,,,,,"Papa,A., Johnson,A.M., Stockton,P.C., Bowen,M.D., Spiropoulou,C.F., Alexiou-Daniel,S., Ksiazek,T.G., Nichol,S.T., Antoniadis,A.","Aristotelian University of Thessaloniki, School of Medicine, Dept of Microbiology",Greece,1,,1998-04-29,ssRNA(-)
AF060017.1,GenBank,set:ee2024f239c58c6a364a103e04a173ff2ced4b40,,,,Orthohantavirus dobravaense,Orthohantavirus dobravaense,Orthohantavirus,Hantaviridae,,,,"Dobrava virus DOB-SI nucleocapsid protein gene, partial cds",553,partial,,,,,,"Papa,A., Johnson,A.M., Stockton,P.C., Bowen,M.D., Spiropoulou,C.F., Alexiou-Daniel,S., Ksiazek,T.G., Nichol,S.T., Antoniadis,A.","Aristotelian University of Thessaloniki, School of Medicine, Dept of Microbiology",Greece,1,,1998-04-29,ssRNA(-)
AF060018.1,GenBank,set:bb1e4226cc95844b0241250fbc20c59f9187dd96,,,,Orthohantavirus dobravaense,Orthohantavirus dobravaense,Orthohantavirus,Hantaviridae,,,,"Dobrava virus DOB-PR nucleocapsid protein gene, partial cds",558,partial,,,,,,"Papa,A., Johnson,A.M., Stockton,P.C., Bowen,M.D., Spiropoulou,C.F., Alexiou-Daniel,S., Ksiazek,T.G., Nichol,S.T., Antoniadis,A.","Aristotelian University of Thessaloniki, School of Medicine, Dept of Microbiology",Greece,1,,1998-04-29,ssRNA(-)
AF060019.1,GenBank,set:f0fbe33b5f55f4ad8882273a0364e6a6f68305d5,,,,Orthohantavirus dobravaense,Orthohantavirus dobravaense,Orthohantavirus,Hantaviridae,,,,"Dobrava virus DOB-GA nucleocapsid protein gene, partial cds",558,partial,,,,,,"Papa,A., Johnson,A.M., Stockton,P.C., Bowen,M.D., Spiropoulou,C.F., Alexiou-Daniel,S., Ksiazek,T.G., Nichol,S.T., Antoniadis,A.","Aristotelian University of Thessaloniki, School of Medicine, Dept of Microbiology",Greece,1,,1998-04-29,ssRNA(-)
AF060020.1,GenBank,set:a19815fbe38bcf8412286d5522c34d5ddbf8eee1,,,,Orthohantavirus dobravaense,Orthohantavirus dobravaense,Orthohantavirus,Hantaviridae,,,,"Dobrava virus DOB-EA nucleocapsid protein gene, partial cds",558,partial,,,,,,"Papa,A., Johnson,A.M., Stockton,P.C., Bowen,M.D., Spiropoulou,C.F., Alexiou-Daniel,S., Ksiazek,T.G., Nichol,S.T., Antoniadis,A.","Aristotelian University of Thessaloniki, School of Medicine, Dept of Microbiology",Greece,1,,1998-04-29,ssRNA(-)
AF060021.1,GenBank,set:390867a5b529c7b166332da556821f41a89e114d,,,,Orthohantavirus dobravaense,Orthohantavirus dobravaense,Orthohantavirus,Hantaviridae,,,,"Dobrava virus DOB-HA nucleocapsid protein gene, partial cds",558,partial,,,,,,"Papa,A., Johnson,A.M., Stockton,P.C., Bowen,M.D., Spiropoulou,C.F., Alexiou-Daniel,S., Ksiazek,T.G., Nichol,S.T., Antoniadis,A.","Aristotelian University of Thessaloniki, School of Medicine, Dept of Microbiology",Greece,1,,1998-04-29,ssRNA(-)
AF060022.1,GenBank,set:13abc4f9c378746ca740492f38d0bc94916f8b8d,,,,Orthohantavirus dobravaense,Orthohantavirus dobravaense,Orthohantavirus,Hantaviridae,,,,"Dobrava virus DOB-SZ nucleocapsid protein gene, partial cds",558,partial,,,,,,"Papa,A., Johnson,A.M., Stockton,P.C., Bowen,M.D., Spiropoulou,C.F., Alexiou-Daniel,S., Ksiazek,T.G., Nichol,S.T., Antoniadis,A.","Aristotelian University of Thessaloniki, School of Medicine, Dept of Microbiology",Greece,1,,1998-04-29,ssRNA(-)
AF060023.1,GenBank,set:b4f23799f17f40ba9f00c312526af7c90f50bf0e,,,,Orthohantavirus dobravaense,Orthohantavirus dobravaense,Orthohantavirus,Hantaviridae,,,,"Dobrava virus DOB-TD nucleocapsid protein gene, partial cds",559,partial,,,,,,"Papa,A., Johnson,A.M., Stockton,P.C., Bowen,M.D., Spiropoulou,C.F., Alexiou-Daniel,S., Ksiazek,T.G., Nichol,S.T., Antoniadis,A.","Aristotelian University of Thessaloniki, School of Medicine, Dept of Microbiology",Greece,1,,1998-04-29,ssRNA(-)
AF060024.1,GenBank,set:e3d3342740df6c5a05f3834d456810d3f594e7c5,,,,Orthohantavirus dobravaense,Orthohantavirus dobravaense,Orthohantavirus,Hantaviridae,,,,"Dobrava virus DOB-PA nucleocapsid protein gene, partial cds",551,partial,,,,,,"Papa,A., Johnson,A.M., Stockton,P.C., Bowen,M.D., Spiropoulou,C.F., Alexiou-Daniel,S., Ksiazek,T.G., Nichol,S.T., Antoniadis,A.","Aristotelian University of Thessaloniki, School of Medicine, Dept of Microbiology",Greece,1,,1998-04-29,ssRNA(-)
AF060025.1,GenBank,set:f0fbe33b5f55f4ad8882273a0364e6a6f68305d5,,,,Orthohantavirus dobravaense,Orthohantavirus dobravaense,Orthohantavirus,Hantaviridae,,,,"Dobrava virus DOB-GA M polyprotein gene, partial cds",161,partial,,,,,,"Papa,A., Johnson,A.M., Stockton,P.C., Bowen,M.D., Spiropoulou,C.F., Alexiou-Daniel,S., Ksiazek,T.G., Nichol,S.T., Antoniadis,A.","Aristotelian University of Thessaloniki, School of Medicine, Dept of Microbiology",Greece,1,,1998-04-29,ssRNA(-)
AF060026.1,GenBank,set:390867a5b529c7b166332da556821f41a89e114d,,,,Orthohantavirus dobravaense,Orthohantavirus dobravaense,Orthohantavirus,Hantaviridae,,,,"Dobrava virus DOB-HA M polyprotein gene, partial cds",161,partial,,,,,,"Papa,A., Johnson,A.M., Stockton,P.C., Bowen,M.D., Spiropoulou,C.F., Alexiou-Daniel,S., Ksiazek,T.G., Nichol,S.T., Antoniadis,A.","Aristotelian University of Thessaloniki, School of Medicine, Dept of Microbiology",Greece,1,,1998-04-29,ssRNA(-)
AF060027.1,GenBank,set:f0fbe33b5f55f4ad8882273a0364e6a6f68305d5,,,,Orthohantavirus dobravaense,Orthohantavirus dobravaense,Orthohantavirus,Hantaviridae,,,,"Dobrava virus DOB-GA M polyprotein gene, partial cds",268,partial,,,,,,"Papa,A., Johnson,A.M., Stockton,P.C., Bowen,M.D., Spiropoulou,C.F., Alexiou-Daniel,S., Ksiazek,T.G., Nichol,S.T., Antoniadis,A.","Aristotelian University of Thessaloniki, School of Medicine, Dept of Microbiology",Greece,1,,1998-04-29,ssRNA(-)
AF060028.1,GenBank,set:a19815fbe38bcf8412286d5522c34d5ddbf8eee1,,,,Orthohantavirus dobravaense,Orthohantavirus dobravaense,Orthohantavirus,Hantaviridae,,,,"Dobrava virus DOB-EA M polyprotein gene, partial cds",269,partial,,,,,,"Papa,A., Johnson,A.M., Stockton,P.C., Bowen,M.D., Spiropoulou,C.F., Alexiou-Daniel,S., Ksiazek,T.G., Nichol,S.T., Antoniadis,A.","Aristotelian University of Thessaloniki, School of Medicine, Dept of Microbiology",Greece,1,,1998-04-29,ssRNA(-)
AF060029.1,GenBank,set:390867a5b529c7b166332da556821f41a89e114d,,,,Orthohantavirus dobravaense,Orthohantavirus dobravaense,Orthohantavirus,Hantaviridae,,,,"Dobrava virus DOB-HA M polyprotein gene, partial cds",269,partial,,,,,,"Papa,A., Johnson,A.M., Stockton,P.C., Bowen,M.D., Spiropoulou,C.F., Alexiou-Daniel,S., Ksiazek,T.G., Nichol,S.T., Antoniadis,A.","Aristotelian University of Thessaloniki, School of Medicine, Dept of Microbiology",Greece,1,,1998-04-29,ssRNA(-)
AF060030.1,GenBank,set:13abc4f9c378746ca740492f38d0bc94916f8b8d,,,,Orthohantavirus dobravaense,Orthohantavirus dobravaense,Orthohantavirus,Hantaviridae,,,,"Dobrava virus DOB-SZ M polyprotein gene, partial cds",268,partial,,,,,,"Papa,A., Johnson,A.M., Stockton,P.C., Bowen,M.D., Spiropoulou,C.F., Alexiou-Daniel,S., Ksiazek,T.G., Nichol,S.T., Antoniadis,A.","Aristotelian University of Thessaloniki, School of Medicine, Dept of Microbiology",Greece,1,,1998-04-29,ssRNA(-)
AF039525.2,GenBank,set:eaaaa5e57acb84302376998490cf2f52fc3fda14,,,,Orthohantavirus dobravaense,Orthohantavirus dobravaense,Orthohantavirus,Hantaviridae,,,,"Dobrava-Belgrade virus strain ASA nucleocapsid protein gene, partial cds",541,partial,,,,Homo sapiens,,"Papa,A., Kouidou,S., Antoniadis,A.","Aristotle University of Thessaloniki, Microbiology",Greece,,,1998-01-10,ssRNA(-)
L41916.1,GenBank,set:1cc3ad1cc17f9f2cfb1712d0795efc6a4ed3aada,,,,Orthohantavirus dobravaense,Orthohantavirus dobravaense,Orthohantavirus,Hantaviridae,,3970/87,S,"Dobrava-Belgrade virus segment S, complete sequence",1670,complete,,,,,,"Avsic-Zupanc,T., Toney,A., Anderson,K., Chu,Y.K., Schmaljohn,C.","USAMRIID, Virology Division",USA,1,,1995-07-02,ssRNA(-)
L33685.1,GenBank,set:dbc4a438e0f7806678a91b8ec8d65b061180970d,,,,Orthohantavirus dobravaense,Orthohantavirus dobravaense,Orthohantavirus,Hantaviridae,,,M,"Dobrava-Belgrade virus segment M, complete sequence",3644,complete,,,,,,"Avsic-Zupanc,T., Toney,A., Anderson,K., Chu,Y.K., Schmaljohn,C., Li,D., Schmaljohn,A.L., Spik,K.W., Schmaljohn,C.S.","USAMRIID, Virology Division",USA,1,,1994-10-08,ssRNA(-)
S60401.1,GenBank,set:S60401,,,,Orthohantavirus dobravaense,Orthohantavirus dobravaense,Orthohantavirus,Hantaviridae,,,,"G2 glycoprotein [Dobrava virus, host=A. flavicollis, Genomic RNA, 207 nt]",207,partial,,,,Apodemus flavicollis,,"Xiao,S.Y., Diglisic,G., Avsic-Zupanc,T., LeDuc,J.W.",,,1,,1993-06-28,ssRNA(-)
