Accession,GenBank_RefSeq,Assembly,SRA_Accession,BioSample,BioProject,Organism_Name,Species,Genus,Family,Genotype,Isolate,Segment,GenBank_Title,Length,Nuc_Completeness,Geo_Location,Country,USA,Host,Tissue_Specimen_Source,Submitters,Organization,Org_location,Publications,Collection_Date,Release_Date,Molecule_type
NC_077669.1,RefSeq,GCF_002830985.1,,,PRJNA485481,Orthohantavirus sinnombreense,Orthohantavirus sinnombreense,Orthohantavirus,Hantaviridae,,NM R11,S,"Sin Nombre virus (NM R11) RNA S segment encoding nucleocapsid protein (N protein), complete cds",2060,complete,,,,Peromyscus maniculatus,,"Chizhikov,V.E., Spiropoulou,C.F., Morzunov,S.P., Monroe,M.C., Peters,C.J., Nichol,S.T.","National Center for Biotechnology Information, NIH",USA,1,,2023-05-06,ssRNA(-)
NC_077670.1,RefSeq,GCF_002830985.1,,,PRJNA485481,Orthohantavirus sinnombreense,Orthohantavirus sinnombreense,Orthohantavirus,Hantaviridae,,NM R11,M,"Sin Nombre virus (NM R11) RNA M segment encoding surface glycoproteins (G1 and G2 proteins), complete cds",3696,complete,,,,Peromyscus maniculatus,,"Chizhikov,V.E., Spiropoulou,C.F., Morzunov,S.P., Monroe,M.C., Peters,C.J., Nichol,S.T.","National Center for Biotechnology Information, NIH",USA,1,,2023-05-06,ssRNA(-)
NC_077671.1,RefSeq,GCF_002830985.1,,,PRJNA485481,Orthohantavirus sinnombreense,Orthohantavirus sinnombreense,Orthohantavirus,Hantaviridae,,NM R11,L,"Sin Nombre virus (NM R11) RNA L segment encoding RNA polymerase (L protein), complete cds",6562,complete,,,,Peromyscus maniculatus,,"Chizhikov,V.E., Spiropoulou,C.F., Morzunov,S.P., Monroe,M.C., Peters,C.J., Nichol,S.T.","National Center for Biotechnology Information, NIH",USA,1,,2023-05-06,ssRNA(-)
NC_005215.1,RefSeq,GCF_000854765.1,,,PRJNA485481,Orthohantavirus sinnombreense,Orthohantavirus sinnombreense,Orthohantavirus,Hantaviridae,,NM H10,M,"Sin Nombre virus segment M, complete genome",3696,complete,,,,Homo sapiens,,"Spiropoulou,C.F., Morzunov,S., Feldmann,H., Sanchez,A., Peters,C.J., Nichol,S.T.","National Center for Biotechnology Information, NIH",USA,1,,2003-11-18,ssRNA(-)
NC_005216.1,RefSeq,GCF_000854765.1,,,PRJNA485481,Orthohantavirus sinnombreense,Orthohantavirus sinnombreense,Orthohantavirus,Hantaviridae,,case H10,S,"Sin Nombre virus segment S, complete sequence",2059,complete,,,,,,"Spiropoulou,C.F., Morzunov,S., Feldmann,H., Sanchez,A., Peters,C.J., Nichol,S.T.","National Center for Biotechnology Information, NIH",USA,1,,2003-11-18,ssRNA(-)
NC_005217.1,RefSeq,GCF_000854765.1,,,PRJNA485481,Orthohantavirus sinnombreense,Orthohantavirus sinnombreense,Orthohantavirus,Hantaviridae,,NM H10,L,Sin Nombre virus map viral genome L segment,6562,complete,,,,Homo sapiens,,"Chizhikov,V.E., Spiropoulou,C.F., Morzunov,S.P., Monroe,M.C., Peters,C.J., Nichol,S.T.","National Center for Biotechnology Information, NIH",USA,1,,2003-11-18,ssRNA(-)
PX401020.1,GenBank,,,,,Orthohantavirus sinnombreense,Orthohantavirus sinnombreense,Orthohantavirus,Hantaviridae,,PESO180,M,"Orthohantavirus sinnombreense strain PESO180 glycoprotein (M) gene, complete cds",3612,partial,USA: Washington State,USA,WA,Peromyscus sonoriensis,,"Rickard,G., Rivero,R., Grady,C., Horton,J., Fawcett,S., Goodfellow,S.M., Oltean,H.N., Fernandez,P., Seifert,S.N.","Washington State University, Paul G Allen School for Global Health",USA,,2023-06-18,2025-10-05,ssRNA(-)
PX401021.1,GenBank,,,,,Orthohantavirus sinnombreense,Orthohantavirus sinnombreense,Orthohantavirus,Hantaviridae,,PESO196,M,"Orthohantavirus sinnombreense strain PESO196 glycoprotein (M) gene, complete cds",3642,partial,USA: Washington State,USA,WA,Peromyscus sonoriensis,,"Rickard,G., Rivero,R., Grady,C., Horton,J., Fawcett,S., Goodfellow,S.M., Oltean,H.N., Fernandez,P., Seifert,S.N.","Washington State University, Paul G Allen School for Global Health",USA,,2023-06-22,2025-10-05,ssRNA(-)
PX401023.1,GenBank,,,,,Orthohantavirus sinnombreense,Orthohantavirus sinnombreense,Orthohantavirus,Hantaviridae,,PESO230,M,"Orthohantavirus sinnombreense strain PESO230 glycoprotein (M) gene, complete cds",3656,partial,USA: Washington State,USA,WA,Peromyscus sonoriensis,,"Rickard,G., Rivero,R., Grady,C., Horton,J., Fawcett,S., Goodfellow,S.M., Oltean,H.N., Fernandez,P., Seifert,S.N.","Washington State University, Paul G Allen School for Global Health",USA,,2023-06-28,2025-10-05,ssRNA(-)
PX401025.1,GenBank,,,,,Orthohantavirus sinnombreense,Orthohantavirus sinnombreense,Orthohantavirus,Hantaviridae,,PESO261,M,"Orthohantavirus sinnombreense strain PESO261 glycoprotein (M) gene, complete cds",3636,partial,USA: Washington State,USA,WA,Peromyscus sonoriensis,,"Rickard,G., Rivero,R., Grady,C., Horton,J., Fawcett,S., Goodfellow,S.M., Oltean,H.N., Fernandez,P., Seifert,S.N.","Washington State University, Paul G Allen School for Global Health",USA,,2023-07-12,2025-10-05,ssRNA(-)
PX401029.1,GenBank,,,,,Orthohantavirus sinnombreense,Orthohantavirus sinnombreense,Orthohantavirus,Hantaviridae,,PESO165,S,"Orthohantavirus sinnombreense strain PESO165 nucleocapsid (S) gene, complete cds",2007,partial,USA: Washington State,USA,WA,Peromyscus sonoriensis,,"Rickard,G., Rivero,R., Grady,C., Horton,J., Fawcett,S., Goodfellow,S.M., Oltean,H.N., Fernandez,P., Seifert,S.N.","Washington State University, Paul G Allen School for Global Health",USA,,2023-06-12,2025-10-05,ssRNA(-)
PX401032.1,GenBank,,,,,Orthohantavirus sinnombreense,Orthohantavirus sinnombreense,Orthohantavirus,Hantaviridae,,PESO229,S,"Orthohantavirus sinnombreense strain PESO229 nucleocapsid (S) gene, complete cds",2004,partial,USA: Washington State,USA,WA,Peromyscus sonoriensis,,"Rickard,G., Rivero,R., Grady,C., Horton,J., Fawcett,S., Goodfellow,S.M., Oltean,H.N., Fernandez,P., Seifert,S.N.","Washington State University, Paul G Allen School for Global Health",USA,,2023-06-28,2025-10-05,ssRNA(-)
PX401033.1,GenBank,,,,,Orthohantavirus sinnombreense,Orthohantavirus sinnombreense,Orthohantavirus,Hantaviridae,,PESO230,S,"Orthohantavirus sinnombreense strain PESO230 nucleocapsid (S) gene, complete cds",2004,partial,USA: Washington State,USA,WA,Peromyscus sonoriensis,,"Rickard,G., Rivero,R., Grady,C., Horton,J., Fawcett,S., Goodfellow,S.M., Oltean,H.N., Fernandez,P., Seifert,S.N.","Washington State University, Paul G Allen School for Global Health",USA,,2023-06-28,2025-10-05,ssRNA(-)
PX401034.1,GenBank,,,,,Orthohantavirus sinnombreense,Orthohantavirus sinnombreense,Orthohantavirus,Hantaviridae,,MIMO223,S,"Orthohantavirus sinnombreense strain MIMO223 nucleocapsid (S) gene, complete cds",2014,partial,USA: Washington State,USA,WA,Microtus montanus,,"Rickard,G., Rivero,R., Grady,C., Horton,J., Fawcett,S., Goodfellow,S.M., Oltean,H.N., Fernandez,P., Seifert,S.N.","Washington State University, Paul G Allen School for Global Health",USA,,2023-06-28,2025-10-05,ssRNA(-)
PX401037.1,GenBank,,,,,Orthohantavirus sinnombreense,Orthohantavirus sinnombreense,Orthohantavirus,Hantaviridae,,PESO295,S,"Orthohantavirus sinnombreense strain PESO295 nucleocapsid (S) gene, complete cds",2004,partial,USA: Washington State,USA,WA,Peromyscus sonoriensis,,"Rickard,G., Rivero,R., Grady,C., Horton,J., Fawcett,S., Goodfellow,S.M., Oltean,H.N., Fernandez,P., Seifert,S.N.","Washington State University, Paul G Allen School for Global Health",USA,,2023-07-17,2025-10-05,ssRNA(-)
PG340915.1,GenBank,,,,,Orthohantavirus sinnombreense,Orthohantavirus sinnombreense,Orthohantavirus,Hantaviridae,,,,JP 2023515355-A/7: RAPID VACCINE PLATFORM,6462,partial,,,,,,"Moomiaie,R., Klemke,R.",,,,,2025-02-28,ssRNA(-)
PG340916.1,GenBank,,,,,Orthohantavirus sinnombreense,Orthohantavirus sinnombreense,Orthohantavirus,Hantaviridae,,,,JP 2023515355-A/8: RAPID VACCINE PLATFORM,1287,partial,,,,,,"Moomiaie,R., Klemke,R.",,,,,2025-02-28,ssRNA(-)
PG340917.1,GenBank,,,,,Orthohantavirus sinnombreense,Orthohantavirus sinnombreense,Orthohantavirus,Hantaviridae,,,,JP 2023515355-A/9: RAPID VACCINE PLATFORM,192,partial,,,,,,"Moomiaie,R., Klemke,R.",,,,,2025-02-28,ssRNA(-)
PG340918.1,GenBank,,,,,Orthohantavirus sinnombreense,Orthohantavirus sinnombreense,Orthohantavirus,Hantaviridae,,,,JP 2023515355-A/10: RAPID VACCINE PLATFORM,3423,partial,,,,,,"Moomiaie,R., Klemke,R.",,,,,2025-02-28,ssRNA(-)
PL092163.1,GenBank,,,,,Orthohantavirus sinnombreense,Orthohantavirus sinnombreense,Orthohantavirus,Hantaviridae,,,,"KR 1020240003760-A/15: New regulatory elements for enhancing RNA stability or mRNA translation, ZCCHC2 interacting with the same, and use thereof",130,partial,,,,,,"Kim,V.N., Seo,J.J., Jung,S.",,,,,2025-01-16,ssRNA(-)
PL092227.1,GenBank,,,,,Orthohantavirus sinnombreense,Orthohantavirus sinnombreense,Orthohantavirus,Hantaviridae,,,,"KR 1020240003760-A/79: New regulatory elements for enhancing RNA stability or mRNA translation, ZCCHC2 interacting with the same, and use thereof",130,partial,,,,,,"Kim,V.N., Seo,J.J., Jung,S.",,,,,2025-01-16,ssRNA(-)
PL092228.1,GenBank,,,,,Orthohantavirus sinnombreense,Orthohantavirus sinnombreense,Orthohantavirus,Hantaviridae,,,,"KR 1020240003760-A/80: New regulatory elements for enhancing RNA stability or mRNA translation, ZCCHC2 interacting with the same, and use thereof",130,partial,,,,,,"Kim,V.N., Seo,J.J., Jung,S.",,,,,2025-01-16,ssRNA(-)
PL092350.1,GenBank,,,,,Orthohantavirus sinnombreense,Orthohantavirus sinnombreense,Orthohantavirus,Hantaviridae,,,,"KR 1020240003761-A/15: A method of screening regulatory elements for enhancing mRNA translation, new regulatory elements according to the method, and use thereof",130,partial,,,,,,"Kim,V.N., Seo,J.J., Jung,S.",,,,,2025-01-16,ssRNA(-)
PL092414.1,GenBank,,,,,Orthohantavirus sinnombreense,Orthohantavirus sinnombreense,Orthohantavirus,Hantaviridae,,,,"KR 1020240003761-A/79: A method of screening regulatory elements for enhancing mRNA translation, new regulatory elements according to the method, and use thereof",130,partial,,,,,,"Kim,V.N., Seo,J.J., Jung,S.",,,,,2025-01-16,ssRNA(-)
PL092415.1,GenBank,,,,,Orthohantavirus sinnombreense,Orthohantavirus sinnombreense,Orthohantavirus,Hantaviridae,,,,"KR 1020240003761-A/80: A method of screening regulatory elements for enhancing mRNA translation, new regulatory elements according to the method, and use thereof",130,partial,,,,,,"Kim,V.N., Seo,J.J., Jung,S.",,,,,2025-01-16,ssRNA(-)
PL092537.1,GenBank,,,,,Orthohantavirus sinnombreense,Orthohantavirus sinnombreense,Orthohantavirus,Hantaviridae,,,,"KR 1020240003762-A/15: A method of screening regulatory elements for enhancing RNA stability or mRNA translation, new regulatory elements according to the method, and use thereof",130,partial,,,,,,"Kim,V.N., Seo,J.J., Jung,S.",,,,,2025-01-16,ssRNA(-)
PL092601.1,GenBank,,,,,Orthohantavirus sinnombreense,Orthohantavirus sinnombreense,Orthohantavirus,Hantaviridae,,,,"KR 1020240003762-A/79: A method of screening regulatory elements for enhancing RNA stability or mRNA translation, new regulatory elements according to the method, and use thereof",130,partial,,,,,,"Kim,V.N., Seo,J.J., Jung,S.",,,,,2025-01-16,ssRNA(-)
PL092602.1,GenBank,,,,,Orthohantavirus sinnombreense,Orthohantavirus sinnombreense,Orthohantavirus,Hantaviridae,,,,"KR 1020240003762-A/80: A method of screening regulatory elements for enhancing RNA stability or mRNA translation, new regulatory elements according to the method, and use thereof",130,partial,,,,,,"Kim,V.N., Seo,J.J., Jung,S.",,,,,2025-01-16,ssRNA(-)
OQ999105.1,GenBank,,,,,Orthohantavirus sinnombreense,Orthohantavirus sinnombreense,Orthohantavirus,Hantaviridae,,9903888,S,"Orthohantavirus sinnombreense isolate 9903888 nucleocapsid protein gene, complete cds",1456,partial,USA: CA,USA,CA,Homo sapiens,blood,"Whitmer,S.L., Whitesell,A., Mobley,M., Talundzic,E., Shedroff,E., Cossaboom,C.M., Messenger,S., Deldari,M., Bhatnagar,J., Estetter,L., Zufan,S., Cannon,D., Chiang,C.-F., Gibbons,A., Krapiunaya,I., Morales-Betoulle,M., Choi,M., Knust,B., Amman,B., Montgomery,J.M., Shoemaker,T., Klena,J.D., Whitmer,S.","Centers for Disease Control and Prevention, Viral Special Pathogens Branch",USA,,1999-04-29,2024-08-26,ssRNA(-)
OQ999108.1,GenBank,,,,,Orthohantavirus sinnombreense,Orthohantavirus sinnombreense,Orthohantavirus,Hantaviridae,,9907416,S,"Orthohantavirus sinnombreense isolate 9907416 nucleocapsid protein gene, complete cds",1437,partial,USA: CA,USA,CA,Homo sapiens,blood,"Whitmer,S.L., Whitesell,A., Mobley,M., Talundzic,E., Shedroff,E., Cossaboom,C.M., Messenger,S., Deldari,M., Bhatnagar,J., Estetter,L., Zufan,S., Cannon,D., Chiang,C.-F., Gibbons,A., Krapiunaya,I., Morales-Betoulle,M., Choi,M., Knust,B., Amman,B., Montgomery,J.M., Shoemaker,T., Klena,J.D., Whitmer,S.","Centers for Disease Control and Prevention, Viral Special Pathogens Branch",USA,,1999-06-21,2024-08-26,ssRNA(-)
OQ999109.1,GenBank,,,,,Orthohantavirus sinnombreense,Orthohantavirus sinnombreense,Orthohantavirus,Hantaviridae,,9907416,M,"Orthohantavirus sinnombreense isolate 9907416 glycoprotein precursor, gene, complete cds",3690,partial,USA: CA,USA,CA,Homo sapiens,blood,"Whitmer,S.L., Whitesell,A., Mobley,M., Talundzic,E., Shedroff,E., Cossaboom,C.M., Messenger,S., Deldari,M., Bhatnagar,J., Estetter,L., Zufan,S., Cannon,D., Chiang,C.-F., Gibbons,A., Krapiunaya,I., Morales-Betoulle,M., Choi,M., Knust,B., Amman,B., Montgomery,J.M., Shoemaker,T., Klena,J.D., Whitmer,S.","Centers for Disease Control and Prevention, Viral Special Pathogens Branch",USA,,1999-06-21,2024-08-26,ssRNA(-)
OQ999110.1,GenBank,,,,,Orthohantavirus sinnombreense,Orthohantavirus sinnombreense,Orthohantavirus,Hantaviridae,,9907416,L,"Orthohantavirus sinnombreense isolate 9907416 RNA polymerase gene, complete cds",6559,partial,USA: CA,USA,CA,Homo sapiens,blood,"Whitmer,S.L., Whitesell,A., Mobley,M., Talundzic,E., Shedroff,E., Cossaboom,C.M., Messenger,S., Deldari,M., Bhatnagar,J., Estetter,L., Zufan,S., Cannon,D., Chiang,C.-F., Gibbons,A., Krapiunaya,I., Morales-Betoulle,M., Choi,M., Knust,B., Amman,B., Montgomery,J.M., Shoemaker,T., Klena,J.D., Whitmer,S.","Centers for Disease Control and Prevention, Viral Special Pathogens Branch",USA,,1999-06-21,2024-08-26,ssRNA(-)
OQ999111.1,GenBank,,,,,Orthohantavirus sinnombreense,Orthohantavirus sinnombreense,Orthohantavirus,Hantaviridae,,9917943,M,"Orthohantavirus sinnombreense isolate 9917943 glycoprotein precursor, gene, partial cds",3522,partial,USA: CA,USA,CA,Homo sapiens,,"Whitmer,S.L., Whitesell,A., Mobley,M., Talundzic,E., Shedroff,E., Cossaboom,C.M., Messenger,S., Deldari,M., Bhatnagar,J., Estetter,L., Zufan,S., Cannon,D., Chiang,C.-F., Gibbons,A., Krapiunaya,I., Morales-Betoulle,M., Choi,M., Knust,B., Amman,B., Montgomery,J.M., Shoemaker,T., Klena,J.D., Whitmer,S.","Centers for Disease Control and Prevention, Viral Special Pathogens Branch",USA,,1999-04-14,2024-08-26,ssRNA(-)
OQ999113.1,GenBank,,,,,Orthohantavirus sinnombreense,Orthohantavirus sinnombreense,Orthohantavirus,Hantaviridae,,20002436,S,"Orthohantavirus sinnombreense isolate 20002436 nucleocapsid protein gene, complete cds",1485,partial,USA: CA,USA,CA,Homo sapiens,blood,"Whitmer,S.L., Whitesell,A., Mobley,M., Talundzic,E., Shedroff,E., Cossaboom,C.M., Messenger,S., Deldari,M., Bhatnagar,J., Estetter,L., Zufan,S., Cannon,D., Chiang,C.-F., Gibbons,A., Krapiunaya,I., Morales-Betoulle,M., Choi,M., Knust,B., Amman,B., Montgomery,J.M., Shoemaker,T., Klena,J.D., Whitmer,S.","Centers for Disease Control and Prevention, Viral Special Pathogens Branch",USA,,2000-03-04,2024-08-26,ssRNA(-)
OQ999114.1,GenBank,,,,,Orthohantavirus sinnombreense,Orthohantavirus sinnombreense,Orthohantavirus,Hantaviridae,,20002436,M,"Orthohantavirus sinnombreense isolate 20002436 glycoprotein precursor, gene, complete cds",3685,partial,USA: CA,USA,CA,Homo sapiens,blood,"Whitmer,S.L., Whitesell,A., Mobley,M., Talundzic,E., Shedroff,E., Cossaboom,C.M., Messenger,S., Deldari,M., Bhatnagar,J., Estetter,L., Zufan,S., Cannon,D., Chiang,C.-F., Gibbons,A., Krapiunaya,I., Morales-Betoulle,M., Choi,M., Knust,B., Amman,B., Montgomery,J.M., Shoemaker,T., Klena,J.D., Whitmer,S.","Centers for Disease Control and Prevention, Viral Special Pathogens Branch",USA,,2000-03-04,2024-08-26,ssRNA(-)
OQ999115.1,GenBank,,,,,Orthohantavirus sinnombreense,Orthohantavirus sinnombreense,Orthohantavirus,Hantaviridae,,20002436,L,"Orthohantavirus sinnombreense isolate 20002436 RNA polymerase gene, complete cds",6541,partial,USA: CA,USA,CA,Homo sapiens,blood,"Whitmer,S.L., Whitesell,A., Mobley,M., Talundzic,E., Shedroff,E., Cossaboom,C.M., Messenger,S., Deldari,M., Bhatnagar,J., Estetter,L., Zufan,S., Cannon,D., Chiang,C.-F., Gibbons,A., Krapiunaya,I., Morales-Betoulle,M., Choi,M., Knust,B., Amman,B., Montgomery,J.M., Shoemaker,T., Klena,J.D., Whitmer,S.","Centers for Disease Control and Prevention, Viral Special Pathogens Branch",USA,,2000-03-04,2024-08-26,ssRNA(-)
OQ999118.1,GenBank,,,,,Orthohantavirus sinnombreense,Orthohantavirus sinnombreense,Orthohantavirus,Hantaviridae,,201102746,S,"Orthohantavirus sinnombreense isolate 201102746 nucleocapsid protein gene, complete cds",1543,partial,USA: CO,USA,CO,Homo sapiens,blood,"Whitmer,S.L., Whitesell,A., Mobley,M., Talundzic,E., Shedroff,E., Cossaboom,C.M., Messenger,S., Deldari,M., Bhatnagar,J., Estetter,L., Zufan,S., Cannon,D., Chiang,C.-F., Gibbons,A., Krapiunaya,I., Morales-Betoulle,M., Choi,M., Knust,B., Amman,B., Montgomery,J.M., Shoemaker,T., Klena,J.D., Whitmer,S.","Centers for Disease Control and Prevention, Viral Special Pathogens Branch",USA,,2011-03-28,2024-08-26,ssRNA(-)
OQ999119.1,GenBank,,,,,Orthohantavirus sinnombreense,Orthohantavirus sinnombreense,Orthohantavirus,Hantaviridae,,201102746,M,"Orthohantavirus sinnombreense isolate 201102746 glycoprotein precursor, gene, complete cds",3673,partial,USA: CO,USA,CO,Homo sapiens,blood,"Whitmer,S.L., Whitesell,A., Mobley,M., Talundzic,E., Shedroff,E., Cossaboom,C.M., Messenger,S., Deldari,M., Bhatnagar,J., Estetter,L., Zufan,S., Cannon,D., Chiang,C.-F., Gibbons,A., Krapiunaya,I., Morales-Betoulle,M., Choi,M., Knust,B., Amman,B., Montgomery,J.M., Shoemaker,T., Klena,J.D., Whitmer,S.","Centers for Disease Control and Prevention, Viral Special Pathogens Branch",USA,,2011-03-28,2024-08-26,ssRNA(-)
OQ999123.1,GenBank,,,,,Orthohantavirus sinnombreense,Orthohantavirus sinnombreense,Orthohantavirus,Hantaviridae,,2011029XX,S,"Orthohantavirus sinnombreense isolate 2011029XX nucleocapsid protein gene, complete cds",1343,partial,USA: NY,USA,NY,Homo sapiens,,"Whitmer,S.L., Whitesell,A., Mobley,M., Talundzic,E., Shedroff,E., Cossaboom,C.M., Messenger,S., Deldari,M., Bhatnagar,J., Estetter,L., Zufan,S., Cannon,D., Chiang,C.-F., Gibbons,A., Krapiunaya,I., Morales-Betoulle,M., Choi,M., Knust,B., Amman,B., Montgomery,J.M., Shoemaker,T., Klena,J.D., Whitmer,S.","Centers for Disease Control and Prevention, Viral Special Pathogens Branch",USA,,2011-06,2024-08-26,ssRNA(-)
OQ999124.1,GenBank,,,,,Orthohantavirus sinnombreense,Orthohantavirus sinnombreense,Orthohantavirus,Hantaviridae,,2011029XX,M,"Orthohantavirus sinnombreense isolate 2011029XX glycoprotein precursor, gene, complete cds",3660,partial,USA: NY,USA,NY,Homo sapiens,,"Whitmer,S.L., Whitesell,A., Mobley,M., Talundzic,E., Shedroff,E., Cossaboom,C.M., Messenger,S., Deldari,M., Bhatnagar,J., Estetter,L., Zufan,S., Cannon,D., Chiang,C.-F., Gibbons,A., Krapiunaya,I., Morales-Betoulle,M., Choi,M., Knust,B., Amman,B., Montgomery,J.M., Shoemaker,T., Klena,J.D., Whitmer,S.","Centers for Disease Control and Prevention, Viral Special Pathogens Branch",USA,,2011-06,2024-08-26,ssRNA(-)
OQ999125.1,GenBank,,,,,Orthohantavirus sinnombreense,Orthohantavirus sinnombreense,Orthohantavirus,Hantaviridae,,201300571,S,"Orthohantavirus sinnombreense isolate 201300571 nucleocapsid protein gene, complete cds",1453,partial,USA,USA,,Homo sapiens,blood,"Whitmer,S.L., Whitesell,A., Mobley,M., Talundzic,E., Shedroff,E., Cossaboom,C.M., Messenger,S., Deldari,M., Bhatnagar,J., Estetter,L., Zufan,S., Cannon,D., Chiang,C.-F., Gibbons,A., Krapiunaya,I., Morales-Betoulle,M., Choi,M., Knust,B., Amman,B., Montgomery,J.M., Shoemaker,T., Klena,J.D., Whitmer,S.","Centers for Disease Control and Prevention, Viral Special Pathogens Branch",USA,,2013-05-19,2024-08-26,ssRNA(-)
OQ999126.1,GenBank,,,,,Orthohantavirus sinnombreense,Orthohantavirus sinnombreense,Orthohantavirus,Hantaviridae,,201300571,M,"Orthohantavirus sinnombreense isolate 201300571 glycoprotein precursor, gene, complete cds",3669,partial,USA,USA,,Homo sapiens,blood,"Whitmer,S.L., Whitesell,A., Mobley,M., Talundzic,E., Shedroff,E., Cossaboom,C.M., Messenger,S., Deldari,M., Bhatnagar,J., Estetter,L., Zufan,S., Cannon,D., Chiang,C.-F., Gibbons,A., Krapiunaya,I., Morales-Betoulle,M., Choi,M., Knust,B., Amman,B., Montgomery,J.M., Shoemaker,T., Klena,J.D., Whitmer,S.","Centers for Disease Control and Prevention, Viral Special Pathogens Branch",USA,,2013-05-19,2024-08-26,ssRNA(-)
OQ999127.1,GenBank,,,,,Orthohantavirus sinnombreense,Orthohantavirus sinnombreense,Orthohantavirus,Hantaviridae,,201300571,L,"Orthohantavirus sinnombreense isolate 201300571 RNA polymerase gene, complete cds",6532,partial,USA,USA,,Homo sapiens,blood,"Whitmer,S.L., Whitesell,A., Mobley,M., Talundzic,E., Shedroff,E., Cossaboom,C.M., Messenger,S., Deldari,M., Bhatnagar,J., Estetter,L., Zufan,S., Cannon,D., Chiang,C.-F., Gibbons,A., Krapiunaya,I., Morales-Betoulle,M., Choi,M., Knust,B., Amman,B., Montgomery,J.M., Shoemaker,T., Klena,J.D., Whitmer,S.","Centers for Disease Control and Prevention, Viral Special Pathogens Branch",USA,,2013-05-19,2024-08-26,ssRNA(-)
OQ999128.1,GenBank,,,,,Orthohantavirus sinnombreense,Orthohantavirus sinnombreense,Orthohantavirus,Hantaviridae,,201802674,S,"Orthohantavirus sinnombreense isolate 201802674 nucleocapsid protein gene, complete cds",1538,partial,USA: CO,USA,CO,Homo sapiens,blood,"Whitmer,S.L., Whitesell,A., Mobley,M., Talundzic,E., Shedroff,E., Cossaboom,C.M., Messenger,S., Deldari,M., Bhatnagar,J., Estetter,L., Zufan,S., Cannon,D., Chiang,C.-F., Gibbons,A., Krapiunaya,I., Morales-Betoulle,M., Choi,M., Knust,B., Amman,B., Montgomery,J.M., Shoemaker,T., Klena,J.D., Whitmer,S.","Centers for Disease Control and Prevention, Viral Special Pathogens Branch",USA,,2018-09-18,2024-08-26,ssRNA(-)
OQ999129.1,GenBank,,,,,Orthohantavirus sinnombreense,Orthohantavirus sinnombreense,Orthohantavirus,Hantaviridae,,201802674,M,"Orthohantavirus sinnombreense isolate 201802674 glycoprotein precursor, gene, complete cds",3685,partial,USA: CO,USA,CO,Homo sapiens,blood,"Whitmer,S.L., Whitesell,A., Mobley,M., Talundzic,E., Shedroff,E., Cossaboom,C.M., Messenger,S., Deldari,M., Bhatnagar,J., Estetter,L., Zufan,S., Cannon,D., Chiang,C.-F., Gibbons,A., Krapiunaya,I., Morales-Betoulle,M., Choi,M., Knust,B., Amman,B., Montgomery,J.M., Shoemaker,T., Klena,J.D., Whitmer,S.","Centers for Disease Control and Prevention, Viral Special Pathogens Branch",USA,,2018-09-18,2024-08-26,ssRNA(-)
OQ999132.1,GenBank,,,,,Orthohantavirus sinnombreense,Orthohantavirus sinnombreense,Orthohantavirus,Hantaviridae,,2018-0628,M,"Orthohantavirus sinnombreense isolate 2018-0628 glycoprotein precursor, gene, complete cds",3695,partial,USA,USA,,Homo sapiens,,"Whitmer,S.L., Whitesell,A., Mobley,M., Talundzic,E., Shedroff,E., Cossaboom,C.M., Messenger,S., Deldari,M., Bhatnagar,J., Estetter,L., Zufan,S., Cannon,D., Chiang,C.-F., Gibbons,A., Krapiunaya,I., Morales-Betoulle,M., Choi,M., Knust,B., Amman,B., Montgomery,J.M., Shoemaker,T., Klena,J.D., Whitmer,S.","Centers for Disease Control and Prevention, Viral Special Pathogens Branch",USA,,2018-03,2024-08-26,ssRNA(-)
OQ999133.1,GenBank,,,,,Orthohantavirus sinnombreense,Orthohantavirus sinnombreense,Orthohantavirus,Hantaviridae,,2018-0628,L,"Orthohantavirus sinnombreense isolate 2018-0628 RNA polymerase gene, complete cds",6551,partial,USA,USA,,Homo sapiens,,"Whitmer,S.L., Whitesell,A., Mobley,M., Talundzic,E., Shedroff,E., Cossaboom,C.M., Messenger,S., Deldari,M., Bhatnagar,J., Estetter,L., Zufan,S., Cannon,D., Chiang,C.-F., Gibbons,A., Krapiunaya,I., Morales-Betoulle,M., Choi,M., Knust,B., Amman,B., Montgomery,J.M., Shoemaker,T., Klena,J.D., Whitmer,S.","Centers for Disease Control and Prevention, Viral Special Pathogens Branch",USA,,2018-03,2024-08-26,ssRNA(-)
OQ999135.1,GenBank,,,,,Orthohantavirus sinnombreense,Orthohantavirus sinnombreense,Orthohantavirus,Hantaviridae,,201901111,S,"Orthohantavirus sinnombreense isolate 201901111 nucleocapsid protein gene, complete cds",1455,partial,USA: AZ,USA,AZ,Homo sapiens,,"Whitmer,S.L., Whitesell,A., Mobley,M., Talundzic,E., Shedroff,E., Cossaboom,C.M., Messenger,S., Deldari,M., Bhatnagar,J., Estetter,L., Zufan,S., Cannon,D., Chiang,C.-F., Gibbons,A., Krapiunaya,I., Morales-Betoulle,M., Choi,M., Knust,B., Amman,B., Montgomery,J.M., Shoemaker,T., Klena,J.D., Whitmer,S.","Centers for Disease Control and Prevention, Viral Special Pathogens Branch",USA,,2005,2024-08-26,ssRNA(-)
OQ999136.1,GenBank,,,,,Orthohantavirus sinnombreense,Orthohantavirus sinnombreense,Orthohantavirus,Hantaviridae,,201901111,M,"Orthohantavirus sinnombreense isolate 201901111 glycoprotein precursor, gene, complete cds",3699,partial,USA: AZ,USA,AZ,Homo sapiens,,"Whitmer,S.L., Whitesell,A., Mobley,M., Talundzic,E., Shedroff,E., Cossaboom,C.M., Messenger,S., Deldari,M., Bhatnagar,J., Estetter,L., Zufan,S., Cannon,D., Chiang,C.-F., Gibbons,A., Krapiunaya,I., Morales-Betoulle,M., Choi,M., Knust,B., Amman,B., Montgomery,J.M., Shoemaker,T., Klena,J.D., Whitmer,S.","Centers for Disease Control and Prevention, Viral Special Pathogens Branch",USA,,2005,2024-08-26,ssRNA(-)
OQ999137.1,GenBank,,,,,Orthohantavirus sinnombreense,Orthohantavirus sinnombreense,Orthohantavirus,Hantaviridae,,201901111,L,"Orthohantavirus sinnombreense isolate 201901111 RNA polymerase gene, complete cds",6549,partial,USA: AZ,USA,AZ,Homo sapiens,,"Whitmer,S.L., Whitesell,A., Mobley,M., Talundzic,E., Shedroff,E., Cossaboom,C.M., Messenger,S., Deldari,M., Bhatnagar,J., Estetter,L., Zufan,S., Cannon,D., Chiang,C.-F., Gibbons,A., Krapiunaya,I., Morales-Betoulle,M., Choi,M., Knust,B., Amman,B., Montgomery,J.M., Shoemaker,T., Klena,J.D., Whitmer,S.","Centers for Disease Control and Prevention, Viral Special Pathogens Branch",USA,,2005,2024-08-26,ssRNA(-)
OQ999138.1,GenBank,,,,,Orthohantavirus sinnombreense,Orthohantavirus sinnombreense,Orthohantavirus,Hantaviridae,,201901114,S,"Orthohantavirus sinnombreense isolate 201901114 nucleocapsid protein gene, complete cds",1412,partial,USA: CA,USA,CA,Homo sapiens,,"Whitmer,S.L., Whitesell,A., Mobley,M., Talundzic,E., Shedroff,E., Cossaboom,C.M., Messenger,S., Deldari,M., Bhatnagar,J., Estetter,L., Zufan,S., Cannon,D., Chiang,C.-F., Gibbons,A., Krapiunaya,I., Morales-Betoulle,M., Choi,M., Knust,B., Amman,B., Montgomery,J.M., Shoemaker,T., Klena,J.D., Whitmer,S.","Centers for Disease Control and Prevention, Viral Special Pathogens Branch",USA,,2012,2024-08-26,ssRNA(-)
OQ999141.1,GenBank,,,,,Orthohantavirus sinnombreense,Orthohantavirus sinnombreense,Orthohantavirus,Hantaviridae,,201901119,M,"Orthohantavirus sinnombreense isolate 201901119 glycoprotein precursor, gene, complete cds",3700,partial,USA: CA,USA,CA,Homo sapiens,,"Whitmer,S.L., Whitesell,A., Mobley,M., Talundzic,E., Shedroff,E., Cossaboom,C.M., Messenger,S., Deldari,M., Bhatnagar,J., Estetter,L., Zufan,S., Cannon,D., Chiang,C.-F., Gibbons,A., Krapiunaya,I., Morales-Betoulle,M., Choi,M., Knust,B., Amman,B., Montgomery,J.M., Shoemaker,T., Klena,J.D., Whitmer,S.","Centers for Disease Control and Prevention, Viral Special Pathogens Branch",USA,,2017-01-31,2024-08-26,ssRNA(-)
OQ999143.1,GenBank,,,,,Orthohantavirus sinnombreense,Orthohantavirus sinnombreense,Orthohantavirus,Hantaviridae,,201901214,S,"Orthohantavirus sinnombreense isolate 201901214 nucleocapsid protein gene, complete cds",1731,partial,USA: OK,USA,OK,Homo sapiens,blood,"Whitmer,S.L., Whitesell,A., Mobley,M., Talundzic,E., Shedroff,E., Cossaboom,C.M., Messenger,S., Deldari,M., Bhatnagar,J., Estetter,L., Zufan,S., Cannon,D., Chiang,C.-F., Gibbons,A., Krapiunaya,I., Morales-Betoulle,M., Choi,M., Knust,B., Amman,B., Montgomery,J.M., Shoemaker,T., Klena,J.D., Whitmer,S.","Centers for Disease Control and Prevention, Viral Special Pathogens Branch",USA,,2019-05-14,2024-08-26,ssRNA(-)
OQ999144.1,GenBank,,,,,Orthohantavirus sinnombreense,Orthohantavirus sinnombreense,Orthohantavirus,Hantaviridae,,201901214,M,"Orthohantavirus sinnombreense isolate 201901214 glycoprotein precursor, gene, complete cds",3670,partial,USA: OK,USA,OK,Homo sapiens,blood,"Whitmer,S.L., Whitesell,A., Mobley,M., Talundzic,E., Shedroff,E., Cossaboom,C.M., Messenger,S., Deldari,M., Bhatnagar,J., Estetter,L., Zufan,S., Cannon,D., Chiang,C.-F., Gibbons,A., Krapiunaya,I., Morales-Betoulle,M., Choi,M., Knust,B., Amman,B., Montgomery,J.M., Shoemaker,T., Klena,J.D., Whitmer,S.","Centers for Disease Control and Prevention, Viral Special Pathogens Branch",USA,,2019-05-14,2024-08-26,ssRNA(-)
OQ999145.1,GenBank,,,,,Orthohantavirus sinnombreense,Orthohantavirus sinnombreense,Orthohantavirus,Hantaviridae,,201901214,L,"Orthohantavirus sinnombreense isolate 201901214 RNA polymerase gene, complete cds",6546,partial,USA: OK,USA,OK,Homo sapiens,blood,"Whitmer,S.L., Whitesell,A., Mobley,M., Talundzic,E., Shedroff,E., Cossaboom,C.M., Messenger,S., Deldari,M., Bhatnagar,J., Estetter,L., Zufan,S., Cannon,D., Chiang,C.-F., Gibbons,A., Krapiunaya,I., Morales-Betoulle,M., Choi,M., Knust,B., Amman,B., Montgomery,J.M., Shoemaker,T., Klena,J.D., Whitmer,S.","Centers for Disease Control and Prevention, Viral Special Pathogens Branch",USA,,2019-05-14,2024-08-26,ssRNA(-)
OQ999146.1,GenBank,,,,,Orthohantavirus sinnombreense,Orthohantavirus sinnombreense,Orthohantavirus,Hantaviridae,,201901352,S,"Orthohantavirus sinnombreense isolate 201901352 nucleocapsid protein gene, complete cds",1438,partial,USA: NV,USA,NV,Homo sapiens,blood,"Whitmer,S.L., Whitesell,A., Mobley,M., Talundzic,E., Shedroff,E., Cossaboom,C.M., Messenger,S., Deldari,M., Bhatnagar,J., Estetter,L., Zufan,S., Cannon,D., Chiang,C.-F., Gibbons,A., Krapiunaya,I., Morales-Betoulle,M., Choi,M., Knust,B., Amman,B., Montgomery,J.M., Shoemaker,T., Klena,J.D., Whitmer,S.","Centers for Disease Control and Prevention, Viral Special Pathogens Branch",USA,,2019-08-07,2024-08-26,ssRNA(-)
OQ999148.1,GenBank,,,,,Orthohantavirus sinnombreense,Orthohantavirus sinnombreense,Orthohantavirus,Hantaviridae,,201901352,L,"Orthohantavirus sinnombreense isolate 201901352 RNA polymerase gene, complete cds",6542,partial,USA: NV,USA,NV,Homo sapiens,blood,"Whitmer,S.L., Whitesell,A., Mobley,M., Talundzic,E., Shedroff,E., Cossaboom,C.M., Messenger,S., Deldari,M., Bhatnagar,J., Estetter,L., Zufan,S., Cannon,D., Chiang,C.-F., Gibbons,A., Krapiunaya,I., Morales-Betoulle,M., Choi,M., Knust,B., Amman,B., Montgomery,J.M., Shoemaker,T., Klena,J.D., Whitmer,S.","Centers for Disease Control and Prevention, Viral Special Pathogens Branch",USA,,2019-08-07,2024-08-26,ssRNA(-)
OQ999150.1,GenBank,,,,,Orthohantavirus sinnombreense,Orthohantavirus sinnombreense,Orthohantavirus,Hantaviridae,,201901647,M,"Orthohantavirus sinnombreense isolate 201901647 glycoprotein precursor, gene, complete cds",3695,partial,USA: NM,USA,NM,Homo sapiens,,"Whitmer,S.L., Whitesell,A., Mobley,M., Talundzic,E., Shedroff,E., Cossaboom,C.M., Messenger,S., Deldari,M., Bhatnagar,J., Estetter,L., Zufan,S., Cannon,D., Chiang,C.-F., Gibbons,A., Krapiunaya,I., Morales-Betoulle,M., Choi,M., Knust,B., Amman,B., Montgomery,J.M., Shoemaker,T., Klena,J.D., Whitmer,S.","Centers for Disease Control and Prevention, Viral Special Pathogens Branch",USA,,2019-08-23,2024-08-26,ssRNA(-)
OQ999151.1,GenBank,,,,,Orthohantavirus sinnombreense,Orthohantavirus sinnombreense,Orthohantavirus,Hantaviridae,,201901647,L,"Orthohantavirus sinnombreense isolate 201901647 RNA polymerase gene, complete cds",6574,partial,USA: NM,USA,NM,Homo sapiens,,"Whitmer,S.L., Whitesell,A., Mobley,M., Talundzic,E., Shedroff,E., Cossaboom,C.M., Messenger,S., Deldari,M., Bhatnagar,J., Estetter,L., Zufan,S., Cannon,D., Chiang,C.-F., Gibbons,A., Krapiunaya,I., Morales-Betoulle,M., Choi,M., Knust,B., Amman,B., Montgomery,J.M., Shoemaker,T., Klena,J.D., Whitmer,S.","Centers for Disease Control and Prevention, Viral Special Pathogens Branch",USA,,2019-08-23,2024-08-26,ssRNA(-)
OQ999154.1,GenBank,,,,,Orthohantavirus sinnombreense,Orthohantavirus sinnombreense,Orthohantavirus,Hantaviridae,,202003197,S,"Orthohantavirus sinnombreense isolate 202003197 nucleocapsid protein gene, complete cds",1461,partial,USA: WY,USA,WY,Homo sapiens,blood,"Whitmer,S.L., Whitesell,A., Mobley,M., Talundzic,E., Shedroff,E., Cossaboom,C.M., Messenger,S., Deldari,M., Bhatnagar,J., Estetter,L., Zufan,S., Cannon,D., Chiang,C.-F., Gibbons,A., Krapiunaya,I., Morales-Betoulle,M., Choi,M., Knust,B., Amman,B., Montgomery,J.M., Shoemaker,T., Klena,J.D., Whitmer,S.","Centers for Disease Control and Prevention, Viral Special Pathogens Branch",USA,,2020-07-23,2024-08-26,ssRNA(-)
OQ999155.1,GenBank,,,,,Orthohantavirus sinnombreense,Orthohantavirus sinnombreense,Orthohantavirus,Hantaviridae,,202003197,M,"Orthohantavirus sinnombreense isolate 202003197 glycoprotein precursor, gene, complete cds",3673,partial,USA: WY,USA,WY,Homo sapiens,blood,"Whitmer,S.L., Whitesell,A., Mobley,M., Talundzic,E., Shedroff,E., Cossaboom,C.M., Messenger,S., Deldari,M., Bhatnagar,J., Estetter,L., Zufan,S., Cannon,D., Chiang,C.-F., Gibbons,A., Krapiunaya,I., Morales-Betoulle,M., Choi,M., Knust,B., Amman,B., Montgomery,J.M., Shoemaker,T., Klena,J.D., Whitmer,S.","Centers for Disease Control and Prevention, Viral Special Pathogens Branch",USA,,2020-07-23,2024-08-26,ssRNA(-)
OQ999157.1,GenBank,,,,,Orthohantavirus sinnombreense,Orthohantavirus sinnombreense,Orthohantavirus,Hantaviridae,,202000016,S,"Orthohantavirus sinnombreense isolate 202000016 nucleocapsid protein gene, complete cds",1578,partial,USA: AZ,USA,AZ,Homo sapiens,blood,"Whitmer,S.L., Whitesell,A., Mobley,M., Talundzic,E., Shedroff,E., Cossaboom,C.M., Messenger,S., Deldari,M., Bhatnagar,J., Estetter,L., Zufan,S., Cannon,D., Chiang,C.-F., Gibbons,A., Krapiunaya,I., Morales-Betoulle,M., Choi,M., Knust,B., Amman,B., Montgomery,J.M., Shoemaker,T., Klena,J.D., Whitmer,S.","Centers for Disease Control and Prevention, Viral Special Pathogens Branch",USA,,2020-01-21,2024-08-26,ssRNA(-)
OQ999159.1,GenBank,,,,,Orthohantavirus sinnombreense,Orthohantavirus sinnombreense,Orthohantavirus,Hantaviridae,,202000016,L,"Orthohantavirus sinnombreense isolate 202000016 RNA polymerase gene, complete cds",6540,partial,USA: AZ,USA,AZ,Homo sapiens,blood,"Whitmer,S.L., Whitesell,A., Mobley,M., Talundzic,E., Shedroff,E., Cossaboom,C.M., Messenger,S., Deldari,M., Bhatnagar,J., Estetter,L., Zufan,S., Cannon,D., Chiang,C.-F., Gibbons,A., Krapiunaya,I., Morales-Betoulle,M., Choi,M., Knust,B., Amman,B., Montgomery,J.M., Shoemaker,T., Klena,J.D., Whitmer,S.","Centers for Disease Control and Prevention, Viral Special Pathogens Branch",USA,,2020-01-21,2024-08-26,ssRNA(-)
OQ999160.1,GenBank,,,,,Orthohantavirus sinnombreense,Orthohantavirus sinnombreense,Orthohantavirus,Hantaviridae,,202000381,S,"Orthohantavirus sinnombreense isolate 202000381 nucleocapsid protein gene, complete cds",1652,partial,USA: AZ,USA,AZ,Homo sapiens,,"Whitmer,S.L., Whitesell,A., Mobley,M., Talundzic,E., Shedroff,E., Cossaboom,C.M., Messenger,S., Deldari,M., Bhatnagar,J., Estetter,L., Zufan,S., Cannon,D., Chiang,C.-F., Gibbons,A., Krapiunaya,I., Morales-Betoulle,M., Choi,M., Knust,B., Amman,B., Montgomery,J.M., Shoemaker,T., Klena,J.D., Whitmer,S.","Centers for Disease Control and Prevention, Viral Special Pathogens Branch",USA,,2020-03,2024-08-26,ssRNA(-)
OQ999161.1,GenBank,,,,,Orthohantavirus sinnombreense,Orthohantavirus sinnombreense,Orthohantavirus,Hantaviridae,,202000381,M,"Orthohantavirus sinnombreense isolate 202000381 glycoprotein precursor, gene, complete cds",3781,partial,USA: AZ,USA,AZ,Homo sapiens,,"Whitmer,S.L., Whitesell,A., Mobley,M., Talundzic,E., Shedroff,E., Cossaboom,C.M., Messenger,S., Deldari,M., Bhatnagar,J., Estetter,L., Zufan,S., Cannon,D., Chiang,C.-F., Gibbons,A., Krapiunaya,I., Morales-Betoulle,M., Choi,M., Knust,B., Amman,B., Montgomery,J.M., Shoemaker,T., Klena,J.D., Whitmer,S.","Centers for Disease Control and Prevention, Viral Special Pathogens Branch",USA,,2020-03,2024-08-26,ssRNA(-)
OQ999162.1,GenBank,,,,,Orthohantavirus sinnombreense,Orthohantavirus sinnombreense,Orthohantavirus,Hantaviridae,,202000381,L,"Orthohantavirus sinnombreense isolate 202000381 RNA polymerase gene, complete cds",6555,partial,USA: AZ,USA,AZ,Homo sapiens,,"Whitmer,S.L., Whitesell,A., Mobley,M., Talundzic,E., Shedroff,E., Cossaboom,C.M., Messenger,S., Deldari,M., Bhatnagar,J., Estetter,L., Zufan,S., Cannon,D., Chiang,C.-F., Gibbons,A., Krapiunaya,I., Morales-Betoulle,M., Choi,M., Knust,B., Amman,B., Montgomery,J.M., Shoemaker,T., Klena,J.D., Whitmer,S.","Centers for Disease Control and Prevention, Viral Special Pathogens Branch",USA,,2020-03,2024-08-26,ssRNA(-)
OQ999163.1,GenBank,,,,,Orthohantavirus sinnombreense,Orthohantavirus sinnombreense,Orthohantavirus,Hantaviridae,,202101518,S,"Orthohantavirus sinnombreense isolate 202101518 nucleocapsid protein gene, complete cds",1436,partial,USA: WY,USA,WY,Homo sapiens,,"Whitmer,S.L., Whitesell,A., Mobley,M., Talundzic,E., Shedroff,E., Cossaboom,C.M., Messenger,S., Deldari,M., Bhatnagar,J., Estetter,L., Zufan,S., Cannon,D., Chiang,C.-F., Gibbons,A., Krapiunaya,I., Morales-Betoulle,M., Choi,M., Knust,B., Amman,B., Montgomery,J.M., Shoemaker,T., Klena,J.D., Whitmer,S.","Centers for Disease Control and Prevention, Viral Special Pathogens Branch",USA,,2020-11-29,2024-08-26,ssRNA(-)
OQ999164.1,GenBank,,,,,Orthohantavirus sinnombreense,Orthohantavirus sinnombreense,Orthohantavirus,Hantaviridae,,202101518,M,"Orthohantavirus sinnombreense isolate 202101518 glycoprotein precursor, gene, complete cds",3696,partial,USA: WY,USA,WY,Homo sapiens,,"Whitmer,S.L., Whitesell,A., Mobley,M., Talundzic,E., Shedroff,E., Cossaboom,C.M., Messenger,S., Deldari,M., Bhatnagar,J., Estetter,L., Zufan,S., Cannon,D., Chiang,C.-F., Gibbons,A., Krapiunaya,I., Morales-Betoulle,M., Choi,M., Knust,B., Amman,B., Montgomery,J.M., Shoemaker,T., Klena,J.D., Whitmer,S.","Centers for Disease Control and Prevention, Viral Special Pathogens Branch",USA,,2020-11-29,2024-08-26,ssRNA(-)
OQ999165.1,GenBank,,,,,Orthohantavirus sinnombreense,Orthohantavirus sinnombreense,Orthohantavirus,Hantaviridae,,202101518,L,"Orthohantavirus sinnombreense isolate 202101518 RNA polymerase gene, complete cds",6542,partial,USA: WY,USA,WY,Homo sapiens,,"Whitmer,S.L., Whitesell,A., Mobley,M., Talundzic,E., Shedroff,E., Cossaboom,C.M., Messenger,S., Deldari,M., Bhatnagar,J., Estetter,L., Zufan,S., Cannon,D., Chiang,C.-F., Gibbons,A., Krapiunaya,I., Morales-Betoulle,M., Choi,M., Knust,B., Amman,B., Montgomery,J.M., Shoemaker,T., Klena,J.D., Whitmer,S.","Centers for Disease Control and Prevention, Viral Special Pathogens Branch",USA,,2020-11-29,2024-08-26,ssRNA(-)
OQ999166.1,GenBank,,,,,Orthohantavirus sinnombreense,Orthohantavirus sinnombreense,Orthohantavirus,Hantaviridae,,202101564,S,"Orthohantavirus sinnombreense isolate 202101564 nucleocapsid protein gene, complete cds",1516,partial,USA: CO,USA,CO,Homo sapiens,blood,"Whitmer,S.L., Whitesell,A., Mobley,M., Talundzic,E., Shedroff,E., Cossaboom,C.M., Messenger,S., Deldari,M., Bhatnagar,J., Estetter,L., Zufan,S., Cannon,D., Chiang,C.-F., Gibbons,A., Krapiunaya,I., Morales-Betoulle,M., Choi,M., Knust,B., Amman,B., Montgomery,J.M., Shoemaker,T., Klena,J.D., Whitmer,S.","Centers for Disease Control and Prevention, Viral Special Pathogens Branch",USA,,2021-03-21,2024-08-26,ssRNA(-)
OQ999167.1,GenBank,,,,,Orthohantavirus sinnombreense,Orthohantavirus sinnombreense,Orthohantavirus,Hantaviridae,,202101564,M,"Orthohantavirus sinnombreense isolate 202101564 glycoprotein precursor, gene, complete cds",3679,partial,USA: CO,USA,CO,Homo sapiens,blood,"Whitmer,S.L., Whitesell,A., Mobley,M., Talundzic,E., Shedroff,E., Cossaboom,C.M., Messenger,S., Deldari,M., Bhatnagar,J., Estetter,L., Zufan,S., Cannon,D., Chiang,C.-F., Gibbons,A., Krapiunaya,I., Morales-Betoulle,M., Choi,M., Knust,B., Amman,B., Montgomery,J.M., Shoemaker,T., Klena,J.D., Whitmer,S.","Centers for Disease Control and Prevention, Viral Special Pathogens Branch",USA,,2021-03-21,2024-08-26,ssRNA(-)
OR428178.1,GenBank,,,,,Orthohantavirus sinnombreense,Orthohantavirus sinnombreense,Orthohantavirus,Hantaviridae,,,M,"Orthohantavirus sinnombreense glycoprotein Gn/Gc gene, partial cds",283,partial,USA: Michigan,USA,MI,Homo sapiens,blood,"Goodfellow,S.M., Nofchissey,R.A., Arsnoe,D., Ye,C., Lee,S., Park,J., Kim,W.-K., Chandran,K., Whitmer,S., Klena,J.D., Dyal,J., Shoemaker,T., Riner,D., Stobierski,M.G., Signs,K., Bradfute,S.B.","University of New Mexico Health Sciences Center, Internal Medicine; Center for Global Health",USA,,2021-05,2024-03-12,ssRNA(-)
OR428179.1,GenBank,,,,,Orthohantavirus sinnombreense,Orthohantavirus sinnombreense,Orthohantavirus,Hantaviridae,,,L,"Orthohantavirus sinnombreense RNA-dependent RNA polymerase gene, partial cds",377,partial,USA: Michigan,USA,MI,Homo sapiens,blood,"Goodfellow,S.M., Nofchissey,R.A., Arsnoe,D., Ye,C., Lee,S., Park,J., Kim,W.-K., Chandran,K., Whitmer,S., Klena,J.D., Dyal,J., Shoemaker,T., Riner,D., Stobierski,M.G., Signs,K., Bradfute,S.B.","University of New Mexico Health Sciences Center, Internal Medicine; Center for Global Health",USA,,2021-05,2024-03-12,ssRNA(-)
ON571574.1,GenBank,,,,,Orthohantavirus sinnombreense,Orthohantavirus sinnombreense,Orthohantavirus,Hantaviridae,,202000016|L|Sin Nombre orthohantavirus|2020,L,"Orthohantavirus sinnombreense isolate 202000016|L|Sin Nombre orthohantavirus|2020 RNA-dependent RNA polymerase gene, complete cds",6540,partial,USA,USA,,Homo sapiens,,"Hecht,G., Dale,A.P., Ruberto,I., Adame,G., Close,R., Snyder,S.J., Pink,K., Lemmon,N., Rudolfo,J., Madsen,M., Wiens,A.L., Cossaboom,C., Shoemaker,T., Choi,M.J., Cannon,D., Krapiunaya,I., Whitmer,S., Mobley,M., Talundzic,E., Klena,J.D., Venkat,H., Montgomery,J.","CDC, VSPB",USA,1,2020,2023-10-30,ssRNA(-)
ON571575.1,GenBank,,,,,Orthohantavirus sinnombreense,Orthohantavirus sinnombreense,Orthohantavirus,Hantaviridae,,202000016|S|Sin Nombre orthohantavirus|2020,S,"Sin Nombre orthohantavirus isolate 202000016|S|Sin Nombre orthohantavirus|2020 nucleocapsid protein gene, complete cds",1578,partial,USA,USA,,Homo sapiens,,"Hecht,G., Dale,A.P., Ruberto,I., Adame,G., Close,R., Snyder,S.J., Pink,K., Lemmon,N., Rudolfo,J., Madsen,M., Wiens,A.L., Cossaboom,C., Shoemaker,T., Choi,M.J., Cannon,D., Krapiunaya,I., Whitmer,S., Mobley,M., Talundzic,E., Klena,J.D., Venkat,H., Montgomery,J.","CDC, VSPB",USA,1,2020,2023-10-30,ssRNA(-)
ON571577.1,GenBank,,,,,Orthohantavirus sinnombreense,Orthohantavirus sinnombreense,Orthohantavirus,Hantaviridae,,202000017|L|Sin Nombre orthohantavirus|2020,L,"Orthohantavirus sinnombreense isolate 202000017|L|Sin Nombre orthohantavirus|2020 RNA-dependent RNA polymerase gene, complete cds",6545,partial,USA,USA,,Homo sapiens,,"Hecht,G., Dale,A.P., Ruberto,I., Adame,G., Close,R., Snyder,S.J., Pink,K., Lemmon,N., Rudolfo,J., Madsen,M., Wiens,A.L., Cossaboom,C., Shoemaker,T., Choi,M.J., Cannon,D., Krapiunaya,I., Whitmer,S., Mobley,M., Talundzic,E., Klena,J.D., Venkat,H., Montgomery,J.","CDC, VSPB",USA,1,2020,2023-10-30,ssRNA(-)
ON571578.1,GenBank,,,,,Orthohantavirus sinnombreense,Orthohantavirus sinnombreense,Orthohantavirus,Hantaviridae,,202000017|S|Sin Nombre orthohantavirus|2020,S,"Sin Nombre orthohantavirus isolate 202000017|S|Sin Nombre orthohantavirus|2020 nucleocapsid protein gene, complete cds",1502,partial,USA,USA,,Homo sapiens,,"Hecht,G., Dale,A.P., Ruberto,I., Adame,G., Close,R., Snyder,S.J., Pink,K., Lemmon,N., Rudolfo,J., Madsen,M., Wiens,A.L., Cossaboom,C., Shoemaker,T., Choi,M.J., Cannon,D., Krapiunaya,I., Whitmer,S., Mobley,M., Talundzic,E., Klena,J.D., Venkat,H., Montgomery,J.","CDC, VSPB",USA,1,2020,2023-10-30,ssRNA(-)
ON571579.1,GenBank,,,,,Orthohantavirus sinnombreense,Orthohantavirus sinnombreense,Orthohantavirus,Hantaviridae,,202000017|M|Sin Nombre orthohantavirus|2020,M,"Orthohantavirus sinnombreense isolate 202000017|M|Sin Nombre orthohantavirus|2020 glycoprotein precursor, gene, complete cds",3691,partial,USA,USA,,Homo sapiens,,"Hecht,G., Dale,A.P., Ruberto,I., Adame,G., Close,R., Snyder,S.J., Pink,K., Lemmon,N., Rudolfo,J., Madsen,M., Wiens,A.L., Cossaboom,C., Shoemaker,T., Choi,M.J., Cannon,D., Krapiunaya,I., Whitmer,S., Mobley,M., Talundzic,E., Klena,J.D., Venkat,H., Montgomery,J.","CDC, VSPB",USA,1,2020,2023-10-30,ssRNA(-)
ON571580.1,GenBank,,,,,Orthohantavirus sinnombreense,Orthohantavirus sinnombreense,Orthohantavirus,Hantaviridae,,202003381|L|Sin Nombre orthohantavirus|2020,L,"Orthohantavirus sinnombreense isolate 202003381|L|Sin Nombre orthohantavirus|2020 RNA-dependent RNA polymerase gene, complete cds",6555,partial,USA,USA,,Homo sapiens,,"Hecht,G., Dale,A.P., Ruberto,I., Adame,G., Close,R., Snyder,S.J., Pink,K., Lemmon,N., Rudolfo,J., Madsen,M., Wiens,A.L., Cossaboom,C., Shoemaker,T., Choi,M.J., Cannon,D., Krapiunaya,I., Whitmer,S., Mobley,M., Talundzic,E., Klena,J.D., Venkat,H., Montgomery,J.","CDC, VSPB",USA,1,2020,2023-10-30,ssRNA(-)
ON571581.1,GenBank,,,,,Orthohantavirus sinnombreense,Orthohantavirus sinnombreense,Orthohantavirus,Hantaviridae,,202003381|S|Sin Nombre orthohantavirus|2020,S,"Sin Nombre orthohantavirus isolate 202003381|S|Sin Nombre orthohantavirus|2020 nucleocapsid protein gene, complete cds",1652,partial,USA,USA,,Homo sapiens,,"Hecht,G., Dale,A.P., Ruberto,I., Adame,G., Close,R., Snyder,S.J., Pink,K., Lemmon,N., Rudolfo,J., Madsen,M., Wiens,A.L., Cossaboom,C., Shoemaker,T., Choi,M.J., Cannon,D., Krapiunaya,I., Whitmer,S., Mobley,M., Talundzic,E., Klena,J.D., Venkat,H., Montgomery,J.","CDC, VSPB",USA,1,2020,2023-10-30,ssRNA(-)
ON571582.1,GenBank,,,,,Orthohantavirus sinnombreense,Orthohantavirus sinnombreense,Orthohantavirus,Hantaviridae,,202003381|M|Sin Nombre orthohantavirus|2020,M,"Orthohantavirus sinnombreense isolate 202003381|M|Sin Nombre orthohantavirus|2020 glycoprotein precursor, gene, complete cds",3781,partial,USA,USA,,Homo sapiens,,"Hecht,G., Dale,A.P., Ruberto,I., Adame,G., Close,R., Snyder,S.J., Pink,K., Lemmon,N., Rudolfo,J., Madsen,M., Wiens,A.L., Cossaboom,C., Shoemaker,T., Choi,M.J., Cannon,D., Krapiunaya,I., Whitmer,S., Mobley,M., Talundzic,E., Klena,J.D., Venkat,H., Montgomery,J.","CDC, VSPB",USA,1,2020,2023-10-30,ssRNA(-)
ON571583.1,GenBank,,,,,Orthohantavirus sinnombreense,Orthohantavirus sinnombreense,Orthohantavirus,Hantaviridae,,202003377|L|Sin Nombre orthohantavirus|2020,L,"Orthohantavirus sinnombreense isolate 202003377|L|Sin Nombre orthohantavirus|2020 RNA-dependent RNA polymerase gene, complete cds",6540,partial,USA,USA,,Homo sapiens,,"Hecht,G., Dale,A.P., Ruberto,I., Adame,G., Close,R., Snyder,S.J., Pink,K., Lemmon,N., Rudolfo,J., Madsen,M., Wiens,A.L., Cossaboom,C., Shoemaker,T., Choi,M.J., Cannon,D., Krapiunaya,I., Whitmer,S., Mobley,M., Talundzic,E., Klena,J.D., Venkat,H., Montgomery,J.","CDC, VSPB",USA,1,2020,2023-10-30,ssRNA(-)
ON571584.1,GenBank,,,,,Orthohantavirus sinnombreense,Orthohantavirus sinnombreense,Orthohantavirus,Hantaviridae,,202003377|S|Sin Nombre orthohantavirus|2020,S,"Sin Nombre orthohantavirus isolate 202003377|S|Sin Nombre orthohantavirus|2020 nucleocapsid protein gene, complete cds",1514,partial,USA,USA,,Homo sapiens,,"Hecht,G., Dale,A.P., Ruberto,I., Adame,G., Close,R., Snyder,S.J., Pink,K., Lemmon,N., Rudolfo,J., Madsen,M., Wiens,A.L., Cossaboom,C., Shoemaker,T., Choi,M.J., Cannon,D., Krapiunaya,I., Whitmer,S., Mobley,M., Talundzic,E., Klena,J.D., Venkat,H., Montgomery,J.","CDC, VSPB",USA,1,2020,2023-10-30,ssRNA(-)
ON571587.1,GenBank,,,,,Orthohantavirus sinnombreense,Orthohantavirus sinnombreense,Orthohantavirus,Hantaviridae,,202003378|S|Sin Nombre orthohantavirus|2020,S,"Sin Nombre orthohantavirus isolate 202003378|S|Sin Nombre orthohantavirus|2020 nucleocapsid protein gene, complete cds",1497,partial,USA,USA,,Homo sapiens,,"Hecht,G., Dale,A.P., Ruberto,I., Adame,G., Close,R., Snyder,S.J., Pink,K., Lemmon,N., Rudolfo,J., Madsen,M., Wiens,A.L., Cossaboom,C., Shoemaker,T., Choi,M.J., Cannon,D., Krapiunaya,I., Whitmer,S., Mobley,M., Talundzic,E., Klena,J.D., Venkat,H., Montgomery,J.","CDC, VSPB",USA,1,2020,2023-10-30,ssRNA(-)
ON571589.1,GenBank,,,,,Orthohantavirus sinnombreense,Orthohantavirus sinnombreense,Orthohantavirus,Hantaviridae,,202003380|L|Sin Nombre orthohantavirus|2020,L,"Orthohantavirus sinnombreense isolate 202003380|L|Sin Nombre orthohantavirus|2020 RNA-dependent RNA polymerase gene, complete cds",6540,partial,USA,USA,,Homo sapiens,,"Hecht,G., Dale,A.P., Ruberto,I., Adame,G., Close,R., Snyder,S.J., Pink,K., Lemmon,N., Rudolfo,J., Madsen,M., Wiens,A.L., Cossaboom,C., Shoemaker,T., Choi,M.J., Cannon,D., Krapiunaya,I., Whitmer,S., Mobley,M., Talundzic,E., Klena,J.D., Venkat,H., Montgomery,J.","CDC, VSPB",USA,1,2020,2023-10-30,ssRNA(-)
ON571591.1,GenBank,,,,,Orthohantavirus sinnombreense,Orthohantavirus sinnombreense,Orthohantavirus,Hantaviridae,,202003380|M|Sin Nombre orthohantavirus|2020,M,"Orthohantavirus sinnombreense isolate 202003380|M|Sin Nombre orthohantavirus|2020 glycoprotein precursor, gene, complete cds",3797,partial,USA,USA,,Homo sapiens,,"Hecht,G., Dale,A.P., Ruberto,I., Adame,G., Close,R., Snyder,S.J., Pink,K., Lemmon,N., Rudolfo,J., Madsen,M., Wiens,A.L., Cossaboom,C., Shoemaker,T., Choi,M.J., Cannon,D., Krapiunaya,I., Whitmer,S., Mobley,M., Talundzic,E., Klena,J.D., Venkat,H., Montgomery,J.","CDC, VSPB",USA,1,2020,2023-10-30,ssRNA(-)
ON571592.1,GenBank,,,,,Orthohantavirus sinnombreense,Orthohantavirus sinnombreense,Orthohantavirus,Hantaviridae,,202003382|S|Sin Nombre orthohantavirus|2020,S,"Sin Nombre orthohantavirus isolate 202003382|S|Sin Nombre orthohantavirus|2020 nucleocapsid protein gene, complete cds",1374,partial,USA,USA,,Homo sapiens,,"Hecht,G., Dale,A.P., Ruberto,I., Adame,G., Close,R., Snyder,S.J., Pink,K., Lemmon,N., Rudolfo,J., Madsen,M., Wiens,A.L., Cossaboom,C., Shoemaker,T., Choi,M.J., Cannon,D., Krapiunaya,I., Whitmer,S., Mobley,M., Talundzic,E., Klena,J.D., Venkat,H., Montgomery,J.","CDC, VSPB",USA,1,2020,2023-10-30,ssRNA(-)
MZ400486.1,GenBank,,,,,Orthohantavirus sinnombreense,Orthohantavirus sinnombreense,Orthohantavirus,Hantaviridae,,,S,"Orthohantavirus sinnombreense strain BV121 nucleocapsid protein gene, complete cds",2008,partial,USA,USA,,Peromyscus maniculatus,,"Williamson,B.N., Meade-White,K., Schulz,J.E., Telford,C.T., Figueroa Acosta,D.M., Bushmaker,T., Fischer,R.J., Rosenke,K., Feldmann,H.","National Institute of Allergy and Infectious Diseases, Laboratory of Virology",USA,,2017-08-31,2021-10-17,ssRNA(-)
MZ400487.1,GenBank,,,,,Orthohantavirus sinnombreense,Orthohantavirus sinnombreense,Orthohantavirus,Hantaviridae,,,M,"Orthohantavirus sinnombreense strain BV121 glycoprotein precursor, gene, complete cds",3669,partial,USA,USA,,Peromyscus maniculatus,,"Williamson,B.N., Meade-White,K., Schulz,J.E., Telford,C.T., Figueroa Acosta,D.M., Bushmaker,T., Fischer,R.J., Rosenke,K., Feldmann,H.","National Institute of Allergy and Infectious Diseases, Laboratory of Virology",USA,,2017-08-31,2021-10-17,ssRNA(-)
MZ400488.1,GenBank,,,,,Orthohantavirus sinnombreense,Orthohantavirus sinnombreense,Orthohantavirus,Hantaviridae,,,L,"Orthohantavirus sinnombreense strain BV121 RNA polymerase gene, partial cds",6442,partial,USA,USA,,Peromyscus maniculatus,,"Williamson,B.N., Meade-White,K., Schulz,J.E., Telford,C.T., Figueroa Acosta,D.M., Bushmaker,T., Fischer,R.J., Rosenke,K., Feldmann,H.","National Institute of Allergy and Infectious Diseases, Laboratory of Virology",USA,,2017-08-31,2021-10-17,ssRNA(-)
MW177646.1,GenBank,,,,,Orthohantavirus sinnombreense,Orthohantavirus sinnombreense,Orthohantavirus,Hantaviridae,,BV52,S,"Orthohantavirus sinnombreense isolate BV52 segment S nucleocapsid protein gene, partial cds",1459,partial,USA: Western MT,USA,MT,Peromyscus maniculatus,,"Williamson,B.N., Meade-White,K., Boardman,K., Schulz,J.E., Telford,C.T., Figueroa Acosta,D.M., Bushmaker,T., Fischer,R.J., Rosenke,K., Feldmann,H., Schulz,J.","Rocky Mountain Laboratories/NIH, Laboratory of Virology",USA,1,2017-07-01,2021-06-19,ssRNA(-)
MW177647.1,GenBank,,,,,Orthohantavirus sinnombreense,Orthohantavirus sinnombreense,Orthohantavirus,Hantaviridae,,BV85,S,"Orthohantavirus sinnombreense isolate BV85 segment S nucleocapsid protein gene, partial cds",1470,partial,USA: Western MT,USA,MT,Peromyscus maniculatus,,"Williamson,B.N., Meade-White,K., Boardman,K., Schulz,J.E., Telford,C.T., Figueroa Acosta,D.M., Bushmaker,T., Fischer,R.J., Rosenke,K., Feldmann,H., Schulz,J.","Rocky Mountain Laboratories/NIH, Laboratory of Virology",USA,1,2017-08-02,2021-06-19,ssRNA(-)
MW177648.1,GenBank,,,,,Orthohantavirus sinnombreense,Orthohantavirus sinnombreense,Orthohantavirus,Hantaviridae,,BV86,S,"Orthohantavirus sinnombreense isolate BV86 segment S nucleocapsid protein gene, partial cds",1468,partial,USA: Western MT,USA,MT,Peromyscus maniculatus,,"Williamson,B.N., Meade-White,K., Boardman,K., Schulz,J.E., Telford,C.T., Figueroa Acosta,D.M., Bushmaker,T., Fischer,R.J., Rosenke,K., Feldmann,H., Schulz,J.","Rocky Mountain Laboratories/NIH, Laboratory of Virology",USA,1,2017-08-02,2021-06-19,ssRNA(-)
MW177649.1,GenBank,,,,,Orthohantavirus sinnombreense,Orthohantavirus sinnombreense,Orthohantavirus,Hantaviridae,,BV105,S,"Orthohantavirus sinnombreense isolate BV105 segment S nucleocapsid protein gene, partial cds",1488,partial,USA: Western MT,USA,MT,Peromyscus maniculatus,,"Williamson,B.N., Meade-White,K., Boardman,K., Schulz,J.E., Telford,C.T., Figueroa Acosta,D.M., Bushmaker,T., Fischer,R.J., Rosenke,K., Feldmann,H., Schulz,J.","Rocky Mountain Laboratories/NIH, Laboratory of Virology",USA,1,2017-08-03,2021-06-19,ssRNA(-)
MW177650.1,GenBank,,,,,Orthohantavirus sinnombreense,Orthohantavirus sinnombreense,Orthohantavirus,Hantaviridae,,BV121,S,"Orthohantavirus sinnombreense isolate BV121 segment S nucleocapsid protein gene, partial cds",1469,partial,USA: Western MT,USA,MT,Peromyscus maniculatus,,"Williamson,B.N., Meade-White,K., Boardman,K., Schulz,J.E., Telford,C.T., Figueroa Acosta,D.M., Bushmaker,T., Fischer,R.J., Rosenke,K., Feldmann,H., Schulz,J.","Rocky Mountain Laboratories/NIH, Laboratory of Virology",USA,1,2017-09-01,2021-06-19,ssRNA(-)
MW177651.1,GenBank,,,,,Orthohantavirus sinnombreense,Orthohantavirus sinnombreense,Orthohantavirus,Hantaviridae,,BV180,S,"Orthohantavirus sinnombreense isolate BV180 segment S nucleocapsid protein gene, partial cds",1468,partial,USA: Western MT,USA,MT,Peromyscus maniculatus,,"Williamson,B.N., Meade-White,K., Boardman,K., Schulz,J.E., Telford,C.T., Figueroa Acosta,D.M., Bushmaker,T., Fischer,R.J., Rosenke,K., Feldmann,H., Schulz,J.","Rocky Mountain Laboratories/NIH, Laboratory of Virology",USA,1,2018-05-15,2021-06-19,ssRNA(-)
MW177652.1,GenBank,,,,,Orthohantavirus sinnombreense,Orthohantavirus sinnombreense,Orthohantavirus,Hantaviridae,,BV184,S,"Orthohantavirus sinnombreense isolate BV184 segment S nucleocapsid protein gene, partial cds",1469,partial,USA: Western MT,USA,MT,Peromyscus maniculatus,,"Williamson,B.N., Meade-White,K., Boardman,K., Schulz,J.E., Telford,C.T., Figueroa Acosta,D.M., Bushmaker,T., Fischer,R.J., Rosenke,K., Feldmann,H., Schulz,J.","Rocky Mountain Laboratories/NIH, Laboratory of Virology",USA,1,2018-05-15,2021-06-19,ssRNA(-)
MW177653.1,GenBank,,,,,Orthohantavirus sinnombreense,Orthohantavirus sinnombreense,Orthohantavirus,Hantaviridae,,BV200,S,"Orthohantavirus sinnombreense isolate BV200 segment S nucleocapsid protein gene, partial cds",1468,partial,USA: Western MT,USA,MT,Peromyscus maniculatus,,"Williamson,B.N., Meade-White,K., Boardman,K., Schulz,J.E., Telford,C.T., Figueroa Acosta,D.M., Bushmaker,T., Fischer,R.J., Rosenke,K., Feldmann,H., Schulz,J.","Rocky Mountain Laboratories/NIH, Laboratory of Virology",USA,1,2018-05-24,2021-06-19,ssRNA(-)
MW177654.1,GenBank,,,,,Orthohantavirus sinnombreense,Orthohantavirus sinnombreense,Orthohantavirus,Hantaviridae,,BV213,S,"Orthohantavirus sinnombreense isolate BV213 segment S nucleocapsid protein gene, partial cds",1483,partial,USA: Western MT,USA,MT,Peromyscus maniculatus,,"Williamson,B.N., Meade-White,K., Boardman,K., Schulz,J.E., Telford,C.T., Figueroa Acosta,D.M., Bushmaker,T., Fischer,R.J., Rosenke,K., Feldmann,H., Schulz,J.","Rocky Mountain Laboratories/NIH, Laboratory of Virology",USA,1,2018-06-04,2021-06-19,ssRNA(-)
MW177655.1,GenBank,,,,,Orthohantavirus sinnombreense,Orthohantavirus sinnombreense,Orthohantavirus,Hantaviridae,,BV250,S,"Orthohantavirus sinnombreense isolate BV250 segment S nucleocapsid protein gene, partial cds",1470,partial,USA: Western MT,USA,MT,Peromyscus maniculatus,,"Williamson,B.N., Meade-White,K., Boardman,K., Schulz,J.E., Telford,C.T., Figueroa Acosta,D.M., Bushmaker,T., Fischer,R.J., Rosenke,K., Feldmann,H., Schulz,J.","Rocky Mountain Laboratories/NIH, Laboratory of Virology",USA,1,2018-06-04,2021-06-19,ssRNA(-)
MW177656.1,GenBank,,,,,Orthohantavirus sinnombreense,Orthohantavirus sinnombreense,Orthohantavirus,Hantaviridae,,BV251,S,"Orthohantavirus sinnombreense isolate BV251 segment S nucleocapsid protein gene, partial cds",1459,partial,USA: Western MT,USA,MT,Peromyscus maniculatus,,"Williamson,B.N., Meade-White,K., Boardman,K., Schulz,J.E., Telford,C.T., Figueroa Acosta,D.M., Bushmaker,T., Fischer,R.J., Rosenke,K., Feldmann,H., Schulz,J.","Rocky Mountain Laboratories/NIH, Laboratory of Virology",USA,1,2018-06-04,2021-06-19,ssRNA(-)
MW177657.1,GenBank,,,,,Orthohantavirus sinnombreense,Orthohantavirus sinnombreense,Orthohantavirus,Hantaviridae,,BV253,S,"Orthohantavirus sinnombreense isolate BV253 segment S nucleocapsid protein gene, partial cds",1468,partial,USA: Western MT,USA,MT,Peromyscus maniculatus,,"Williamson,B.N., Meade-White,K., Boardman,K., Schulz,J.E., Telford,C.T., Figueroa Acosta,D.M., Bushmaker,T., Fischer,R.J., Rosenke,K., Feldmann,H., Schulz,J.","Rocky Mountain Laboratories/NIH, Laboratory of Virology",USA,1,2018-06-04,2021-06-19,ssRNA(-)
MW177658.1,GenBank,,,,,Orthohantavirus sinnombreense,Orthohantavirus sinnombreense,Orthohantavirus,Hantaviridae,,BV254,S,"Orthohantavirus sinnombreense isolate BV254 segment S nucleocapsid protein gene, partial cds",1468,partial,USA: Western MT,USA,MT,Peromyscus maniculatus,,"Williamson,B.N., Meade-White,K., Boardman,K., Schulz,J.E., Telford,C.T., Figueroa Acosta,D.M., Bushmaker,T., Fischer,R.J., Rosenke,K., Feldmann,H., Schulz,J.","Rocky Mountain Laboratories/NIH, Laboratory of Virology",USA,1,2018-06-04,2021-06-19,ssRNA(-)
MW177659.1,GenBank,,,,,Orthohantavirus sinnombreense,Orthohantavirus sinnombreense,Orthohantavirus,Hantaviridae,,BV256,S,"Orthohantavirus sinnombreense isolate BV256 segment S nucleocapsid protein gene, partial cds",1469,partial,USA: Western MT,USA,MT,Peromyscus maniculatus,,"Williamson,B.N., Meade-White,K., Boardman,K., Schulz,J.E., Telford,C.T., Figueroa Acosta,D.M., Bushmaker,T., Fischer,R.J., Rosenke,K., Feldmann,H., Schulz,J.","Rocky Mountain Laboratories/NIH, Laboratory of Virology",USA,1,2018-06-04,2021-06-19,ssRNA(-)
MW177660.1,GenBank,,,,,Orthohantavirus sinnombreense,Orthohantavirus sinnombreense,Orthohantavirus,Hantaviridae,,BV52,M,"Orthohantavirus sinnombreense isolate BV52 segment M GPC gene, partial cds",2021,partial,USA: Western MT,USA,MT,Peromyscus maniculatus,,"Williamson,B.N., Meade-White,K., Boardman,K., Schulz,J.E., Telford,C.T., Figueroa Acosta,D.M., Bushmaker,T., Fischer,R.J., Rosenke,K., Feldmann,H., Schulz,J.","Rocky Mountain Laboratories/NIH, Laboratory of Virology",USA,1,2017-07-01,2021-06-19,ssRNA(-)
MW177661.1,GenBank,,,,,Orthohantavirus sinnombreense,Orthohantavirus sinnombreense,Orthohantavirus,Hantaviridae,,BV85,M,"Orthohantavirus sinnombreense isolate BV85 segment M GPC gene, partial cds",2021,partial,USA: Western MT,USA,MT,Peromyscus maniculatus,,"Williamson,B.N., Meade-White,K., Boardman,K., Schulz,J.E., Telford,C.T., Figueroa Acosta,D.M., Bushmaker,T., Fischer,R.J., Rosenke,K., Feldmann,H., Schulz,J.","Rocky Mountain Laboratories/NIH, Laboratory of Virology",USA,1,2017-08-02,2021-06-19,ssRNA(-)
MW177662.1,GenBank,,,,,Orthohantavirus sinnombreense,Orthohantavirus sinnombreense,Orthohantavirus,Hantaviridae,,BV86,M,"Orthohantavirus sinnombreense isolate BV86 segment M GPC gene, partial cds",2021,partial,USA: Western MT,USA,MT,Peromyscus maniculatus,,"Williamson,B.N., Meade-White,K., Boardman,K., Schulz,J.E., Telford,C.T., Figueroa Acosta,D.M., Bushmaker,T., Fischer,R.J., Rosenke,K., Feldmann,H., Schulz,J.","Rocky Mountain Laboratories/NIH, Laboratory of Virology",USA,1,2017-08-02,2021-06-19,ssRNA(-)
MW177663.1,GenBank,,,,,Orthohantavirus sinnombreense,Orthohantavirus sinnombreense,Orthohantavirus,Hantaviridae,,BV105,M,"Orthohantavirus sinnombreense isolate BV105 segment M GPC gene, partial cds",2021,partial,USA: Western MT,USA,MT,Peromyscus maniculatus,,"Williamson,B.N., Meade-White,K., Boardman,K., Schulz,J.E., Telford,C.T., Figueroa Acosta,D.M., Bushmaker,T., Fischer,R.J., Rosenke,K., Feldmann,H., Schulz,J.","Rocky Mountain Laboratories/NIH, Laboratory of Virology",USA,1,2017-08-03,2021-06-19,ssRNA(-)
MW177664.1,GenBank,,,,,Orthohantavirus sinnombreense,Orthohantavirus sinnombreense,Orthohantavirus,Hantaviridae,,BV121,M,"Orthohantavirus sinnombreense isolate BV121 segment M GPC gene, partial cds",2021,partial,USA: Western MT,USA,MT,Peromyscus maniculatus,,"Williamson,B.N., Meade-White,K., Boardman,K., Schulz,J.E., Telford,C.T., Figueroa Acosta,D.M., Bushmaker,T., Fischer,R.J., Rosenke,K., Feldmann,H., Schulz,J.","Rocky Mountain Laboratories/NIH, Laboratory of Virology",USA,1,2017-09-01,2021-06-19,ssRNA(-)
MW177665.1,GenBank,,,,,Orthohantavirus sinnombreense,Orthohantavirus sinnombreense,Orthohantavirus,Hantaviridae,,BV180,M,"Orthohantavirus sinnombreense isolate BV180 segment M GPC gene, partial cds",2021,partial,USA: Western MT,USA,MT,Peromyscus maniculatus,,"Williamson,B.N., Meade-White,K., Boardman,K., Schulz,J.E., Telford,C.T., Figueroa Acosta,D.M., Bushmaker,T., Fischer,R.J., Rosenke,K., Feldmann,H., Schulz,J.","Rocky Mountain Laboratories/NIH, Laboratory of Virology",USA,1,2018-05-15,2021-06-19,ssRNA(-)
MW177666.1,GenBank,,,,,Orthohantavirus sinnombreense,Orthohantavirus sinnombreense,Orthohantavirus,Hantaviridae,,BV184,M,"Orthohantavirus sinnombreense isolate BV184 segment M GPC gene, partial cds",2021,partial,USA: Western MT,USA,MT,Peromyscus maniculatus,,"Williamson,B.N., Meade-White,K., Boardman,K., Schulz,J.E., Telford,C.T., Figueroa Acosta,D.M., Bushmaker,T., Fischer,R.J., Rosenke,K., Feldmann,H., Schulz,J.","Rocky Mountain Laboratories/NIH, Laboratory of Virology",USA,1,2018-05-15,2021-06-19,ssRNA(-)
MW177667.1,GenBank,,,,,Orthohantavirus sinnombreense,Orthohantavirus sinnombreense,Orthohantavirus,Hantaviridae,,BV200,M,"Orthohantavirus sinnombreense isolate BV200 segment M GPC gene, partial cds",2021,partial,USA: Western MT,USA,MT,Peromyscus maniculatus,,"Williamson,B.N., Meade-White,K., Boardman,K., Schulz,J.E., Telford,C.T., Figueroa Acosta,D.M., Bushmaker,T., Fischer,R.J., Rosenke,K., Feldmann,H., Schulz,J.","Rocky Mountain Laboratories/NIH, Laboratory of Virology",USA,1,2018-05-24,2021-06-19,ssRNA(-)
MW177668.1,GenBank,,,,,Orthohantavirus sinnombreense,Orthohantavirus sinnombreense,Orthohantavirus,Hantaviridae,,BV213,M,"Orthohantavirus sinnombreense isolate BV213 segment M GPC gene, partial cds",2021,partial,USA: Western MT,USA,MT,Peromyscus maniculatus,,"Williamson,B.N., Meade-White,K., Boardman,K., Schulz,J.E., Telford,C.T., Figueroa Acosta,D.M., Bushmaker,T., Fischer,R.J., Rosenke,K., Feldmann,H., Schulz,J.","Rocky Mountain Laboratories/NIH, Laboratory of Virology",USA,1,2018-06-04,2021-06-19,ssRNA(-)
MW177669.1,GenBank,,,,,Orthohantavirus sinnombreense,Orthohantavirus sinnombreense,Orthohantavirus,Hantaviridae,,BV250,M,"Orthohantavirus sinnombreense isolate BV250 segment M GPC gene, partial cds",2021,partial,USA: Western MT,USA,MT,Peromyscus maniculatus,,"Williamson,B.N., Meade-White,K., Boardman,K., Schulz,J.E., Telford,C.T., Figueroa Acosta,D.M., Bushmaker,T., Fischer,R.J., Rosenke,K., Feldmann,H., Schulz,J.","Rocky Mountain Laboratories/NIH, Laboratory of Virology",USA,1,2018-06-04,2021-06-19,ssRNA(-)
MW177670.1,GenBank,,,,,Orthohantavirus sinnombreense,Orthohantavirus sinnombreense,Orthohantavirus,Hantaviridae,,BV251,M,"Orthohantavirus sinnombreense isolate BV251 segment M GPC gene, partial cds",2021,partial,USA: Western MT,USA,MT,Peromyscus maniculatus,,"Williamson,B.N., Meade-White,K., Boardman,K., Schulz,J.E., Telford,C.T., Figueroa Acosta,D.M., Bushmaker,T., Fischer,R.J., Rosenke,K., Feldmann,H., Schulz,J.","Rocky Mountain Laboratories/NIH, Laboratory of Virology",USA,1,2018-06-04,2021-06-19,ssRNA(-)
MW177671.1,GenBank,,,,,Orthohantavirus sinnombreense,Orthohantavirus sinnombreense,Orthohantavirus,Hantaviridae,,BV253,M,"Orthohantavirus sinnombreense isolate BV253 segment M GPC gene, partial cds",2021,partial,USA: Western MT,USA,MT,Peromyscus maniculatus,,"Williamson,B.N., Meade-White,K., Boardman,K., Schulz,J.E., Telford,C.T., Figueroa Acosta,D.M., Bushmaker,T., Fischer,R.J., Rosenke,K., Feldmann,H., Schulz,J.","Rocky Mountain Laboratories/NIH, Laboratory of Virology",USA,1,2018-06-04,2021-06-19,ssRNA(-)
MW177672.1,GenBank,,,,,Orthohantavirus sinnombreense,Orthohantavirus sinnombreense,Orthohantavirus,Hantaviridae,,BV254,M,"Orthohantavirus sinnombreense isolate BV254 segment M GPC gene, partial cds",2021,partial,USA: Western MT,USA,MT,Peromyscus maniculatus,,"Williamson,B.N., Meade-White,K., Boardman,K., Schulz,J.E., Telford,C.T., Figueroa Acosta,D.M., Bushmaker,T., Fischer,R.J., Rosenke,K., Feldmann,H., Schulz,J.","Rocky Mountain Laboratories/NIH, Laboratory of Virology",USA,1,2018-06-04,2021-06-19,ssRNA(-)
MW177673.1,GenBank,,,,,Orthohantavirus sinnombreense,Orthohantavirus sinnombreense,Orthohantavirus,Hantaviridae,,BV256,M,"Orthohantavirus sinnombreense isolate BV256 segment M GPC gene, partial cds",2021,partial,USA: Western MT,USA,MT,Peromyscus maniculatus,,"Williamson,B.N., Meade-White,K., Boardman,K., Schulz,J.E., Telford,C.T., Figueroa Acosta,D.M., Bushmaker,T., Fischer,R.J., Rosenke,K., Feldmann,H., Schulz,J.","Rocky Mountain Laboratories/NIH, Laboratory of Virology",USA,1,2018-06-04,2021-06-19,ssRNA(-)
MW177674.1,GenBank,,,,,Orthohantavirus sinnombreense,Orthohantavirus sinnombreense,Orthohantavirus,Hantaviridae,,BV52,L,"Orthohantavirus sinnombreense isolate BV52 segment L RdRp gene, partial cds",1121,partial,USA: Western MT,USA,MT,Peromyscus maniculatus,,"Williamson,B.N., Meade-White,K., Boardman,K., Schulz,J.E., Telford,C.T., Figueroa Acosta,D.M., Bushmaker,T., Fischer,R.J., Rosenke,K., Feldmann,H., Schulz,J.","Rocky Mountain Laboratories/NIH, Laboratory of Virology",USA,1,2017-07-01,2021-06-19,ssRNA(-)
MW177675.1,GenBank,,,,,Orthohantavirus sinnombreense,Orthohantavirus sinnombreense,Orthohantavirus,Hantaviridae,,BV85,L,"Orthohantavirus sinnombreense isolate BV85 segment L RdRp gene, partial cds",1121,partial,USA: Western MT,USA,MT,Peromyscus maniculatus,,"Williamson,B.N., Meade-White,K., Boardman,K., Schulz,J.E., Telford,C.T., Figueroa Acosta,D.M., Bushmaker,T., Fischer,R.J., Rosenke,K., Feldmann,H., Schulz,J.","Rocky Mountain Laboratories/NIH, Laboratory of Virology",USA,1,2017-08-02,2021-06-19,ssRNA(-)
MW177676.1,GenBank,,,,,Orthohantavirus sinnombreense,Orthohantavirus sinnombreense,Orthohantavirus,Hantaviridae,,BV86,L,"Orthohantavirus sinnombreense isolate BV86 segment L RdRp gene, partial cds",1121,partial,USA: Western MT,USA,MT,Peromyscus maniculatus,,"Williamson,B.N., Meade-White,K., Boardman,K., Schulz,J.E., Telford,C.T., Figueroa Acosta,D.M., Bushmaker,T., Fischer,R.J., Rosenke,K., Feldmann,H., Schulz,J.","Rocky Mountain Laboratories/NIH, Laboratory of Virology",USA,1,2017-08-02,2021-06-19,ssRNA(-)
MW177677.1,GenBank,,,,,Orthohantavirus sinnombreense,Orthohantavirus sinnombreense,Orthohantavirus,Hantaviridae,,BV105,L,"Orthohantavirus sinnombreense isolate BV105 segment L RdRp gene, partial cds",1121,partial,USA: Western MT,USA,MT,Peromyscus maniculatus,,"Williamson,B.N., Meade-White,K., Boardman,K., Schulz,J.E., Telford,C.T., Figueroa Acosta,D.M., Bushmaker,T., Fischer,R.J., Rosenke,K., Feldmann,H., Schulz,J.","Rocky Mountain Laboratories/NIH, Laboratory of Virology",USA,1,2017-08-03,2021-06-19,ssRNA(-)
MW177678.1,GenBank,,,,,Orthohantavirus sinnombreense,Orthohantavirus sinnombreense,Orthohantavirus,Hantaviridae,,BV121,L,"Orthohantavirus sinnombreense isolate BV121 segment L RdRp gene, partial cds",1121,partial,USA: Western MT,USA,MT,Peromyscus maniculatus,,"Williamson,B.N., Meade-White,K., Boardman,K., Schulz,J.E., Telford,C.T., Figueroa Acosta,D.M., Bushmaker,T., Fischer,R.J., Rosenke,K., Feldmann,H., Schulz,J.","Rocky Mountain Laboratories/NIH, Laboratory of Virology",USA,1,2017-09-01,2021-06-19,ssRNA(-)
MW177679.1,GenBank,,,,,Orthohantavirus sinnombreense,Orthohantavirus sinnombreense,Orthohantavirus,Hantaviridae,,BV180,L,"Orthohantavirus sinnombreense isolate BV180 segment L RdRp gene, partial cds",1121,partial,USA: Western MT,USA,MT,Peromyscus maniculatus,,"Williamson,B.N., Meade-White,K., Boardman,K., Schulz,J.E., Telford,C.T., Figueroa Acosta,D.M., Bushmaker,T., Fischer,R.J., Rosenke,K., Feldmann,H., Schulz,J.","Rocky Mountain Laboratories/NIH, Laboratory of Virology",USA,1,2018-05-15,2021-06-19,ssRNA(-)
MW177680.1,GenBank,,,,,Orthohantavirus sinnombreense,Orthohantavirus sinnombreense,Orthohantavirus,Hantaviridae,,BV184,L,"Orthohantavirus sinnombreense isolate BV184 segment L RdRp gene, partial cds",1121,partial,USA: Western MT,USA,MT,Peromyscus maniculatus,,"Williamson,B.N., Meade-White,K., Boardman,K., Schulz,J.E., Telford,C.T., Figueroa Acosta,D.M., Bushmaker,T., Fischer,R.J., Rosenke,K., Feldmann,H., Schulz,J.","Rocky Mountain Laboratories/NIH, Laboratory of Virology",USA,1,2018-05-15,2021-06-19,ssRNA(-)
MW177681.1,GenBank,,,,,Orthohantavirus sinnombreense,Orthohantavirus sinnombreense,Orthohantavirus,Hantaviridae,,BV200,L,"Orthohantavirus sinnombreense isolate BV200 segment L RdRp gene, partial cds",1121,partial,USA: Western MT,USA,MT,Peromyscus maniculatus,,"Williamson,B.N., Meade-White,K., Boardman,K., Schulz,J.E., Telford,C.T., Figueroa Acosta,D.M., Bushmaker,T., Fischer,R.J., Rosenke,K., Feldmann,H., Schulz,J.","Rocky Mountain Laboratories/NIH, Laboratory of Virology",USA,1,2018-05-24,2021-06-19,ssRNA(-)
MW177682.1,GenBank,,,,,Orthohantavirus sinnombreense,Orthohantavirus sinnombreense,Orthohantavirus,Hantaviridae,,BV213,L,"Orthohantavirus sinnombreense isolate BV213 segment L RdRp gene, partial cds",1121,partial,USA: Western MT,USA,MT,Peromyscus maniculatus,,"Williamson,B.N., Meade-White,K., Boardman,K., Schulz,J.E., Telford,C.T., Figueroa Acosta,D.M., Bushmaker,T., Fischer,R.J., Rosenke,K., Feldmann,H., Schulz,J.","Rocky Mountain Laboratories/NIH, Laboratory of Virology",USA,1,2018-06-04,2021-06-19,ssRNA(-)
MW177683.1,GenBank,,,,,Orthohantavirus sinnombreense,Orthohantavirus sinnombreense,Orthohantavirus,Hantaviridae,,BV250,L,"Orthohantavirus sinnombreense isolate BV250 segment L RdRp gene, partial cds",1121,partial,USA: Western MT,USA,MT,Peromyscus maniculatus,,"Williamson,B.N., Meade-White,K., Boardman,K., Schulz,J.E., Telford,C.T., Figueroa Acosta,D.M., Bushmaker,T., Fischer,R.J., Rosenke,K., Feldmann,H., Schulz,J.","Rocky Mountain Laboratories/NIH, Laboratory of Virology",USA,1,2018-06-04,2021-06-19,ssRNA(-)
MW177684.1,GenBank,,,,,Orthohantavirus sinnombreense,Orthohantavirus sinnombreense,Orthohantavirus,Hantaviridae,,BV251,L,"Orthohantavirus sinnombreense isolate BV251 segment L RdRp gene, partial cds",1121,partial,USA: Western MT,USA,MT,Peromyscus maniculatus,,"Williamson,B.N., Meade-White,K., Boardman,K., Schulz,J.E., Telford,C.T., Figueroa Acosta,D.M., Bushmaker,T., Fischer,R.J., Rosenke,K., Feldmann,H., Schulz,J.","Rocky Mountain Laboratories/NIH, Laboratory of Virology",USA,1,2018-06-04,2021-06-19,ssRNA(-)
MW177685.1,GenBank,,,,,Orthohantavirus sinnombreense,Orthohantavirus sinnombreense,Orthohantavirus,Hantaviridae,,BV253,L,"Orthohantavirus sinnombreense isolate BV253 segment L RdRp gene, partial cds",1121,partial,USA: Western MT,USA,MT,Peromyscus maniculatus,,"Williamson,B.N., Meade-White,K., Boardman,K., Schulz,J.E., Telford,C.T., Figueroa Acosta,D.M., Bushmaker,T., Fischer,R.J., Rosenke,K., Feldmann,H., Schulz,J.","Rocky Mountain Laboratories/NIH, Laboratory of Virology",USA,1,2018-06-04,2021-06-19,ssRNA(-)
MW177686.1,GenBank,,,,,Orthohantavirus sinnombreense,Orthohantavirus sinnombreense,Orthohantavirus,Hantaviridae,,BV254,L,"Orthohantavirus sinnombreense isolate BV254 segment L RdRp gene, partial cds",1121,partial,USA: Western MT,USA,MT,Peromyscus maniculatus,,"Williamson,B.N., Meade-White,K., Boardman,K., Schulz,J.E., Telford,C.T., Figueroa Acosta,D.M., Bushmaker,T., Fischer,R.J., Rosenke,K., Feldmann,H., Schulz,J.","Rocky Mountain Laboratories/NIH, Laboratory of Virology",USA,1,2018-06-04,2021-06-19,ssRNA(-)
MW177687.1,GenBank,,,,,Orthohantavirus sinnombreense,Orthohantavirus sinnombreense,Orthohantavirus,Hantaviridae,,BV256,L,"Orthohantavirus sinnombreense isolate BV256 segment L RdRp gene, partial cds",1121,partial,USA: Western MT,USA,MT,Peromyscus maniculatus,,"Williamson,B.N., Meade-White,K., Boardman,K., Schulz,J.E., Telford,C.T., Figueroa Acosta,D.M., Bushmaker,T., Fischer,R.J., Rosenke,K., Feldmann,H., Schulz,J.","Rocky Mountain Laboratories/NIH, Laboratory of Virology",USA,1,2018-06-04,2021-06-19,ssRNA(-)
MK386451.1,GenBank,set:3c2f07170fe1913fb1b0ae68f73e452fcc55c858,,,,Orthohantavirus sinnombreense,Orthohantavirus sinnombreense,Orthohantavirus,Hantaviridae,,H-18-0783,M,"Orthohantavirus sinnombreense isolate H-18-0783 glycoprotein precursor (GPC) gene, partial cds",847,partial,"USA: California, Santa Cruz Co.",USA,CA,Homo sapiens,,"Messenger,S.L.","California Department of Public Health, Viral and Rickettsial Disease Laboratory",USA,,2018-04-11,2019-10-21,ssRNA(-)
MK386452.1,GenBank,set:2e474e60aaa94564c8f1c266bd5bbbf737c15806,,,,Orthohantavirus sinnombreense,Orthohantavirus sinnombreense,Orthohantavirus,Hantaviridae,,Pm-18-0062,M,"Orthohantavirus sinnombreense isolate Pm-18-0062 glycoprotein precursor, gene, partial cds",848,partial,"USA: California, Santa Cruz Co.",USA,CA,Peromyscus maniculatus,,"Messenger,S.L.","California Department of Public Health, Viral and Rickettsial Disease Laboratory",USA,,2018-05-03,2019-10-21,ssRNA(-)
MK386453.1,GenBank,set:39a273c7c487a27540f9799c58981136b9292335,,,,Orthohantavirus sinnombreense,Orthohantavirus sinnombreense,Orthohantavirus,Hantaviridae,,Pm-18-0064,M,"Orthohantavirus sinnombreense isolate Pm-18-0064 glycoprotein precursor, gene, partial cds",848,partial,"USA: California, Santa Cruz Co.",USA,CA,Peromyscus maniculatus,,"Messenger,S.L.","California Department of Public Health, Viral and Rickettsial Disease Laboratory",USA,,2018-05-03,2019-10-21,ssRNA(-)
MK386454.1,GenBank,set:008951b5ea52bbf954b6914a5a3ef8abe861cf4c,,,,Orthohantavirus sinnombreense,Orthohantavirus sinnombreense,Orthohantavirus,Hantaviridae,,Pm-18-0070,M,"Orthohantavirus sinnombreense isolate Pm-18-0070 glycoprotein precursor, gene, partial cds",847,partial,"USA: California, Santa Cruz Co.",USA,CA,Peromyscus maniculatus,,"Messenger,S.L.","California Department of Public Health, Viral and Rickettsial Disease Laboratory",USA,,2018-05-03,2019-10-21,ssRNA(-)
MK386455.1,GenBank,set:08d4c510f5e56203129f7d12f24f5f851d1d0a21,,,,Orthohantavirus sinnombreense,Orthohantavirus sinnombreense,Orthohantavirus,Hantaviridae,,Pm-18-0072,M,"Orthohantavirus sinnombreense isolate Pm-18-0072 glycoprotein precursor, gene, partial cds",792,partial,"USA: California, Santa Cruz Co.",USA,CA,Peromyscus maniculatus,,"Messenger,S.L.","California Department of Public Health, Viral and Rickettsial Disease Laboratory",USA,,2018-05-03,2019-10-21,ssRNA(-)
MK386456.1,GenBank,set:75a74ede8448d704e1b724e5685913bd9c2ab4de,,,,Orthohantavirus sinnombreense,Orthohantavirus sinnombreense,Orthohantavirus,Hantaviridae,,Pm-14-0146,M,"Orthohantavirus sinnombreense isolate Pm-14-0146 glycoprotein precursor, gene, partial cds",815,partial,"USA: California, San Mateo Co.",USA,CA,Peromyscus maniculatus,,"Messenger,S.L.","California Department of Public Health, Viral and Rickettsial Disease Laboratory",USA,,2014-05-21,2019-10-21,ssRNA(-)
MK386457.1,GenBank,set:eff467e65581986b938f0506d415914062f22c9b,,,,Orthohantavirus sinnombreense,Orthohantavirus sinnombreense,Orthohantavirus,Hantaviridae,,Pm-14-0147,M,"Orthohantavirus sinnombreense isolate Pm-14-0147 glycoprotein precursor, gene, partial cds",848,partial,"USA: California, San Mateo Co.",USA,CA,Peromyscus maniculatus,,"Messenger,S.L.","California Department of Public Health, Viral and Rickettsial Disease Laboratory",USA,,2014-05-21,2019-10-21,ssRNA(-)
MK386458.1,GenBank,set:4a55547dbcc299ed77a99cd2c0fbaa25c6d51bc5,,,,Orthohantavirus sinnombreense,Orthohantavirus sinnombreense,Orthohantavirus,Hantaviridae,,Pm-14-0152,M,"Orthohantavirus sinnombreense isolate Pm-14-0152 glycoprotein precursor, gene, partial cds",821,partial,"USA: California, San Mateo Co.",USA,CA,Peromyscus maniculatus,,"Messenger,S.L.","California Department of Public Health, Viral and Rickettsial Disease Laboratory",USA,,2014-05-21,2019-10-21,ssRNA(-)
MK386459.1,GenBank,set:7ccf2115b82d07b21e0b4a33349c1ec88ff2693a,,,,Orthohantavirus sinnombreense,Orthohantavirus sinnombreense,Orthohantavirus,Hantaviridae,,Pm-14-0155,M,"Orthohantavirus sinnombreense isolate Pm-14-0155 glycoprotein precursor, gene, partial cds",813,partial,"USA: California, San Mateo Co.",USA,CA,Peromyscus maniculatus,,"Messenger,S.L.","California Department of Public Health, Viral and Rickettsial Disease Laboratory",USA,,2014-05-21,2019-10-21,ssRNA(-)
MK386460.1,GenBank,set:95f79061fa18d4d3c60a16ee1a3ce2654df2709b,,,,Orthohantavirus sinnombreense,Orthohantavirus sinnombreense,Orthohantavirus,Hantaviridae,,Pm-16-0128,M,"Orthohantavirus sinnombreense isolate Pm-16-0128 glycoprotein precursor, gene, partial cds",802,partial,"USA: California, San Mateo Co.",USA,CA,Peromyscus maniculatus,,"Messenger,S.L.","California Department of Public Health, Viral and Rickettsial Disease Laboratory",USA,,2016-03-30,2019-10-21,ssRNA(-)
MK386461.1,GenBank,set:7a6d2c3f11eccbc518eed16bd943d7f19c8ebab8,,,,Orthohantavirus sinnombreense,Orthohantavirus sinnombreense,Orthohantavirus,Hantaviridae,,Pm-16-0328,M,"Orthohantavirus sinnombreense isolate Pm-16-0328 glycoprotein precursor, gene, partial cds",832,partial,"USA: California, San Mateo Co.",USA,CA,Peromyscus maniculatus,,"Messenger,S.L.","California Department of Public Health, Viral and Rickettsial Disease Laboratory",USA,,2016-06-30,2019-10-21,ssRNA(-)
MK386462.1,GenBank,set:7f58eb0401eac05435ae4b6750e75eab9fe01899,,,,Orthohantavirus sinnombreense,Orthohantavirus sinnombreense,Orthohantavirus,Hantaviridae,,Pm-18-0080,M,"Orthohantavirus sinnombreense isolate Pm-18-0080 glycoprotein precursor, gene, partial cds",828,partial,"USA: California, San Mateo Co.",USA,CA,Peromyscus maniculatus,,"Messenger,S.L.","California Department of Public Health, Viral and Rickettsial Disease Laboratory",USA,,2018-05-03,2019-10-21,ssRNA(-)
MK386463.1,GenBank,set:035879fcd3fb5a809bd760cf2061dfa37f077bf4,,,,Orthohantavirus sinnombreense,Orthohantavirus sinnombreense,Orthohantavirus,Hantaviridae,,Pm-18-0085,M,"Orthohantavirus sinnombreense isolate Pm-18-0085 glycoprotein precursor, gene, partial cds",848,partial,"USA: California, San Mateo Co.",USA,CA,Peromyscus maniculatus,,"Messenger,S.L.","California Department of Public Health, Viral and Rickettsial Disease Laboratory",USA,,2018-05-03,2019-10-21,ssRNA(-)
MG992890.1,GenBank,set:7a2a43f889562843f6f872442e2c42a0d87ee508,,,,Orthohantavirus sinnombreense,Orthohantavirus sinnombreense,Orthohantavirus,Hantaviridae,,DEVA10_004,M,"Orthohantavirus sinnombreense isolate DEVA10_004 glycoprotein precursor (GPC) gene, partial cds",406,partial,USA: Death Valley National Park,USA,CA,Peromyscus eremicus,,"Burns,J.E., Metzger,M.E., Messenger,S., Fritz,C.L., Vilcins,I.E., Enge,B., Bronson,L.R., Kramer,V.L., Hu,R., Messenger,S.L.","California Department of Public Health, Viral and Rickettsial Disease Laboratory",USA,1,2010-03,2019-05-24,ssRNA(-)
MG992891.1,GenBank,set:c6e9359f320418b7c7dd1ca71dfaae8f2e1db888,,,,Orthohantavirus sinnombreense,Orthohantavirus sinnombreense,Orthohantavirus,Hantaviridae,,DEVA10_005,M,"Orthohantavirus sinnombreense isolate DEVA10_005 glycoprotein precursor (GPC) gene, partial cds",394,partial,USA: Death Valley National Park,USA,CA,Peromyscus eremicus,,"Burns,J.E., Metzger,M.E., Messenger,S., Fritz,C.L., Vilcins,I.E., Enge,B., Bronson,L.R., Kramer,V.L., Hu,R., Messenger,S.L.","California Department of Public Health, Viral and Rickettsial Disease Laboratory",USA,1,2010-03,2019-05-24,ssRNA(-)
MG992892.1,GenBank,set:315128598de33dd7de7b01e203d6ca85aee52f1e,,,,Orthohantavirus sinnombreense,Orthohantavirus sinnombreense,Orthohantavirus,Hantaviridae,,DEVA10_007,M,"Orthohantavirus sinnombreense isolate DEVA10_007 glycoprotein precursor (GPC) gene, partial cds",394,partial,USA: Death Valley National Park,USA,CA,Peromyscus eremicus,,"Burns,J.E., Metzger,M.E., Messenger,S., Fritz,C.L., Vilcins,I.E., Enge,B., Bronson,L.R., Kramer,V.L., Hu,R., Messenger,S.L.","California Department of Public Health, Viral and Rickettsial Disease Laboratory",USA,1,2010-03,2019-05-24,ssRNA(-)
MG992893.1,GenBank,set:d2e04c7c54d5bd4b0de784ea55dc01e3d845668b,,,,Orthohantavirus sinnombreense,Orthohantavirus sinnombreense,Orthohantavirus,Hantaviridae,,DEVA10_008,M,"Orthohantavirus sinnombreense isolate DEVA10_008 glycoprotein precursor (GPC) gene, partial cds",394,partial,USA: Death Valley National Park,USA,CA,Peromyscus eremicus,,"Burns,J.E., Metzger,M.E., Messenger,S., Fritz,C.L., Vilcins,I.E., Enge,B., Bronson,L.R., Kramer,V.L., Hu,R., Messenger,S.L.","California Department of Public Health, Viral and Rickettsial Disease Laboratory",USA,1,2010-03,2019-05-24,ssRNA(-)
MG992894.1,GenBank,set:f184d7ab6a09b54bab00c7d51c0335054ffb711a,,,,Orthohantavirus sinnombreense,Orthohantavirus sinnombreense,Orthohantavirus,Hantaviridae,,DEVA10_015,M,"Orthohantavirus sinnombreense isolate DEVA10_015 glycoprotein precursor (GPC) gene, partial cds",394,partial,USA: Death Valley National Park,USA,CA,Peromyscus eremicus,,"Burns,J.E., Metzger,M.E., Messenger,S., Fritz,C.L., Vilcins,I.E., Enge,B., Bronson,L.R., Kramer,V.L., Hu,R., Messenger,S.L.","California Department of Public Health, Viral and Rickettsial Disease Laboratory",USA,1,2010-03,2019-05-24,ssRNA(-)
MG992895.1,GenBank,set:84b5a81d07378399c652bc3ab30f839988453dfc,,,,Orthohantavirus sinnombreense,Orthohantavirus sinnombreense,Orthohantavirus,Hantaviridae,,DEVA10_016,M,"Orthohantavirus sinnombreense isolate DEVA10_016 glycoprotein precursor (GPC) gene, partial cds",394,partial,USA: Death Valley National Park,USA,CA,Peromyscus eremicus,,"Burns,J.E., Metzger,M.E., Messenger,S., Fritz,C.L., Vilcins,I.E., Enge,B., Bronson,L.R., Kramer,V.L., Hu,R., Messenger,S.L.","California Department of Public Health, Viral and Rickettsial Disease Laboratory",USA,1,2010-03,2019-05-24,ssRNA(-)
MG992896.1,GenBank,set:1c2da10c321383f572a5f15f1200f2a73321380b,,,,Orthohantavirus sinnombreense,Orthohantavirus sinnombreense,Orthohantavirus,Hantaviridae,,DEVA10_017,M,"Orthohantavirus sinnombreense isolate DEVA10_017 glycoprotein precursor (GPC) gene, partial cds",394,partial,USA: Death Valley National Park,USA,CA,Peromyscus eremicus,,"Burns,J.E., Metzger,M.E., Messenger,S., Fritz,C.L., Vilcins,I.E., Enge,B., Bronson,L.R., Kramer,V.L., Hu,R., Messenger,S.L.","California Department of Public Health, Viral and Rickettsial Disease Laboratory",USA,1,2010-03,2019-05-24,ssRNA(-)
MG992897.1,GenBank,set:37dfc703c20b99643178478ab9bb3094f0895c32,,,,Orthohantavirus sinnombreense,Orthohantavirus sinnombreense,Orthohantavirus,Hantaviridae,,DEVA10_018,M,"Orthohantavirus sinnombreense isolate DEVA10_018 glycoprotein precursor (GPC) gene, partial cds",394,partial,USA: Death Valley National Park,USA,CA,Peromyscus eremicus,,"Burns,J.E., Metzger,M.E., Messenger,S., Fritz,C.L., Vilcins,I.E., Enge,B., Bronson,L.R., Kramer,V.L., Hu,R., Messenger,S.L.","California Department of Public Health, Viral and Rickettsial Disease Laboratory",USA,1,2010-03,2019-05-24,ssRNA(-)
MG992898.1,GenBank,set:736c352a8d1fecfcc49b79fb52c7f82cb843d76e,,,,Orthohantavirus sinnombreense,Orthohantavirus sinnombreense,Orthohantavirus,Hantaviridae,,DEVA10_022,M,"Orthohantavirus sinnombreense isolate DEVA10_022 glycoprotein precursor (GPC) gene, partial cds",406,partial,USA: Death Valley National Park,USA,CA,Peromyscus maniculatus,,"Burns,J.E., Metzger,M.E., Messenger,S., Fritz,C.L., Vilcins,I.E., Enge,B., Bronson,L.R., Kramer,V.L., Hu,R., Messenger,S.L.","California Department of Public Health, Viral and Rickettsial Disease Laboratory",USA,1,2010-03,2019-05-24,ssRNA(-)
MG992899.1,GenBank,set:4e836440a35b5192bcf651cce53a398291fab357,,,,Orthohantavirus sinnombreense,Orthohantavirus sinnombreense,Orthohantavirus,Hantaviridae,,DEVA10_024,M,"Orthohantavirus sinnombreense isolate DEVA10_024 glycoprotein precursor (GPC) gene, partial cds",320,partial,USA: Death Valley National Park,USA,CA,Peromyscus eremicus,,"Burns,J.E., Metzger,M.E., Messenger,S., Fritz,C.L., Vilcins,I.E., Enge,B., Bronson,L.R., Kramer,V.L., Hu,R., Messenger,S.L.","California Department of Public Health, Viral and Rickettsial Disease Laboratory",USA,1,2010-03,2019-05-24,ssRNA(-)
MG992900.1,GenBank,set:19047d36c1bd96617bde4354d59c75a7549adffc,,,,Orthohantavirus sinnombreense,Orthohantavirus sinnombreense,Orthohantavirus,Hantaviridae,,DEVA10_025,M,"Orthohantavirus sinnombreense isolate DEVA10_025 glycoprotein precursor (GPC) gene, partial cds",320,partial,USA: Death Valley National Park,USA,CA,Peromyscus eremicus,,"Burns,J.E., Metzger,M.E., Messenger,S., Fritz,C.L., Vilcins,I.E., Enge,B., Bronson,L.R., Kramer,V.L., Hu,R., Messenger,S.L.","California Department of Public Health, Viral and Rickettsial Disease Laboratory",USA,1,2010-03,2019-05-24,ssRNA(-)
MG992901.1,GenBank,set:fb46658cc51e0cc28259680e4d922ef1490c7096,,,,Orthohantavirus sinnombreense,Orthohantavirus sinnombreense,Orthohantavirus,Hantaviridae,,DEVA10_027,M,"Orthohantavirus sinnombreense isolate DEVA10_027 glycoprotein precursor (GPC) gene, partial cds",320,partial,USA: Death Valley National Park,USA,CA,Peromyscus eremicus,,"Burns,J.E., Metzger,M.E., Messenger,S., Fritz,C.L., Vilcins,I.E., Enge,B., Bronson,L.R., Kramer,V.L., Hu,R., Messenger,S.L.","California Department of Public Health, Viral and Rickettsial Disease Laboratory",USA,1,2010-03,2019-05-24,ssRNA(-)
MG992902.1,GenBank,set:7b589171a4a68773ac0bee66e11760f0526e21bf,,,,Orthohantavirus sinnombreense,Orthohantavirus sinnombreense,Orthohantavirus,Hantaviridae,,DEVA10_031,M,"Orthohantavirus sinnombreense isolate DEVA10_031 glycoprotein precursor (GPC) gene, partial cds",320,partial,USA: Death Valley National Park,USA,CA,Peromyscus eremicus,,"Burns,J.E., Metzger,M.E., Messenger,S., Fritz,C.L., Vilcins,I.E., Enge,B., Bronson,L.R., Kramer,V.L., Hu,R., Messenger,S.L.","California Department of Public Health, Viral and Rickettsial Disease Laboratory",USA,1,2010-03,2019-05-24,ssRNA(-)
MG992903.1,GenBank,set:24d73325d8b2f2d51210fd2ade4f0c1a40f97f56,,,,Orthohantavirus sinnombreense,Orthohantavirus sinnombreense,Orthohantavirus,Hantaviridae,,DEVA10_032,M,"Orthohantavirus sinnombreense isolate DEVA10_032 glycoprotein precursor (GPC) gene, partial cds",332,partial,USA: Death Valley National Park,USA,CA,Peromyscus eremicus,,"Burns,J.E., Metzger,M.E., Messenger,S., Fritz,C.L., Vilcins,I.E., Enge,B., Bronson,L.R., Kramer,V.L., Hu,R., Messenger,S.L.","California Department of Public Health, Viral and Rickettsial Disease Laboratory",USA,1,2010-03,2019-05-24,ssRNA(-)
MG992904.1,GenBank,set:f6db0a09f6c351be3e41ef34fb6cf853ee45d516,,,,Orthohantavirus sinnombreense,Orthohantavirus sinnombreense,Orthohantavirus,Hantaviridae,,DEVA10_049,M,"Orthohantavirus sinnombreense isolate DEVA10_049 glycoprotein precursor (GPC) gene, partial cds",219,partial,USA: Death Valley National Park,USA,CA,Peromyscus eremicus,,"Burns,J.E., Metzger,M.E., Messenger,S., Fritz,C.L., Vilcins,I.E., Enge,B., Bronson,L.R., Kramer,V.L., Hu,R., Messenger,S.L.","California Department of Public Health, Viral and Rickettsial Disease Laboratory",USA,1,2010-03,2019-05-24,ssRNA(-)
MG992905.1,GenBank,set:6452392cc2315ba8f2ca75883e111f7a349af4ed,,,,Orthohantavirus sinnombreense,Orthohantavirus sinnombreense,Orthohantavirus,Hantaviridae,,DEVA11_005,M,"Orthohantavirus sinnombreense isolate DEVA11_005 glycoprotein precursor (GPC) gene, partial cds",394,partial,USA: Death Valley National Park,USA,CA,Peromyscus eremicus,,"Burns,J.E., Metzger,M.E., Messenger,S., Fritz,C.L., Vilcins,I.E., Enge,B., Bronson,L.R., Kramer,V.L., Hu,R., Messenger,S.L.","California Department of Public Health, Viral and Rickettsial Disease Laboratory",USA,1,2011-04,2019-05-24,ssRNA(-)
MG992906.1,GenBank,set:0f26aa45ca4d42602b9e2e0c3419d174d73f6697,,,,Orthohantavirus sinnombreense,Orthohantavirus sinnombreense,Orthohantavirus,Hantaviridae,,DEVA11_007,M,"Orthohantavirus sinnombreense isolate DEVA11_007 glycoprotein precursor (GPC) gene, partial cds",394,partial,USA: Death Valley National Park,USA,CA,Peromyscus eremicus,,"Burns,J.E., Metzger,M.E., Messenger,S., Fritz,C.L., Vilcins,I.E., Enge,B., Bronson,L.R., Kramer,V.L., Hu,R., Messenger,S.L.","California Department of Public Health, Viral and Rickettsial Disease Laboratory",USA,1,2011-04,2019-05-24,ssRNA(-)
MG992907.1,GenBank,set:237e0b4cd625d4245e0ac2d4bce233bd26b27251,,,,Orthohantavirus sinnombreense,Orthohantavirus sinnombreense,Orthohantavirus,Hantaviridae,,DEVA11_008,M,"Orthohantavirus sinnombreense isolate DEVA11_008 glycoprotein precursor (GPC) gene, partial cds",394,partial,USA: Death Valley National Park,USA,CA,Peromyscus eremicus,,"Burns,J.E., Metzger,M.E., Messenger,S., Fritz,C.L., Vilcins,I.E., Enge,B., Bronson,L.R., Kramer,V.L., Hu,R., Messenger,S.L.","California Department of Public Health, Viral and Rickettsial Disease Laboratory",USA,1,2011-04,2019-05-24,ssRNA(-)
MG992908.1,GenBank,set:ba7f1632e43e11d1d92c70c2a3db73f4eae46ef5,,,,Orthohantavirus sinnombreense,Orthohantavirus sinnombreense,Orthohantavirus,Hantaviridae,,DEVA11_010,M,"Orthohantavirus sinnombreense isolate DEVA11_010 glycoprotein precursor (GPC) gene, partial cds",394,partial,USA: Death Valley National Park,USA,CA,Peromyscus eremicus,,"Burns,J.E., Metzger,M.E., Messenger,S., Fritz,C.L., Vilcins,I.E., Enge,B., Bronson,L.R., Kramer,V.L., Hu,R., Messenger,S.L.","California Department of Public Health, Viral and Rickettsial Disease Laboratory",USA,1,2011-04,2019-05-24,ssRNA(-)
MG992909.1,GenBank,set:b8bf811cb91ea4c17f0627ecb0177bfe37af12fb,,,,Orthohantavirus sinnombreense,Orthohantavirus sinnombreense,Orthohantavirus,Hantaviridae,,DEVA11_011,M,"Orthohantavirus sinnombreense isolate DEVA11_011 glycoprotein precursor (GPC) gene, partial cds",393,partial,USA: Death Valley National Park,USA,CA,Peromyscus eremicus,,"Burns,J.E., Metzger,M.E., Messenger,S., Fritz,C.L., Vilcins,I.E., Enge,B., Bronson,L.R., Kramer,V.L., Hu,R., Messenger,S.L.","California Department of Public Health, Viral and Rickettsial Disease Laboratory",USA,1,2011-04,2019-05-24,ssRNA(-)
MG992910.1,GenBank,set:b727ac83c1292c76d8e7f306c26e29de1323b681,,,,Orthohantavirus sinnombreense,Orthohantavirus sinnombreense,Orthohantavirus,Hantaviridae,,DEVA11_012,M,"Orthohantavirus sinnombreense isolate DEVA11_012 glycoprotein precursor (GPC) gene, partial cds",331,partial,USA: Death Valley National Park,USA,CA,Peromyscus eremicus,,"Burns,J.E., Metzger,M.E., Messenger,S., Fritz,C.L., Vilcins,I.E., Enge,B., Bronson,L.R., Kramer,V.L., Hu,R., Messenger,S.L.","California Department of Public Health, Viral and Rickettsial Disease Laboratory",USA,1,2011-04,2019-05-24,ssRNA(-)
MG992911.1,GenBank,set:78985d959a3bb38bf295c058b68a0e7430fcf035,,,,Orthohantavirus sinnombreense,Orthohantavirus sinnombreense,Orthohantavirus,Hantaviridae,,DEVA11_013,M,"Orthohantavirus sinnombreense isolate DEVA11_013 glycoprotein precursor (GPC) gene, partial cds",394,partial,USA: Death Valley National Park,USA,CA,Peromyscus eremicus,,"Burns,J.E., Metzger,M.E., Messenger,S., Fritz,C.L., Vilcins,I.E., Enge,B., Bronson,L.R., Kramer,V.L., Hu,R., Messenger,S.L.","California Department of Public Health, Viral and Rickettsial Disease Laboratory",USA,1,2011-04,2019-05-24,ssRNA(-)
MG992912.1,GenBank,set:876b9679dbff8499647454537dcf44c9210785fa,,,,Orthohantavirus sinnombreense,Orthohantavirus sinnombreense,Orthohantavirus,Hantaviridae,,DEVA11_015,M,"Orthohantavirus sinnombreense isolate DEVA11_015 glycoprotein precursor (GPC) gene, partial cds",332,partial,USA: Death Valley National Park,USA,CA,Peromyscus eremicus,,"Burns,J.E., Metzger,M.E., Messenger,S., Fritz,C.L., Vilcins,I.E., Enge,B., Bronson,L.R., Kramer,V.L., Hu,R., Messenger,S.L.","California Department of Public Health, Viral and Rickettsial Disease Laboratory",USA,1,2011-04,2019-05-24,ssRNA(-)
MG992913.1,GenBank,set:ea4b39b56e814aea94e3a2113c914e3e146ffceb,,,,Orthohantavirus sinnombreense,Orthohantavirus sinnombreense,Orthohantavirus,Hantaviridae,,DEVA11_016,M,"Orthohantavirus sinnombreense isolate DEVA11_016 glycoprotein precursor (GPC) gene, partial cds",394,partial,USA: Death Valley National Park,USA,CA,Peromyscus eremicus,,"Burns,J.E., Metzger,M.E., Messenger,S., Fritz,C.L., Vilcins,I.E., Enge,B., Bronson,L.R., Kramer,V.L., Hu,R., Messenger,S.L.","California Department of Public Health, Viral and Rickettsial Disease Laboratory",USA,1,2011-04,2019-05-24,ssRNA(-)
MG992914.1,GenBank,set:601a68c224a78ced91810653afdd15cabca6bf7c,,,,Orthohantavirus sinnombreense,Orthohantavirus sinnombreense,Orthohantavirus,Hantaviridae,,DEVA11_020,M,"Orthohantavirus sinnombreense isolate DEVA11_020 glycoprotein precursor (GPC) gene, partial cds",406,partial,USA: Death Valley National Park,USA,CA,Peromyscus eremicus,,"Burns,J.E., Metzger,M.E., Messenger,S., Fritz,C.L., Vilcins,I.E., Enge,B., Bronson,L.R., Kramer,V.L., Hu,R., Messenger,S.L.","California Department of Public Health, Viral and Rickettsial Disease Laboratory",USA,1,2011-04,2019-05-24,ssRNA(-)
MG992915.1,GenBank,set:bbc10ae35c24a42c47facdb271c81c6047f32feb,,,,Orthohantavirus sinnombreense,Orthohantavirus sinnombreense,Orthohantavirus,Hantaviridae,,DEVA11_021,M,"Orthohantavirus sinnombreense isolate DEVA11_021 glycoprotein precursor (GPC) gene, partial cds",394,partial,USA: Death Valley National Park,USA,CA,Peromyscus eremicus,,"Burns,J.E., Metzger,M.E., Messenger,S., Fritz,C.L., Vilcins,I.E., Enge,B., Bronson,L.R., Kramer,V.L., Hu,R., Messenger,S.L.","California Department of Public Health, Viral and Rickettsial Disease Laboratory",USA,1,2011-04,2019-05-24,ssRNA(-)
MG992916.1,GenBank,set:2fe633fe93305db37c6ac3c58ede4c3823545e5d,,,,Orthohantavirus sinnombreense,Orthohantavirus sinnombreense,Orthohantavirus,Hantaviridae,,DEVA11_025,M,"Orthohantavirus sinnombreense isolate DEVA11_025 glycoprotein precursor (GPC) gene, partial cds",394,partial,USA: Death Valley National Park,USA,CA,Peromyscus eremicus,,"Burns,J.E., Metzger,M.E., Messenger,S., Fritz,C.L., Vilcins,I.E., Enge,B., Bronson,L.R., Kramer,V.L., Hu,R., Messenger,S.L.","California Department of Public Health, Viral and Rickettsial Disease Laboratory",USA,1,2011-04,2019-05-24,ssRNA(-)
MG992917.1,GenBank,set:42ea7ae3fb5568bde9438654bf6ccb4c49a5700f,,,,Orthohantavirus sinnombreense,Orthohantavirus sinnombreense,Orthohantavirus,Hantaviridae,,DEVA11_026,M,"Orthohantavirus sinnombreense isolate DEVA11_026 glycoprotein precursor (GPC) gene, partial cds",320,partial,USA: Death Valley National Park,USA,CA,Peromyscus eremicus,,"Burns,J.E., Metzger,M.E., Messenger,S., Fritz,C.L., Vilcins,I.E., Enge,B., Bronson,L.R., Kramer,V.L., Hu,R., Messenger,S.L.","California Department of Public Health, Viral and Rickettsial Disease Laboratory",USA,1,2011-04,2019-05-24,ssRNA(-)
MG992918.1,GenBank,set:e4854cb70f1a5f043bae41d409b0c09f88100476,,,,Orthohantavirus sinnombreense,Orthohantavirus sinnombreense,Orthohantavirus,Hantaviridae,,DEVA11_031,M,"Orthohantavirus sinnombreense isolate DEVA11_031 glycoprotein precursor (GPC) gene, partial cds",394,partial,USA: Death Valley National Park,USA,CA,Peromyscus eremicus,,"Burns,J.E., Metzger,M.E., Messenger,S., Fritz,C.L., Vilcins,I.E., Enge,B., Bronson,L.R., Kramer,V.L., Hu,R., Messenger,S.L.","California Department of Public Health, Viral and Rickettsial Disease Laboratory",USA,1,2011-04,2019-05-24,ssRNA(-)
MG992919.1,GenBank,set:96a22e117bc3f65522cf6c8fc58001438177b1a6,,,,Orthohantavirus sinnombreense,Orthohantavirus sinnombreense,Orthohantavirus,Hantaviridae,,DEVA11_032,M,"Orthohantavirus sinnombreense isolate DEVA11_032 glycoprotein precursor (GPC) gene, partial cds",394,partial,USA: Death Valley National Park,USA,CA,Peromyscus eremicus,,"Burns,J.E., Metzger,M.E., Messenger,S., Fritz,C.L., Vilcins,I.E., Enge,B., Bronson,L.R., Kramer,V.L., Hu,R., Messenger,S.L.","California Department of Public Health, Viral and Rickettsial Disease Laboratory",USA,1,2011-04,2019-05-24,ssRNA(-)
MG992920.1,GenBank,set:2366f1a3c1bd6eb1a4b2e48ad1b6c51999cb72a7,,,,Orthohantavirus sinnombreense,Orthohantavirus sinnombreense,Orthohantavirus,Hantaviridae,,DEVA11_033,M,"Orthohantavirus sinnombreense isolate DEVA11_033 glycoprotein precursor (GPC) gene, partial cds",406,partial,USA: Death Valley National Park,USA,CA,Peromyscus eremicus,,"Burns,J.E., Metzger,M.E., Messenger,S., Fritz,C.L., Vilcins,I.E., Enge,B., Bronson,L.R., Kramer,V.L., Hu,R., Messenger,S.L.","California Department of Public Health, Viral and Rickettsial Disease Laboratory",USA,1,2011-04,2019-05-24,ssRNA(-)
MG992921.1,GenBank,set:f3d5ecd340b4ff6eb31d70691c05dc3c1e1dddd6,,,,Orthohantavirus sinnombreense,Orthohantavirus sinnombreense,Orthohantavirus,Hantaviridae,,DEVA11_034,M,"Orthohantavirus sinnombreense isolate DEVA11_034 glycoprotein precursor (GPC) gene, partial cds",394,partial,USA: Death Valley National Park,USA,CA,Peromyscus eremicus,,"Burns,J.E., Metzger,M.E., Messenger,S., Fritz,C.L., Vilcins,I.E., Enge,B., Bronson,L.R., Kramer,V.L., Hu,R., Messenger,S.L.","California Department of Public Health, Viral and Rickettsial Disease Laboratory",USA,1,2011-04,2019-05-24,ssRNA(-)
MG992922.1,GenBank,set:24d6fc6498f3e908f72d53a7da432b7794dc48d7,,,,Orthohantavirus sinnombreense,Orthohantavirus sinnombreense,Orthohantavirus,Hantaviridae,,DEVA11_035,M,"Orthohantavirus sinnombreense isolate DEVA11_035 glycoprotein precursor (GPC) gene, partial cds",394,partial,USA: Death Valley National Park,USA,CA,Peromyscus eremicus,,"Burns,J.E., Metzger,M.E., Messenger,S., Fritz,C.L., Vilcins,I.E., Enge,B., Bronson,L.R., Kramer,V.L., Hu,R., Messenger,S.L.","California Department of Public Health, Viral and Rickettsial Disease Laboratory",USA,1,2011-04,2019-05-24,ssRNA(-)
MG992923.1,GenBank,set:02409c8ce57378413c3ccc62eaa46bdb61a1849e,,,,Orthohantavirus sinnombreense,Orthohantavirus sinnombreense,Orthohantavirus,Hantaviridae,,DEVA11_036,M,"Orthohantavirus sinnombreense isolate DEVA11_036 glycoprotein precursor (GPC) gene, partial cds",290,partial,USA: Death Valley National Park,USA,CA,Peromyscus eremicus,,"Burns,J.E., Metzger,M.E., Messenger,S., Fritz,C.L., Vilcins,I.E., Enge,B., Bronson,L.R., Kramer,V.L., Hu,R., Messenger,S.L.","California Department of Public Health, Viral and Rickettsial Disease Laboratory",USA,1,2011-04,2019-05-24,ssRNA(-)
MG992924.1,GenBank,set:d41e9243f1a0cde32c0d3481dbbdfa942b8717af,,,,Orthohantavirus sinnombreense,Orthohantavirus sinnombreense,Orthohantavirus,Hantaviridae,,DEVA11_038,M,"Orthohantavirus sinnombreense isolate DEVA11_038 glycoprotein precursor (GPC) gene, partial cds",394,partial,USA: Death Valley National Park,USA,CA,Peromyscus eremicus,,"Burns,J.E., Metzger,M.E., Messenger,S., Fritz,C.L., Vilcins,I.E., Enge,B., Bronson,L.R., Kramer,V.L., Hu,R., Messenger,S.L.","California Department of Public Health, Viral and Rickettsial Disease Laboratory",USA,1,2011-04,2019-05-24,ssRNA(-)
MG992925.1,GenBank,set:07a2655936af0510ffacf1b291902bac3ad307a5,,,,Orthohantavirus sinnombreense,Orthohantavirus sinnombreense,Orthohantavirus,Hantaviridae,,DEVA11_040,M,"Orthohantavirus sinnombreense isolate DEVA11_040 glycoprotein precursor (GPC) gene, partial cds",322,partial,USA: Death Valley National Park,USA,CA,Peromyscus eremicus,,"Burns,J.E., Metzger,M.E., Messenger,S., Fritz,C.L., Vilcins,I.E., Enge,B., Bronson,L.R., Kramer,V.L., Hu,R., Messenger,S.L.","California Department of Public Health, Viral and Rickettsial Disease Laboratory",USA,1,2011-04,2019-05-24,ssRNA(-)
MG992926.1,GenBank,set:5aed030f29d0603f640c5d68fa95e9bbfaba8beb,,,,Orthohantavirus sinnombreense,Orthohantavirus sinnombreense,Orthohantavirus,Hantaviridae,,DEVA11_041,M,"Orthohantavirus sinnombreense isolate DEVA11_041 glycoprotein precursor (GPC) gene, partial cds",279,partial,USA: Death Valley National Park,USA,CA,Peromyscus eremicus,,"Burns,J.E., Metzger,M.E., Messenger,S., Fritz,C.L., Vilcins,I.E., Enge,B., Bronson,L.R., Kramer,V.L., Hu,R., Messenger,S.L.","California Department of Public Health, Viral and Rickettsial Disease Laboratory",USA,1,2011-04,2019-05-24,ssRNA(-)
MG992927.1,GenBank,set:20dc4a38f13d4221abda7a6246b1b1a176fdb3f0,,,,Orthohantavirus sinnombreense,Orthohantavirus sinnombreense,Orthohantavirus,Hantaviridae,,DEVA11_042,M,"Orthohantavirus sinnombreense isolate DEVA11_042 glycoprotein precursor (GPC) gene, partial cds",394,partial,USA: Death Valley National Park,USA,CA,Peromyscus eremicus,,"Burns,J.E., Metzger,M.E., Messenger,S., Fritz,C.L., Vilcins,I.E., Enge,B., Bronson,L.R., Kramer,V.L., Hu,R., Messenger,S.L.","California Department of Public Health, Viral and Rickettsial Disease Laboratory",USA,1,2011-04,2019-05-24,ssRNA(-)
MG992928.1,GenBank,set:1ab8b84a78dd4686b96f3fc60076761880e29978,,,,Orthohantavirus sinnombreense,Orthohantavirus sinnombreense,Orthohantavirus,Hantaviridae,,DEVA11_101,M,"Orthohantavirus sinnombreense isolate DEVA11_101 glycoprotein precursor (GPC) gene, partial cds",334,partial,USA: Death Valley National Park,USA,CA,Peromyscus eremicus,,"Burns,J.E., Metzger,M.E., Messenger,S., Fritz,C.L., Vilcins,I.E., Enge,B., Bronson,L.R., Kramer,V.L., Hu,R., Messenger,S.L.","California Department of Public Health, Viral and Rickettsial Disease Laboratory",USA,1,2011-10,2019-05-24,ssRNA(-)
MG992929.1,GenBank,set:7c03d246636c5deb36bfdbc026bb78c7d28a95a3,,,,Orthohantavirus sinnombreense,Orthohantavirus sinnombreense,Orthohantavirus,Hantaviridae,,DEVA11_110,M,"Orthohantavirus sinnombreense isolate DEVA11_110 glycoprotein precursor (GPC) gene, partial cds",406,partial,USA: Death Valley National Park,USA,CA,Peromyscus eremicus,,"Burns,J.E., Metzger,M.E., Messenger,S., Fritz,C.L., Vilcins,I.E., Enge,B., Bronson,L.R., Kramer,V.L., Hu,R., Messenger,S.L.","California Department of Public Health, Viral and Rickettsial Disease Laboratory",USA,1,2011-10,2019-05-24,ssRNA(-)
MG992930.1,GenBank,set:160c73b68afb0de44b460ca30f433ee002ee50ac,,,,Orthohantavirus sinnombreense,Orthohantavirus sinnombreense,Orthohantavirus,Hantaviridae,,DEVA11_119,M,"Orthohantavirus sinnombreense isolate DEVA11_119 glycoprotein precursor (GPC) gene, partial cds",404,partial,USA: Death Valley National Park,USA,CA,Peromyscus eremicus,,"Burns,J.E., Metzger,M.E., Messenger,S., Fritz,C.L., Vilcins,I.E., Enge,B., Bronson,L.R., Kramer,V.L., Hu,R., Messenger,S.L.","California Department of Public Health, Viral and Rickettsial Disease Laboratory",USA,1,2011-10,2019-05-24,ssRNA(-)
MG992931.1,GenBank,set:f7687e795ea5b305911d726e11227d368b4789a3,,,,Orthohantavirus sinnombreense,Orthohantavirus sinnombreense,Orthohantavirus,Hantaviridae,,DEVA11_120,M,"Orthohantavirus sinnombreense isolate DEVA11_120 glycoprotein precursor (GPC) gene, partial cds",332,partial,USA: Death Valley National Park,USA,CA,Peromyscus eremicus,,"Burns,J.E., Metzger,M.E., Messenger,S., Fritz,C.L., Vilcins,I.E., Enge,B., Bronson,L.R., Kramer,V.L., Hu,R., Messenger,S.L.","California Department of Public Health, Viral and Rickettsial Disease Laboratory",USA,1,2011-10,2019-05-24,ssRNA(-)
MG992932.1,GenBank,set:bd25216f6c5b8a081c208502c721812fe735ef72,,,,Orthohantavirus sinnombreense,Orthohantavirus sinnombreense,Orthohantavirus,Hantaviridae,,DEVA11_123,M,"Orthohantavirus sinnombreense isolate DEVA11_123 glycoprotein precursor (GPC) gene, partial cds",318,partial,USA: Death Valley National Park,USA,CA,Peromyscus eremicus,,"Burns,J.E., Metzger,M.E., Messenger,S., Fritz,C.L., Vilcins,I.E., Enge,B., Bronson,L.R., Kramer,V.L., Hu,R., Messenger,S.L.","California Department of Public Health, Viral and Rickettsial Disease Laboratory",USA,1,2011-10,2019-05-24,ssRNA(-)
MG992933.1,GenBank,set:c052187edf1cbb8f8f753f2bf8816a10525ca137,,,,Orthohantavirus sinnombreense,Orthohantavirus sinnombreense,Orthohantavirus,Hantaviridae,,DEVA11_128,M,"Orthohantavirus sinnombreense isolate DEVA11_128 glycoprotein precursor (GPC) gene, partial cds",332,partial,USA: Death Valley National Park,USA,CA,Peromyscus eremicus,,"Burns,J.E., Metzger,M.E., Messenger,S., Fritz,C.L., Vilcins,I.E., Enge,B., Bronson,L.R., Kramer,V.L., Hu,R., Messenger,S.L.","California Department of Public Health, Viral and Rickettsial Disease Laboratory",USA,1,2011-10,2019-05-24,ssRNA(-)
MG992934.1,GenBank,set:803127c801d28b380d9cce615800028825db17f8,,,,Orthohantavirus sinnombreense,Orthohantavirus sinnombreense,Orthohantavirus,Hantaviridae,,DEVA11_130,M,"Orthohantavirus sinnombreense isolate DEVA11_130 glycoprotein precursor (GPC) gene, partial cds",332,partial,USA: Death Valley National Park,USA,CA,Peromyscus eremicus,,"Burns,J.E., Metzger,M.E., Messenger,S., Fritz,C.L., Vilcins,I.E., Enge,B., Bronson,L.R., Kramer,V.L., Hu,R., Messenger,S.L.","California Department of Public Health, Viral and Rickettsial Disease Laboratory",USA,1,2011-10,2019-05-24,ssRNA(-)
MG992935.1,GenBank,set:81416dbc285c0b00d78cd75ddc75383b5cb0d2e8,,,,Orthohantavirus sinnombreense,Orthohantavirus sinnombreense,Orthohantavirus,Hantaviridae,,DEVA11_131,M,"Orthohantavirus sinnombreense isolate DEVA11_131 glycoprotein precursor (GPC) gene, partial cds",395,partial,USA: Death Valley National Park,USA,CA,Peromyscus eremicus,,"Burns,J.E., Metzger,M.E., Messenger,S., Fritz,C.L., Vilcins,I.E., Enge,B., Bronson,L.R., Kramer,V.L., Hu,R., Messenger,S.L.","California Department of Public Health, Viral and Rickettsial Disease Laboratory",USA,1,2011-10,2019-05-24,ssRNA(-)
MG992936.1,GenBank,set:70eef0cc9f6313f978dd1da09247273032b29f1a,,,,Orthohantavirus sinnombreense,Orthohantavirus sinnombreense,Orthohantavirus,Hantaviridae,,DEVA11_134,M,"Orthohantavirus sinnombreense isolate DEVA11_134 glycoprotein precursor (GPC) gene, partial cds",331,partial,USA: Death Valley National Park,USA,CA,Peromyscus eremicus,,"Burns,J.E., Metzger,M.E., Messenger,S., Fritz,C.L., Vilcins,I.E., Enge,B., Bronson,L.R., Kramer,V.L., Hu,R., Messenger,S.L.","California Department of Public Health, Viral and Rickettsial Disease Laboratory",USA,1,2011-10,2019-05-24,ssRNA(-)
MG992937.1,GenBank,set:8a59447cf343ee3826c9e521fc9ef08988405ac6,,,,Orthohantavirus sinnombreense,Orthohantavirus sinnombreense,Orthohantavirus,Hantaviridae,,DEVA11_135,M,"Orthohantavirus sinnombreense isolate DEVA11_135 glycoprotein precursor (GPC) gene, partial cds",332,partial,USA: Death Valley National Park,USA,CA,Peromyscus eremicus,,"Burns,J.E., Metzger,M.E., Messenger,S., Fritz,C.L., Vilcins,I.E., Enge,B., Bronson,L.R., Kramer,V.L., Hu,R., Messenger,S.L.","California Department of Public Health, Viral and Rickettsial Disease Laboratory",USA,1,2011-10,2019-05-24,ssRNA(-)
MG992938.1,GenBank,set:4a3b8393cb329fedde6bfaa194115cb3309140ce,,,,Orthohantavirus sinnombreense,Orthohantavirus sinnombreense,Orthohantavirus,Hantaviridae,,DEVA11_136,M,"Orthohantavirus sinnombreense isolate DEVA11_136 glycoprotein precursor (GPC) gene, partial cds",332,partial,USA: Death Valley National Park,USA,CA,Peromyscus eremicus,,"Burns,J.E., Metzger,M.E., Messenger,S., Fritz,C.L., Vilcins,I.E., Enge,B., Bronson,L.R., Kramer,V.L., Hu,R., Messenger,S.L.","California Department of Public Health, Viral and Rickettsial Disease Laboratory",USA,1,2011-10,2019-05-24,ssRNA(-)
KX066110.1,GenBank,set:dfdb3cf687a8aaba33d818f65d6df866996a95a1,,,,Orthohantavirus sinnombreense,Orthohantavirus sinnombreense,Orthohantavirus,Hantaviridae,,,,"Orthohantavirus sinnombreense strain HV B0530012 nucleocapsid protein (N) gene, partial cds",397,partial,USA: Texas (Kerr Co),USA,TX,Peromyscus pectoralis,,"Cajimat,M.N.B., Milazzo,M.L., Richter,M.H., Bradley,R.D., Fulhorst,C.F.","University of Texas Medical Branch - Galveston, Pathology",USA,,1998-05-14,2018-12-31,ssRNA(-)
KX066111.1,GenBank,set:bb9bd6894c39258cad42617fe5b5f1aa14d272e0,,,,Orthohantavirus sinnombreense,Orthohantavirus sinnombreense,Orthohantavirus,Hantaviridae,,,,"Orthohantavirus sinnombreense strain HV B0770007 nucleocapsid protein (N) gene, partial cds",397,partial,USA: Texas (Kerr Co),USA,TX,Peromyscus attwateri,,"Cajimat,M.N.B., Milazzo,M.L., Richter,M.H., Bradley,R.D., Fulhorst,C.F.","University of Texas Medical Branch - Galveston, Pathology",USA,,1998-05-15,2018-12-31,ssRNA(-)
KX066112.1,GenBank,set:4c73ec8c8937e3f1b6ff58140de2132f5f16693a,,,,Orthohantavirus sinnombreense,Orthohantavirus sinnombreense,Orthohantavirus,Hantaviridae,,,,"Orthohantavirus sinnombreense strain HV B0530013 nucleocapsid protein (N) gene, partial cds",397,partial,USA: Texas (Kerr Co),USA,TX,Peromyscus attwateri,,"Cajimat,M.N.B., Milazzo,M.L., Richter,M.H., Bradley,R.D., Fulhorst,C.F.","University of Texas Medical Branch - Galveston, Pathology",USA,,1998-05-15,2018-12-31,ssRNA(-)
KX066113.1,GenBank,set:feb973b69c8a86f106b99236191b199e937408cc,,,,Orthohantavirus sinnombreense,Orthohantavirus sinnombreense,Orthohantavirus,Hantaviridae,,,,"Orthohantavirus sinnombreense strain HV B0530015 nucleocapsid protein (N) gene, partial cds",397,partial,USA: Texas (Kerr Co),USA,TX,Peromyscus attwateri,,"Cajimat,M.N.B., Milazzo,M.L., Richter,M.H., Bradley,R.D., Fulhorst,C.F.","University of Texas Medical Branch - Galveston, Pathology",USA,,1998-05-15,2018-12-31,ssRNA(-)
KX066114.1,GenBank,set:a66981aae6ece0a385e11028cde6882731baa6d1,,,,Orthohantavirus sinnombreense,Orthohantavirus sinnombreense,Orthohantavirus,Hantaviridae,,,,"Orthohantavirus sinnombreense strain HV B0770009 nucleocapsid protein (N) gene, partial cds",397,partial,USA: Texas (Kerr Co),USA,TX,Peromyscus attwateri,,"Cajimat,M.N.B., Milazzo,M.L., Richter,M.H., Bradley,R.D., Fulhorst,C.F.","University of Texas Medical Branch - Galveston, Pathology",USA,,1998-05-15,2018-12-31,ssRNA(-)
KX066117.1,GenBank,set:d8b5f8c8c668bcc5ac841b21be122a4a4bd6ac20,,,,Orthohantavirus sinnombreense,Orthohantavirus sinnombreense,Orthohantavirus,Hantaviridae,,,,"Orthohantavirus sinnombreense strain HV B0770021 nucleocapsid protein (N) gene, partial cds",397,partial,USA: Texas (Cottle Co),USA,TX,Peromyscus attwateri,,"Cajimat,M.N.B., Milazzo,M.L., Richter,M.H., Bradley,R.D., Fulhorst,C.F.","University of Texas Medical Branch - Galveston, Pathology",USA,,1998-02-09,2018-12-31,ssRNA(-)
KX066118.1,GenBank,set:ee15d2e374d09e8de4e3fa4dc3eeea2d7a1d1013,,,,Orthohantavirus sinnombreense,Orthohantavirus sinnombreense,Orthohantavirus,Hantaviridae,,,,"Orthohantavirus sinnombreense strain HV B0770014 nucleocapsid protein (N) gene, partial cds",397,partial,USA: Texas (Cottle Co),USA,TX,Peromyscus leucopus,,"Cajimat,M.N.B., Milazzo,M.L., Richter,M.H., Bradley,R.D., Fulhorst,C.F.","University of Texas Medical Branch - Galveston, Pathology",USA,,1998-02-09,2018-12-31,ssRNA(-)
KX066119.1,GenBank,set:44632e51960fe07d4a05d0d4db0d3509b0af13ca,,,,Orthohantavirus sinnombreense,Orthohantavirus sinnombreense,Orthohantavirus,Hantaviridae,,,,"Orthohantavirus sinnombreense strain HV B0530001 nucleocapsid protein (N) gene, partial cds",397,partial,USA: Texas (Cottle Co),USA,TX,Peromyscus leucopus,,"Cajimat,M.N.B., Milazzo,M.L., Richter,M.H., Bradley,R.D., Fulhorst,C.F.","University of Texas Medical Branch - Galveston, Pathology",USA,,1998-02-09,2018-12-31,ssRNA(-)
KX066120.1,GenBank,set:19cbeb53f912320e3ed9b714d9d32a83233ea7f0,,,,Orthohantavirus sinnombreense,Orthohantavirus sinnombreense,Orthohantavirus,Hantaviridae,,,,"Orthohantavirus sinnombreense strain HV B0770015 nucleocapsid protein (N) gene, partial cds",397,partial,USA: Texas (Cottle Co),USA,TX,Peromyscus leucopus,,"Cajimat,M.N.B., Milazzo,M.L., Richter,M.H., Bradley,R.D., Fulhorst,C.F.","University of Texas Medical Branch - Galveston, Pathology",USA,,1998-02-09,2018-12-31,ssRNA(-)
KX066121.1,GenBank,set:6445dfc6856a878b4d018eac27916369305cdbac,,,,Orthohantavirus sinnombreense,Orthohantavirus sinnombreense,Orthohantavirus,Hantaviridae,,,,"Orthohantavirus sinnombreense strain HV B0770016 nucleocapsid protein (N) gene, partial cds",397,partial,USA: Texas (Cottle Co),USA,TX,Reithrodontomys fulvescens,,"Cajimat,M.N.B., Milazzo,M.L., Richter,M.H., Bradley,R.D., Fulhorst,C.F.","University of Texas Medical Branch - Galveston, Pathology",USA,,1998-02-09,2018-12-31,ssRNA(-)
KX066122.1,GenBank,set:fe172f12f460bb64668659d9a3480b10b2026cbf,,,,Orthohantavirus sinnombreense,Orthohantavirus sinnombreense,Orthohantavirus,Hantaviridae,,,,"Orthohantavirus sinnombreense strain HV Q0020010 nucleocapsid protein (N) gene, partial cds",545,partial,USA: Texas (Dimmit Co),USA,TX,Peromyscus leucopus,,"Cajimat,M.N.B., Milazzo,M.L., Richter,M.H., Bradley,R.D., Fulhorst,C.F.","University of Texas Medical Branch - Galveston, Pathology",USA,,2002-01-07,2018-12-31,ssRNA(-)
MG717391.1,GenBank,set:daf0bb4fa35c57d665d95b55e58b86dca67b9cbb,,,,Orthohantavirus sinnombreense,Orthohantavirus sinnombreense,Orthohantavirus,Hantaviridae,,,S,"Orthohantavirus sinnombreense strain New York 1 segment S, complete sequence",2078,complete,"USA: Shelter Island, NY",USA,NY,Peromyscus leucopus,lung,"McMullan,L.K., Albarino,C.G., Ksiazek,T.G., Nichol,S.T., Spiropoulou,C.F.","Centers for Disease Control and Prevention, Virus Special Pathogens Branch",USA,1,1994-10,2018-02-12,ssRNA(-)
MG717392.1,GenBank,set:daf0bb4fa35c57d665d95b55e58b86dca67b9cbb,,,,Orthohantavirus sinnombreense,Orthohantavirus sinnombreense,Orthohantavirus,Hantaviridae,,,M,"Orthohantavirus sinnombreense strain New York 1 segment M, complete sequence",3668,complete,"USA: Shelter Island, NY",USA,NY,Peromyscus leucopus,lung,"McMullan,L.K., Albarino,C.G., Ksiazek,T.G., Nichol,S.T., Spiropoulou,C.F.","Centers for Disease Control and Prevention, Virus Special Pathogens Branch",USA,1,1994-10,2018-02-12,ssRNA(-)
MG717393.1,GenBank,set:daf0bb4fa35c57d665d95b55e58b86dca67b9cbb,,,,Orthohantavirus sinnombreense,Orthohantavirus sinnombreense,Orthohantavirus,Hantaviridae,,,L,"Orthohantavirus sinnombreense strain New York 1 segment L, complete sequence",6561,complete,"USA: Shelter Island, NY",USA,NY,Peromyscus leucopus,lung,"McMullan,L.K., Albarino,C.G., Ksiazek,T.G., Nichol,S.T., Spiropoulou,C.F.","Centers for Disease Control and Prevention, Virus Special Pathogens Branch",USA,1,1994-10,2018-02-12,ssRNA(-)
KT885044.1,GenBank,set:bf0c38aa8f34e618379069fdba238e10fd2bb316,,,,Orthohantavirus sinnombreense,Orthohantavirus sinnombreense,Orthohantavirus,Hantaviridae,,,L,"Orthohantavirus sinnombreense strain CC107/POR segment L, complete sequence",6562,complete,USA,USA,,Peromyscus maniculatus,,"Miles,R.W., Lewandowski,K.","Public Health England, Diagnostic Support",,,2015,2015-10-13,ssRNA(-)
KT885045.1,GenBank,set:bf0c38aa8f34e618379069fdba238e10fd2bb316,,,,Orthohantavirus sinnombreense,Orthohantavirus sinnombreense,Orthohantavirus,Hantaviridae,,,M,"Orthohantavirus sinnombreense strain CC107/POR segment M, complete sequence",3696,complete,USA,USA,,Peromyscus maniculatus,,"Miles,R.W., Lewandowski,K.","Public Health England, Diagnostic Support",,,2015,2015-10-13,ssRNA(-)
KT885046.1,GenBank,set:bf0c38aa8f34e618379069fdba238e10fd2bb316,,,,Orthohantavirus sinnombreense,Orthohantavirus sinnombreense,Orthohantavirus,Hantaviridae,,,S,"Orthohantavirus sinnombreense strain CC107/POR segment S, complete sequence",2083,complete,USA,USA,,Peromyscus maniculatus,,"Miles,R.W., Lewandowski,K.","Public Health England, Diagnostic Support",,,2015,2015-10-13,ssRNA(-)
KF537001.1,GenBank,set:a744fdfc6525eb5a1a0b38d5290f126a1e06ffa5,,,,Orthohantavirus sinnombreense,Orthohantavirus sinnombreense,Orthohantavirus,Hantaviridae,,deer mouse,L,"Sin Nombre virus isolate deer mouse segment L, complete sequence",6528,complete,USA,USA,,,,"Safronetz,D., Prescott,J., Feldmann,F., Haddock,E., Rosenke,R., Okumura,A., Brining,D., Dahlstrom,E., Porcella,S.F., Ebihara,H., Scott,D.P., Hjelle,B., Feldmann,H.","NIH, NIAID - Rocky Mountain Labs",USA,1,,2014-05-26,ssRNA(-)
KF537002.1,GenBank,set:a744fdfc6525eb5a1a0b38d5290f126a1e06ffa5,,,,Orthohantavirus sinnombreense,Orthohantavirus sinnombreense,Orthohantavirus,Hantaviridae,,deer mouse,M,"Sin Nombre virus isolate deer mouse segment M, complete sequence",3553,complete,USA,USA,,,,"Safronetz,D., Prescott,J., Feldmann,F., Haddock,E., Rosenke,R., Okumura,A., Brining,D., Dahlstrom,E., Porcella,S.F., Ebihara,H., Scott,D.P., Hjelle,B., Feldmann,H.","NIH, NIAID - Rocky Mountain Labs",USA,1,,2014-05-26,ssRNA(-)
KF537003.1,GenBank,set:a744fdfc6525eb5a1a0b38d5290f126a1e06ffa5,,,,Orthohantavirus sinnombreense,Orthohantavirus sinnombreense,Orthohantavirus,Hantaviridae,,deer mouse,S,"Sin Nombre virus isolate deer mouse segment S, complete sequence",1589,complete,USA,USA,,,,"Safronetz,D., Prescott,J., Feldmann,F., Haddock,E., Rosenke,R., Okumura,A., Brining,D., Dahlstrom,E., Porcella,S.F., Ebihara,H., Scott,D.P., Hjelle,B., Feldmann,H.","NIH, NIAID - Rocky Mountain Labs",USA,1,,2014-05-26,ssRNA(-)
KF537004.1,GenBank,set:6b3299eaadd4bee190d07fe13018a0a90d4d6c94,,,,Orthohantavirus sinnombreense,Orthohantavirus sinnombreense,Orthohantavirus,Hantaviridae,,Vero cells,L,"Sin Nombre virus isolate Vero cells segment L, complete sequence",6532,complete,USA,USA,,,,"Safronetz,D., Prescott,J., Feldmann,F., Haddock,E., Rosenke,R., Okumura,A., Brining,D., Dahlstrom,E., Porcella,S.F., Ebihara,H., Scott,D.P., Hjelle,B., Feldmann,H.","NIH, NIAID - Rocky Mountain Labs",USA,1,,2014-05-26,ssRNA(-)
KF537005.1,GenBank,set:6b3299eaadd4bee190d07fe13018a0a90d4d6c94,,,,Orthohantavirus sinnombreense,Orthohantavirus sinnombreense,Orthohantavirus,Hantaviridae,,Vero cells,M,"Sin Nombre virus isolate Vero cells segment M, complete sequence",3553,complete,USA,USA,,,,"Safronetz,D., Prescott,J., Feldmann,F., Haddock,E., Rosenke,R., Okumura,A., Brining,D., Dahlstrom,E., Porcella,S.F., Ebihara,H., Scott,D.P., Hjelle,B., Feldmann,H.","NIH, NIAID - Rocky Mountain Labs",USA,1,,2014-05-26,ssRNA(-)
KF537006.1,GenBank,set:6b3299eaadd4bee190d07fe13018a0a90d4d6c94,,,,Orthohantavirus sinnombreense,Orthohantavirus sinnombreense,Orthohantavirus,Hantaviridae,,Vero cells,S,"Sin Nombre virus isolate Vero cells segment S, complete sequence",1589,complete,USA,USA,,,,"Safronetz,D., Prescott,J., Feldmann,F., Haddock,E., Rosenke,R., Okumura,A., Brining,D., Dahlstrom,E., Porcella,S.F., Ebihara,H., Scott,D.P., Hjelle,B., Feldmann,H.","NIH, NIAID - Rocky Mountain Labs",USA,1,,2014-05-26,ssRNA(-)
HV984407.1,GenBank,set:HV984407,,,,Sin Nombre orthohantavirus,Orthohantavirus sinnombreense,Orthohantavirus,Hantaviridae,,,,JP 2011191322-A/5: METHODS AND REAGENTS FOR DIAGNOSING HANTAVIRUS INFECTION,3696,partial,,,,,,"Nguyen,S.H., Pichuantes,S.",,,,,2013-02-13,ssRNA(-)
HV984413.1,GenBank,set:HV984413,,,,Sin Nombre orthohantavirus,Orthohantavirus sinnombreense,Orthohantavirus,Hantaviridae,,,,JP 2011191322-A/11: METHODS AND REAGENTS FOR DIAGNOSING HANTAVIRUS INFECTION,258,partial,,,,,,"Nguyen,S.H., Pichuantes,S.",,,,,2013-02-13,ssRNA(-)
HV984419.1,GenBank,set:HV984419,,,,Sin Nombre orthohantavirus,Orthohantavirus sinnombreense,Orthohantavirus,Hantaviridae,,,,JP 2011191322-A/17: METHODS AND REAGENTS FOR DIAGNOSING HANTAVIRUS INFECTION,1290,partial,,,,,,"Nguyen,S.H., Pichuantes,S.",,,,,2013-02-13,ssRNA(-)
JQ690281.1,GenBank,set:40be4ae72f42be0e7b0f1d1edc90ca68986b24a9,,,,Orthohantavirus sinnombreense,Orthohantavirus sinnombreense,Orthohantavirus,Hantaviridae,,1,S,"Sin Nombre virus isolate 1 nucleocapsid protein gene, complete cds",2013,partial,"USA: Gregson, Montana",USA,MT,Peromyscus maniculatus,blood,"Bagamian,K.H.","Emory University, Population Biology, Ecology, and Evolution Program",USA,,2009,2013-01-05,ssRNA(-)
JQ690282.1,GenBank,set:bfaa278f9ff118900cb943b37c123ae90267421c,,,,Orthohantavirus sinnombreense,Orthohantavirus sinnombreense,Orthohantavirus,Hantaviridae,,2,S,"Sin Nombre virus isolate 2 nucleocapsid protein gene, complete cds",2035,partial,"USA: Polson, Montana",USA,MT,Peromyscus maniculatus,blood,"Bagamian,K.H.","Emory University, Population Biology, Ecology, and Evolution Program",USA,,2009,2013-01-05,ssRNA(-)
JQ690283.1,GenBank,set:40be4ae72f42be0e7b0f1d1edc90ca68986b24a9,,,,Orthohantavirus sinnombreense,Orthohantavirus sinnombreense,Orthohantavirus,Hantaviridae,,1,S,"Sin Nombre virus isolate 1 glycoprotein gene, complete cds",3652,partial,"USA: Gregson, Montana",USA,MT,Peromyscus maniculatus,blood,"Bagamian,K.H.","Emory University, Population Biology, Ecology, and Evolution Program",USA,,2009,2013-01-05,ssRNA(-)
JQ690284.1,GenBank,set:bfaa278f9ff118900cb943b37c123ae90267421c,,,,Orthohantavirus sinnombreense,Orthohantavirus sinnombreense,Orthohantavirus,Hantaviridae,,2,S,"Sin Nombre virus isolate 2 glycoprotein gene, complete cds",3652,partial,"USA: Polson, Montana",USA,MT,Peromyscus maniculatus,blood,"Bagamian,K.H.","Emory University, Population Biology, Ecology, and Evolution Program",USA,,2009,2013-01-05,ssRNA(-)
JQ690276.1,GenBank,set:95805434449a2ea1d3ea2af2a832b7d6dc092efa,,,,Orthohantavirus sinnombreense,Orthohantavirus sinnombreense,Orthohantavirus,Hantaviridae,,1,S,"Sin Nombre virus isolate 1 segment S nucleocapsid protein gene, complete cds",1992,partial,"USA: Mount Haggin, Montana",USA,MT,Peromyscus maniculatus,blood,"Bagamian,K.H., Towner,J.S., Kuenzi,A.J., Douglass,R.J., Rollin,P.E., Waller,L.A., Mills,J.N.","Emory University, Population Biology, Ecology, and Evolution Program",USA,1,2008,2012-11-02,ssRNA(-)
JQ690277.1,GenBank,set:7bad02a299be7dbd4fe3e0676bcc2fb8c80bfaf6,,,,Orthohantavirus sinnombreense,Orthohantavirus sinnombreense,Orthohantavirus,Hantaviridae,,2,S,"Sin Nombre virus isolate 2 segment S nucleocapsid protein gene, complete cds",2034,partial,"USA: Mount Haggin, Montana",USA,MT,Peromyscus maniculatus,blood,"Bagamian,K.H., Towner,J.S., Kuenzi,A.J., Douglass,R.J., Rollin,P.E., Waller,L.A., Mills,J.N.","Emory University, Population Biology, Ecology, and Evolution Program",USA,1,2008,2012-11-02,ssRNA(-)
JQ690278.1,GenBank,set:e2876d18763f34948bf6f959d50c4ba417e5e788,,,,Orthohantavirus sinnombreense,Orthohantavirus sinnombreense,Orthohantavirus,Hantaviridae,,3,S,"Sin Nombre virus isolate 3 segment S nucleocapsid protein gene, complete cds",1954,partial,"USA: Mount Haggin, Montana",USA,MT,Peromyscus maniculatus,blood,"Bagamian,K.H., Towner,J.S., Kuenzi,A.J., Douglass,R.J., Rollin,P.E., Waller,L.A., Mills,J.N.","Emory University, Population Biology, Ecology, and Evolution Program",USA,1,2008,2012-11-02,ssRNA(-)
JQ690279.1,GenBank,set:95805434449a2ea1d3ea2af2a832b7d6dc092efa,,,,Orthohantavirus sinnombreense,Orthohantavirus sinnombreense,Orthohantavirus,Hantaviridae,,1,M,"Sin Nombre virus isolate 1 segment M nucleocapsid protein gene, complete cds",3651,partial,"USA: Mount Haggin, Montana",USA,MT,Peromyscus maniculatus,blood,"Bagamian,K.H., Towner,J.S., Kuenzi,A.J., Douglass,R.J., Rollin,P.E., Waller,L.A., Mills,J.N.","Emory University, Population Biology, Ecology, and Evolution Program",USA,1,2008,2012-11-02,ssRNA(-)
JQ690280.1,GenBank,set:7bad02a299be7dbd4fe3e0676bcc2fb8c80bfaf6,,,,Orthohantavirus sinnombreense,Orthohantavirus sinnombreense,Orthohantavirus,Hantaviridae,,2,M,"Sin Nombre virus isolate 2 segment M nucleocapsid protein gene, complete cds",3651,partial,"USA: Mount Haggin, Montana",USA,MT,Peromyscus maniculatus,blood,"Bagamian,K.H., Towner,J.S., Kuenzi,A.J., Douglass,R.J., Rollin,P.E., Waller,L.A., Mills,J.N.","Emory University, Population Biology, Ecology, and Evolution Program",USA,1,2008,2012-11-02,ssRNA(-)
JN097462.1,GenBank,set:f9ca52a555b9813240aa912dd2333b71dc382ca4,,,,Orthohantavirus sinnombreense,Orthohantavirus sinnombreense,Orthohantavirus,Hantaviridae,,,S,"Sin Nombre virus strain HV H0030065 segment S nucleocapsid protein gene, partial cds",545,partial,Mexico: Nuevo Leon,Mexico,,Peromyscus maniculatus,,"Milazzo,M.L., Cajimat,M.N., Romo,H.E., Estrada-Franco,J.G., Iniguez-Davalos,L.I., Bradley,R.D., Fulhorst,C.F., Cajimat,M.N.B.","University of Texas Medical Branch - Galveston, Pathology",USA,1,2005-08-06,2012-03-27,ssRNA(-)
JN097463.1,GenBank,set:e4d91ccaa07e15bbb5bf9c2ecbfb99da46f948bc,,,,Orthohantavirus sinnombreense,Orthohantavirus sinnombreense,Orthohantavirus,Hantaviridae,,,S,"Sin Nombre virus strain HV H0030067 segment S nucleocapsid protein gene, partial cds",545,partial,Mexico: Nuevo Leon,Mexico,,Peromyscus eremicus,,"Milazzo,M.L., Cajimat,M.N., Romo,H.E., Estrada-Franco,J.G., Iniguez-Davalos,L.I., Bradley,R.D., Fulhorst,C.F., Cajimat,M.N.B.","University of Texas Medical Branch - Galveston, Pathology",USA,1,2005-08-06,2012-03-27,ssRNA(-)
JN097467.1,GenBank,set:50e7d5bacc23697928224be242509633287bcc81,,,,Orthohantavirus sinnombreense,Orthohantavirus sinnombreense,Orthohantavirus,Hantaviridae,,,S,"Sin Nombre virus strain HV H0020015 segment S nucleocapsid protein gene, partial cds",545,partial,Mexico: San Luis Potosi,Mexico,,Peromyscus maniculatus,,"Milazzo,M.L., Cajimat,M.N., Romo,H.E., Estrada-Franco,J.G., Iniguez-Davalos,L.I., Bradley,R.D., Fulhorst,C.F., Cajimat,M.N.B.","University of Texas Medical Branch - Galveston, Pathology",USA,1,2005-08-04,2012-03-27,ssRNA(-)
JN097470.1,GenBank,set:ba08ed5ec3a761c43acb1a4826398b5e10b3d324,,,,Orthohantavirus sinnombreense,Orthohantavirus sinnombreense,Orthohantavirus,Hantaviridae,,,S,"Sin Nombre virus strain HV H0030073 segment S nucleocapsid protein gene, partial cds",545,partial,Mexico: Tamaulipas,Mexico,,Peromyscus leucopus,,"Milazzo,M.L., Cajimat,M.N., Romo,H.E., Estrada-Franco,J.G., Iniguez-Davalos,L.I., Bradley,R.D., Fulhorst,C.F., Cajimat,M.N.B.","University of Texas Medical Branch - Galveston, Pathology",USA,1,2005-08-08,2012-03-27,ssRNA(-)
JN097476.1,GenBank,set:f0a6d84645d370d15db65b218571b0efe88e196b,,,,Orthohantavirus sinnombreense,Orthohantavirus sinnombreense,Orthohantavirus,Hantaviridae,,,S,"Sin Nombre virus strain HV H0460038 segment S nucleocapsid protein gene, partial cds",545,partial,Mexico: Veracruz,Mexico,,Peromyscus maniculatus,,"Milazzo,M.L., Cajimat,M.N., Romo,H.E., Estrada-Franco,J.G., Iniguez-Davalos,L.I., Bradley,R.D., Fulhorst,C.F., Cajimat,M.N.B.","University of Texas Medical Branch - Galveston, Pathology",USA,1,2006-07-16,2012-03-27,ssRNA(-)
JN097481.1,GenBank,set:f9ca52a555b9813240aa912dd2333b71dc382ca4,,,,Orthohantavirus sinnombreense,Orthohantavirus sinnombreense,Orthohantavirus,Hantaviridae,,,M,"Sin Nombre virus strain HV H0030065 segment M G2 glycoprotein gene, partial cds",1078,partial,Mexico: Nuevo Leon,Mexico,,Peromyscus maniculatus,,"Milazzo,M.L., Cajimat,M.N., Romo,H.E., Estrada-Franco,J.G., Iniguez-Davalos,L.I., Bradley,R.D., Fulhorst,C.F., Cajimat,M.N.B.","University of Texas Medical Branch - Galveston, Pathology",USA,1,2005-08-06,2012-03-27,ssRNA(-)
JN097483.1,GenBank,set:50e7d5bacc23697928224be242509633287bcc81,,,,Orthohantavirus sinnombreense,Orthohantavirus sinnombreense,Orthohantavirus,Hantaviridae,,,M,"Sin Nombre virus strain HV H0020015 segment M G2 glycoprotein gene, partial cds",1078,partial,Mexico: San Luis Potosi,Mexico,,Peromyscus maniculatus,,"Milazzo,M.L., Cajimat,M.N., Romo,H.E., Estrada-Franco,J.G., Iniguez-Davalos,L.I., Bradley,R.D., Fulhorst,C.F., Cajimat,M.N.B.","University of Texas Medical Branch - Galveston, Pathology",USA,1,2005-08-04,2012-03-27,ssRNA(-)
JN097485.1,GenBank,set:ba08ed5ec3a761c43acb1a4826398b5e10b3d324,,,,Orthohantavirus sinnombreense,Orthohantavirus sinnombreense,Orthohantavirus,Hantaviridae,,,M,"Sin Nombre virus strain HV H0030073 segment M G2 glycoprotein gene, partial cds",1078,partial,Mexico: Tamaulipas,Mexico,,Peromyscus leucopus,,"Milazzo,M.L., Cajimat,M.N., Romo,H.E., Estrada-Franco,J.G., Iniguez-Davalos,L.I., Bradley,R.D., Fulhorst,C.F., Cajimat,M.N.B.","University of Texas Medical Branch - Galveston, Pathology",USA,1,2005-08-08,2012-03-27,ssRNA(-)
JN097487.1,GenBank,set:f0a6d84645d370d15db65b218571b0efe88e196b,,,,Orthohantavirus sinnombreense,Orthohantavirus sinnombreense,Orthohantavirus,Hantaviridae,,,M,"Sin Nombre virus strain HV H0460038 segment M G2 glycoprotein gene, partial cds",1078,partial,Mexico: Veracruz,Mexico,,Peromyscus maniculatus,,"Milazzo,M.L., Cajimat,M.N., Romo,H.E., Estrada-Franco,J.G., Iniguez-Davalos,L.I., Bradley,R.D., Fulhorst,C.F., Cajimat,M.N.B.","University of Texas Medical Branch - Galveston, Pathology",USA,1,2006-07-16,2012-03-27,ssRNA(-)
FV537381.1,GenBank,set:FV537381,,,,Sin Nombre orthohantavirus,Orthohantavirus sinnombreense,Orthohantavirus,Hantaviridae,,,,Modified Microbial Nucleic Acid,6562,partial,,,,,,"Millar,D.S., Meruki,J.R.",,,,,2010-03-18,ssRNA(-)
FV537382.1,GenBank,set:FV537382,,,,Sin Nombre orthohantavirus,Orthohantavirus sinnombreense,Orthohantavirus,Hantaviridae,,,,Modified Microbial Nucleic Acid,6562,partial,,,,,,"Millar,D.S., Meruki,J.R.",,,,,2010-03-18,ssRNA(-)
FV537383.1,GenBank,set:FV537383,,,,Sin Nombre orthohantavirus,Orthohantavirus sinnombreense,Orthohantavirus,Hantaviridae,,,,Modified Microbial Nucleic Acid,6562,partial,,,,,,"Millar,D.S., Meruki,J.R.",,,,,2010-03-18,ssRNA(-)
FV537384.1,GenBank,set:FV537384,,,,Sin Nombre orthohantavirus,Orthohantavirus sinnombreense,Orthohantavirus,Hantaviridae,,,,Modified Microbial Nucleic Acid,6562,partial,,,,,,"Millar,D.S., Meruki,J.R.",,,,,2010-03-18,ssRNA(-)
FV537385.1,GenBank,set:FV537385,,,,Sin Nombre orthohantavirus,Orthohantavirus sinnombreense,Orthohantavirus,Hantaviridae,,,,Modified Microbial Nucleic Acid,2059,partial,,,,,,"Millar,D.S., Meruki,J.R.",,,,,2010-03-18,ssRNA(-)
FV537386.1,GenBank,set:FV537386,,,,Sin Nombre orthohantavirus,Orthohantavirus sinnombreense,Orthohantavirus,Hantaviridae,,,,Modified Microbial Nucleic Acid,2059,partial,,,,,,"Millar,D.S., Meruki,J.R.",,,,,2010-03-18,ssRNA(-)
FV537387.1,GenBank,set:FV537387,,,,Sin Nombre orthohantavirus,Orthohantavirus sinnombreense,Orthohantavirus,Hantaviridae,,,,Modified Microbial Nucleic Acid,2059,partial,,,,,,"Millar,D.S., Meruki,J.R.",,,,,2010-03-18,ssRNA(-)
FV537388.1,GenBank,set:FV537388,,,,Sin Nombre orthohantavirus,Orthohantavirus sinnombreense,Orthohantavirus,Hantaviridae,,,,Modified Microbial Nucleic Acid,2059,partial,,,,,,"Millar,D.S., Meruki,J.R.",,,,,2010-03-18,ssRNA(-)
FV537389.1,GenBank,set:FV537389,,,,Sin Nombre orthohantavirus,Orthohantavirus sinnombreense,Orthohantavirus,Hantaviridae,,,,Modified Microbial Nucleic Acid,3696,partial,,,,,,"Millar,D.S., Meruki,J.R.",,,,,2010-03-18,ssRNA(-)
FV537390.1,GenBank,set:FV537390,,,,Sin Nombre orthohantavirus,Orthohantavirus sinnombreense,Orthohantavirus,Hantaviridae,,,,Modified Microbial Nucleic Acid,3696,partial,,,,,,"Millar,D.S., Meruki,J.R.",,,,,2010-03-18,ssRNA(-)
FV537391.1,GenBank,set:FV537391,,,,Sin Nombre orthohantavirus,Orthohantavirus sinnombreense,Orthohantavirus,Hantaviridae,,,,Modified Microbial Nucleic Acid,3696,partial,,,,,,"Millar,D.S., Meruki,J.R.",,,,,2010-03-18,ssRNA(-)
FV537392.1,GenBank,set:FV537392,,,,Sin Nombre orthohantavirus,Orthohantavirus sinnombreense,Orthohantavirus,Hantaviridae,,,,Modified Microbial Nucleic Acid,3696,partial,,,,,,"Millar,D.S., Meruki,J.R.",,,,,2010-03-18,ssRNA(-)
DQ090888.1,GenBank,set:882b4ec7543f77c6926b7c9b2cf35c7ad61c570b,,,,Blue River virus,Orthohantavirus sinnombreense,Orthohantavirus,Hantaviridae,,,,"Blue River virus strain HV G0090001 nucleocapsid protein gene, partial cds",577,partial,USA,USA,,Peromyscus leucopus,lung,"Cooper,S.A., Johnson,A.J., Milazzo,M.L., Cajimat,M.N.B., Fulhorst,C.F., Burt,M.S.","University of Texas Medical Branch, Pathology",USA,,,2008-12-01,ssRNA(-)
DQ090889.1,GenBank,set:882b4ec7543f77c6926b7c9b2cf35c7ad61c570b,,,,Blue River virus,Orthohantavirus sinnombreense,Orthohantavirus,Hantaviridae,,,,"Blue River virus strain HV G0090001 glycoprotein precursor, gene, partial cds",434,partial,USA,USA,,Peromyscus leucopus,lung,"Cooper,S.A., Johnson,A.J., Milazzo,M.L., Cajimat,M.N.B., Fulhorst,C.F., Burt,M.S.","University of Texas Medical Branch, Pathology",USA,,,2008-12-01,ssRNA(-)
DQ090890.1,GenBank,set:baeacac7c6a3ccc9d617781337e110bb94e1631b,,,,Blue River virus,Orthohantavirus sinnombreense,Orthohantavirus,Hantaviridae,,,,"Blue River virus strain HV G0090028 nucleocapsid protein gene, partial cds",577,partial,USA,USA,,Peromyscus leucopus,lung,"Cooper,S.A., Johnson,A.J., Milazzo,M.L., Cajimat,M.N.B., Fulhorst,C.F., Burt,M.S.","University of Texas Medical Branch, Pathology",USA,,,2008-12-01,ssRNA(-)
DQ090891.1,GenBank,set:baeacac7c6a3ccc9d617781337e110bb94e1631b,,,,Blue River virus,Orthohantavirus sinnombreense,Orthohantavirus,Hantaviridae,,,,"Blue River virus strain HV G0090028 glycoprotein precursor, gene, partial cds",434,partial,USA,USA,,Peromyscus leucopus,lung,"Cooper,S.A., Johnson,A.J., Milazzo,M.L., Cajimat,M.N.B., Fulhorst,C.F., Burt,M.S.","University of Texas Medical Branch, Pathology",USA,,,2008-12-01,ssRNA(-)
DL139690.1,GenBank,set:DL139690,,,,Sin Nombre orthohantavirus,Orthohantavirus sinnombreense,Orthohantavirus,Hantaviridae,,,,METHODS AND REAGENTS FOR DIAGNOSING HANTAVIRUS INFECTION,3696,partial,,,,,,"Pichuantesu,S., Nguyen,S.H.",,,,,2008-09-26,ssRNA(-)
DL139696.1,GenBank,set:DL139696,,,,Sin Nombre orthohantavirus,Orthohantavirus sinnombreense,Orthohantavirus,Hantaviridae,,,,METHODS AND REAGENTS FOR DIAGNOSING HANTAVIRUS INFECTION,258,partial,,,,,,"Pichuantesu,S., Nguyen,S.H.",,,,,2008-09-26,ssRNA(-)
DL139702.1,GenBank,set:DL139702,,,,Sin Nombre orthohantavirus,Orthohantavirus sinnombreense,Orthohantavirus,Hantaviridae,,,,METHODS AND REAGENTS FOR DIAGNOSING HANTAVIRUS INFECTION,1290,partial,,,,,,"Pichuantesu,S., Nguyen,S.H.",,,,,2008-09-26,ssRNA(-)
AF425256.1,GenBank,set:AF425256,,,,Convict Creek 107 virus,Orthohantavirus sinnombreense,Orthohantavirus,Hantaviridae,,,L,"Convict Creek 107 virus segment L, complete sequence",6562,partial,,,,Peromyscus maniculatus,,"Meissner,J.D., St. Jeor,S.C.","University of Nevada, Reno, Microbiology",USA,,,2001-10-28,ssRNA(-)
AF380925.1,GenBank,set:8fc7fe07fabe1d37f74b68adcdc8cd35f1f315bc,,,,Orthohantavirus sinnombreense,Orthohantavirus sinnombreense,Orthohantavirus,Hantaviridae,,,M,"Sin Nombre hantavirus strain Alberta glycoprotein G1 gene, partial cds",202,partial,,,,Peromyscus maniculatus,,"Drebot,M.A., Gavrilovskaya,I., Mackow,E.R., Chen,Z., Lindsay,R., Sanchez,A.J., Nichol,S.T., Artsob,H., Drebot,M.A. Jr.","NML, Health Canada, Zoonotic Diseases and Special Pathogens",Canada,1,,2001-06-05,ssRNA(-)
AF380926.1,GenBank,set:8eb21a55120c8450a7374b4fccb9d2e150a738d3,,,,Orthohantavirus sinnombreense,Orthohantavirus sinnombreense,Orthohantavirus,Hantaviridae,,,M,"Sin Nombre hantavirus strain Newfoundland glycoprotein G1 gene, partial cds",202,partial,,,,Peromyscus maniculatus,,"Drebot,M.A., Gavrilovskaya,I., Mackow,E.R., Chen,Z., Lindsay,R., Sanchez,A.J., Nichol,S.T., Artsob,H., Drebot,M.D.A. Jr., Artsob,H.A.","NML, Health Canada, Zoonotic Diseases and Special Pathogens",Canada,1,,2001-06-05,ssRNA(-)
AF380927.1,GenBank,set:bbb34f4c75e2f4bc16e976a1f9a4e0c6d5fc3015,,,,Orthohantavirus sinnombreense,Orthohantavirus sinnombreense,Orthohantavirus,Hantaviridae,,,M,"Sin Nombre hantavirus strain Ontario 95 glycoprotein G1 gene, partial cds",202,partial,,,,Peromyscus maniculatus,,"Drebot,M.A., Gavrilovskaya,I., Mackow,E.R., Chen,Z., Lindsay,R., Sanchez,A.J., Nichol,S.T., Artsob,H., Drebot,M.D.A. Jr., Artsob,H.A.","NML, Health Canada, Zoonotic Diseases and Special Pathogens",Canada,1,,2001-06-05,ssRNA(-)
AF380928.1,GenBank,set:560024e9a147c3c3e590bcb153115c2e8b0cb926,,,,Orthohantavirus sinnombreense,Orthohantavirus sinnombreense,Orthohantavirus,Hantaviridae,,,M,"Sin Nombre hantavirus strain Quebec 96a glycoprotein G1 gene, partial cds",202,partial,,,,Peromyscus maniculatus,,"Drebot,M.A., Gavrilovskaya,I., Mackow,E.R., Chen,Z., Lindsay,R., Sanchez,A.J., Nichol,S.T., Artsob,H., Drebot,M.D.A. Jr., Artsob,H.A.","NML, Health Canada, Zoonotic Diseases and Special Pathogens",Canada,1,,2001-06-05,ssRNA(-)
AF281850.1,GenBank,set:5b96b6c921dea2d4efab2df580012bb96ad1b1a4,,,,Orthohantavirus sinnombreense,Orthohantavirus sinnombreense,Orthohantavirus,Hantaviridae,,,S,"Sin Nombre hantavirus strain SN 77734 segment S nucleocapsid protein mRNA, partial cds",1620,partial,,,,,,"Botten,J., Mirowsky,K., Kusewitt,D., Bharadwaj,M., Yee,J., Ricci,R., Feddersen,R.M., Hjelle,B., Hjelle,B.L.","University of New Mexico School of Medicine, Pathology 329-CRF",USA,1,,2000-08-30,ssRNA(-)
AF281851.1,GenBank,set:5b96b6c921dea2d4efab2df580012bb96ad1b1a4,,,,Orthohantavirus sinnombreense,Orthohantavirus sinnombreense,Orthohantavirus,Hantaviridae,,,S,"Sin Nombre hantavirus strain SN 77734 segment S nucleocapsid protein mRNA, partial cds",1960,partial,,,,,,"Botten,J., Mirowsky,K., Kusewitt,D., Bharadwaj,M., Yee,J., Ricci,R., Feddersen,R.M., Hjelle,B., Hjelle,B.L.","University of New Mexico School of Medicine, Pathology 329-CRF",USA,1,,2000-08-30,ssRNA(-)
AF281852.1,GenBank,set:5b96b6c921dea2d4efab2df580012bb96ad1b1a4,,,,Orthohantavirus sinnombreense,Orthohantavirus sinnombreense,Orthohantavirus,Hantaviridae,,,M,"Sin Nombre hantavirus strain SN 77734 segment M glycoprotein precursor, mRNA, partial cds",1305,partial,,,,,,"Botten,J., Mirowsky,K., Kusewitt,D., Bharadwaj,M., Yee,J., Ricci,R., Feddersen,R.M., Hjelle,B., Hjelle,B.L.","University of New Mexico School of Medicine, Pathology 329-CRF",USA,1,,2000-08-30,ssRNA(-)
AF281853.1,GenBank,set:5b96b6c921dea2d4efab2df580012bb96ad1b1a4,,,,Orthohantavirus sinnombreense,Orthohantavirus sinnombreense,Orthohantavirus,Hantaviridae,,,M,"Sin Nombre hantavirus strain SN 77734 segment M glycoprotein precursor, mRNA, partial cds",695,partial,,,,,,"Botten,J., Mirowsky,K., Kusewitt,D., Bharadwaj,M., Yee,J., Ricci,R., Feddersen,R.M., Hjelle,B., Hjelle,B.L.","University of New Mexico School of Medicine, Pathology 329-CRF",USA,1,,2000-08-30,ssRNA(-)
AF281854.1,GenBank,set:5b96b6c921dea2d4efab2df580012bb96ad1b1a4,,,,Orthohantavirus sinnombreense,Orthohantavirus sinnombreense,Orthohantavirus,Hantaviridae,,,M,"Sin Nombre hantavirus strain SN 77734 segment M glycoprotein precursor, mRNA, partial cds",430,partial,,,,,,"Botten,J., Mirowsky,K., Kusewitt,D., Bharadwaj,M., Yee,J., Ricci,R., Feddersen,R.M., Hjelle,B., Hjelle,B.L.","University of New Mexico School of Medicine, Pathology 329-CRF",USA,1,,2000-08-30,ssRNA(-)
AF281855.1,GenBank,set:5b96b6c921dea2d4efab2df580012bb96ad1b1a4,,,,Orthohantavirus sinnombreense,Orthohantavirus sinnombreense,Orthohantavirus,Hantaviridae,,,M,"Sin Nombre hantavirus strain SN 77734 segment M glycoprotein precursor, mRNA, partial cds",730,partial,,,,,,"Botten,J., Mirowsky,K., Kusewitt,D., Bharadwaj,M., Yee,J., Ricci,R., Feddersen,R.M., Hjelle,B., Hjelle,B.L.","University of New Mexico School of Medicine, Pathology 329-CRF",USA,1,,2000-08-30,ssRNA(-)
AF281856.1,GenBank,set:5b96b6c921dea2d4efab2df580012bb96ad1b1a4,,,,Orthohantavirus sinnombreense,Orthohantavirus sinnombreense,Orthohantavirus,Hantaviridae,,,M,"Sin Nombre hantavirus strain SN 77734 segment M glycoprotein precursor, mRNA, partial cds",1147,partial,,,,,,"Botten,J., Mirowsky,K., Kusewitt,D., Bharadwaj,M., Yee,J., Ricci,R., Feddersen,R.M., Hjelle,B., Hjelle,B.L.","University of New Mexico School of Medicine, Pathology 329-CRF",USA,1,,2000-08-30,ssRNA(-)
AF281857.1,GenBank,set:5b96b6c921dea2d4efab2df580012bb96ad1b1a4,,,,Orthohantavirus sinnombreense,Orthohantavirus sinnombreense,Orthohantavirus,Hantaviridae,,,M,"Sin Nombre hantavirus strain SN 77734 segment M glycoprotein precursor, mRNA, partial cds",402,partial,,,,,,"Botten,J., Mirowsky,K., Kusewitt,D., Bharadwaj,M., Yee,J., Ricci,R., Feddersen,R.M., Hjelle,B., Hjelle,B.L.","University of New Mexico School of Medicine, Pathology 329-CRF",USA,1,,2000-08-30,ssRNA(-)
U54582.1,GenBank,set:c9e783f398b5a788ac0a52a9d219175b99536976,,,,Orthohantavirus sinnombreense,Orthohantavirus sinnombreense,Orthohantavirus,Hantaviridae,,"Deaf Smith County, Texas, May 1995",,"Sin Nombre hantavirus strain PM-Tx-326 nucleocapsid protein (N) gene, partial cds",397,partial,,,,Peromyscus maniculatus,,"Rawlings,J.A., Torrez-Martinez,N., Neill,S.U., Moore,G.M., Hicks,B.N., Pichuantes,S., Nguyen,A., Bharadwaj,M., Hjelle,B.","Brian Hjelle, Pathology, University of New Mexico, 337-BRF, Albuquerque, NM 87131",USA,1,,1999-01-05,ssRNA(-)
U54583.1,GenBank,set:27de08d93a679fd15cfbd68e589921a4b187c77b,,,,Orthohantavirus sinnombreense,Orthohantavirus sinnombreense,Orthohantavirus,Hantaviridae,,"Deaf Smith County, Texas, May 1995",,"Sin Nombre hantavirus strain PL-Tx-322 nucleocapsid protein (N) gene, partial cds",397,partial,,,,Peromyscus leucopus,,"Rawlings,J.A., Torrez-Martinez,N., Neill,S.U., Moore,G.M., Hicks,B.N., Pichuantes,S., Nguyen,A., Bharadwaj,M., Hjelle,B.","Brian Hjelle, Pathology, University of New Mexico, 337-BRF, Albuquerque, NM 87131",USA,1,,1999-01-05,ssRNA(-)
AF030551.1,GenBank,set:e4e9dd77cd8fcb47b2c8643fbf9ce00f913c8a69,,,,Blue River virus,Orthohantavirus sinnombreense,Orthohantavirus,Hantaviridae,,,,"Blue River virus strain Indiana M genome segment glycoprotein precursor, gene, complete cds",3664,partial,,,,Peromyscus leucopus,,"Morzunov,S.P., Rowe,J.E., Ksiazek,T.G., Peters,C.J., St Jeor,S.C., Nichol,S.T., St.Jeor,S.C.","University of Nevada-Reno, Microbiology",USA,1,,1997-11-22,ssRNA(-)
AF030552.1,GenBank,set:e8a224f30b3bbc2dd7b9e5ac913ed2a6c0318d5a,,,,Blue River virus,Orthohantavirus sinnombreense,Orthohantavirus,Hantaviridae,,,,"Blue River virus strain Oklahoma M genome segment glycoprotein precursor, gene, complete cds",3662,partial,,,,Peromyscus leucopus,,"Morzunov,S.P., Rowe,J.E., Ksiazek,T.G., Peters,C.J., St Jeor,S.C., Nichol,S.T., St.Jeor,S.C.","University of Nevada-Reno, Microbiology",USA,1,,1997-11-22,ssRNA(-)
U12136.1,GenBank,set:588407bfa1c67e9e6ccbd04682f340d916566311,,,,Four Corners hantavirus,Orthohantavirus sinnombreense,Orthohantavirus,Hantaviridae,,,,"Four Corners hantavirus PMNK-7 nucleocapsid protein gene, partial cds",418,partial,,,,Peromyscus maniculatus,,"Hjelle,B., Krolikowski,J., Torrez-Martinez,N., Chavez-Giles,F., Vanner,C., Laposata,E.","Brian Hjelle, University of New Mexico, Pathology, Albuquerque, NM 87131-5301",USA,1,,1996-11-21,ssRNA(-)
U47135.1,GenBank,set:171e1de85b2432ce727426b5b30c2bbd25605198,,,,Convict Creek 107 virus,Orthohantavirus sinnombreense,Orthohantavirus,Hantaviridae,,H-NY1,,"Pulmonary syndrome hantavirus H-NY1 nucleocapsin protein gene, complete cds",2084,partial,,,,,,"Huang,C., Campbell,W.P., Means,R., Ackman,D.M.","Cinnia Huang, Wadsworth Center for Laboratories and Research, New York State Dept. of Health, Albany, NY 12201-0509",USA,1,,1996-10-05,ssRNA(-)
U36801.1,GenBank,set:23d0f4ca1a868390d745231b033602c085ffc091,,,,New York hantavirus,Orthohantavirus sinnombreense,Orthohantavirus,Hantaviridae,,,,"New York hantavirus Rhode Island-1 envelope glycoprotein precursor gene, complete cds",3668,partial,,,,Homo sapiens,,"Hjelle,B., Lee,S.W., Song,W., Torrez-Martinez,N., Song,J.W., Yanagihara,R., Gavrilovskaya,I., Mackow,E.R.","Brian Hjelle, Pathology, University of New Mexico Health Sciences Center, Albuquerque, NM 87131",USA,1,,1995-12-12,ssRNA(-)
U36802.1,GenBank,set:65b34b93970df6922236d3040518f776ccd87150,,,,New York hantavirus,Orthohantavirus sinnombreense,Orthohantavirus,Hantaviridae,,,,"New York hantavirus New York-1 envelope glycoprotein precursor gene, complete cds",3668,partial,,,,Peromyscus leucopus,,"Hjelle,B., Lee,S.W., Song,W., Torrez-Martinez,N., Song,J.W., Yanagihara,R., Gavrilovskaya,I., Mackow,E.R.","Brian Hjelle, Pathology, University of New Mexico Health Sciences Center, Albuquerque, NM 87131",USA,1,,1995-12-12,ssRNA(-)
U36803.1,GenBank,set:2ae3ef559d3303a2506ae536063dc3dbe5d98e4c,,,,New York hantavirus,Orthohantavirus sinnombreense,Orthohantavirus,Hantaviridae,,,,"New York hantavirus New York-2 envelope glycoprotein precursor gene, complete cds",3668,partial,,,,Peromyscus leucopus,,"Hjelle,B., Lee,S.W., Song,W., Torrez-Martinez,N., Song,J.W., Yanagihara,R., Gavrilovskaya,I., Mackow,E.R.","Brian Hjelle, Pathology, University of New Mexico Health Sciences Center, Albuquerque, NM 87131",USA,1,,1995-12-12,ssRNA(-)
U36804.1,GenBank,set:3c49568b2ca4467d3616d03933db9b46b18ec79c,,,,Orthohantavirus sinnombreense,Orthohantavirus sinnombreense,Orthohantavirus,Hantaviridae,,,,"Sin Nombre hantavirus H-ID-1 envelope glycoprotein G1 gene, partial cds",274,partial,,,,Homo sapiens,,"Hjelle,B., Lee,S.W., Song,W., Torrez-Martinez,N., Song,J.W., Yanagihara,R., Gavrilovskaya,I., Mackow,E.R., Chavez-Giles,F., Yamada,T., Sarisky,J., Ascher,M., Jenison,S.","Brian Hjelle, Pathology, University of New Mexico Health Sciences Center, Albuquerque, NM 87131",USA,2,,1995-12-12,ssRNA(-)
U36805.1,GenBank,set:7c5de6df3f1ff186894de329a5dcc7a1836dc7ad,,,,Orthohantavirus sinnombreense,Orthohantavirus sinnombreense,Orthohantavirus,Hantaviridae,,,,"Sin Nombre hantavirus H-NV-1 envelope glycoprotein G1 gene, partial cds",274,partial,,,,Homo sapiens,,"Hjelle,B., Lee,S.W., Song,W., Torrez-Martinez,N., Song,J.W., Yanagihara,R., Gavrilovskaya,I., Mackow,E.R., Chavez-Giles,F., Yamada,T., Sarisky,J., Ascher,M., Jenison,S.","Brian Hjelle, Pathology, University of New Mexico Health Sciences Center, Albuquerque, NM 87131",USA,2,,1995-12-12,ssRNA(-)
U36806.1,GenBank,set:6870f142ad2d88acac2c4fa2593abd446f352e9a,,,,Orthohantavirus sinnombreense,Orthohantavirus sinnombreense,Orthohantavirus,Hantaviridae,,,,"Sin Nombre hantavirus H-AB-255 envelope glycoprotein G1 gene, partial cds",274,partial,,,,Homo sapiens,,"Hjelle,B., Lee,S.W., Song,W., Torrez-Martinez,N., Song,J.W., Yanagihara,R., Gavrilovskaya,I., Mackow,E.R., Chavez-Giles,F., Yamada,T., Sarisky,J., Ascher,M., Jenison,S.","Brian Hjelle, Pathologoy, University of New Mexico Health Sciences Center, Albuquerque, NM 87131",USA,2,,1995-12-12,ssRNA(-)
U36807.1,GenBank,set:e5bd21762e8a25888ab41892a65bbacb683cbf1a,,,,Orthohantavirus sinnombreense,Orthohantavirus sinnombreense,Orthohantavirus,Hantaviridae,,,,"Sin Nombre hantavirus PM-MT-1 envelope glycoprotein G1 gene, partial cds",274,partial,,,,Peromyscus maniculatus,,"Hjelle,B., Lee,S.W., Song,W., Torrez-Martinez,N., Song,J.W., Yanagihara,R., Gavrilovskaya,I., Mackow,E.R., Chavez-Giles,F., Yamada,T., Sarisky,J., Ascher,M., Jenison,S.","Brian Hjelle, Pathology, University of New Mexico Health Sciences Center, Albuquerque, NM 87131",USA,2,,1995-12-12,ssRNA(-)
U36808.1,GenBank,set:67cc57c1a46e61d413fee69271247b663cd87970,,,,Orthohantavirus sinnombreense,Orthohantavirus sinnombreense,Orthohantavirus,Hantaviridae,,,,"Sin Nombre hantavirus PM-NM-28 envelope glycoprotein G1 gene, partial cds",274,partial,,,,Peromyscus maniculatus,,"Hjelle,B., Lee,S.W., Song,W., Torrez-Martinez,N., Song,J.W., Yanagihara,R., Gavrilovskaya,I., Mackow,E.R., Chavez-Giles,F., Yamada,T., Sarisky,J., Ascher,M., Jenison,S.","Brian Hjelle, Pathology, University of New Mexico Health Sciences Center, Albuquerque, NM 87131",USA,2,,1995-12-12,ssRNA(-)
U36809.1,GenBank,set:665316ad4a311698c5a946c65382bfd7003219e8,,,,Orthohantavirus sinnombreense,Orthohantavirus sinnombreense,Orthohantavirus,Hantaviridae,,,,"Sin Nombre hantavirus PL-NM-4 envelope glycoprotein G1 gene, partial cds",274,partial,,,,Peromyscus leucopus,,"Hjelle,B., Lee,S.W., Song,W., Torrez-Martinez,N., Song,J.W., Yanagihara,R., Gavrilovskaya,I., Mackow,E.R., Chavez-Giles,F., Yamada,T., Sarisky,J., Ascher,M., Jenison,S.","Brian Hjelle, Pathology, University of New Mexico Health Sciences Center, Albuquerque, NM 87131",USA,2,,1995-12-12,ssRNA(-)
U36810.1,GenBank,set:5ade2549f744a5b6e3846d972b83d9fddaa0568f,,,,Orthohantavirus sinnombreense,Orthohantavirus sinnombreense,Orthohantavirus,Hantaviridae,,,,"Sin Nombre hantavirus PM-AZ-55 envelope glycoprotein G1 gene, partial cds",274,partial,,,,Peromyscus maniculatus,,"Hjelle,B., Lee,S.W., Song,W., Torrez-Martinez,N., Song,J.W., Yanagihara,R., Gavrilovskaya,I., Mackow,E.R., Chavez-Giles,F., Yamada,T., Sarisky,J., Ascher,M., Jenison,S.","Brian Hjelle, Pathology, University of New Mexico Health Sciences Center, Albuquerque, NM 87131",USA,2,,1995-12-12,ssRNA(-)
U36811.1,GenBank,set:aa5c9d3b24560cfdad0a4cd1d9ebe89710ef34da,,,,Orthohantavirus sinnombreense,Orthohantavirus sinnombreense,Orthohantavirus,Hantaviridae,,,,"Sin Nombre hantavirus PT-AZ-43 envelope glycoprotein G1 gene, partial cds",274,partial,,,,Peromyscus truei,,"Hjelle,B., Lee,S.W., Song,W., Torrez-Martinez,N., Song,J.W., Yanagihara,R., Gavrilovskaya,I., Mackow,E.R., Chavez-Giles,F., Yamada,T., Sarisky,J., Ascher,M., Jenison,S.","Brian Hjelle, Pathology, University of New Mexico Health Sciences Center, Albuquerque, NM 87131",USA,2,,1995-12-12,ssRNA(-)
U36812.1,GenBank,set:0a8b28d04efe4031ce374759bccc3b5c778b1581,,,,Orthohantavirus sinnombreense,Orthohantavirus sinnombreense,Orthohantavirus,Hantaviridae,,,,"Sin Nombre hantavirus PL-NM-53 envelope glycoprotein G1 gene, partial cds",274,partial,,,,Peromyscus leucopus,,"Hjelle,B., Lee,S.W., Song,W., Torrez-Martinez,N., Song,J.W., Yanagihara,R., Gavrilovskaya,I., Mackow,E.R., Chavez-Giles,F., Yamada,T., Sarisky,J., Ascher,M., Jenison,S.","Brian Hjelle, Pathology, University of New Mexico Health Sciences Center, Albuquerque, NM 87131",USA,2,,1995-12-12,ssRNA(-)
U36813.1,GenBank,set:9d3fb126f21d4c4abb3ec4a6ffa0b7804b5904bd,,,,Orthohantavirus sinnombreense,Orthohantavirus sinnombreense,Orthohantavirus,Hantaviridae,,,,"Sin Nombre hantavirus H-CO-1 envelope glycoprotein G1 gene, partial cds",274,partial,,,,Homo sapiens,,"Hjelle,B., Lee,S.W., Song,W., Torrez-Martinez,N., Song,J.W., Yanagihara,R., Gavrilovskaya,I., Mackow,E.R., Chavez-Giles,F., Yamada,T., Sarisky,J., Ascher,M., Jenison,S.","Brian Hjelle, Pathology, University of New Mexico Health Sciences Center, Albuquerque, NM 87131",USA,2,,1995-12-12,ssRNA(-)
U36814.1,GenBank,set:07f4255ef44f5ce3cce2f64d7cd0f8659d9a2bdd,,,,Orthohantavirus sinnombreense,Orthohantavirus sinnombreense,Orthohantavirus,Hantaviridae,,,,"Sin Nombre hantavirus PM-CA-S1 envelope glycoprotein G1 gene, partial cds",274,partial,,,,Peromyscus maniculatus,,"Hjelle,B., Lee,S.W., Song,W., Torrez-Martinez,N., Song,J.W., Yanagihara,R., Gavrilovskaya,I., Mackow,E.R., Chavez-Giles,F., Yamada,T., Sarisky,J., Ascher,M., Jenison,S.","Brian Hjelle, Pathology, University of New Mexico Health Sciences Center, Albuquerque, NM 87131",USA,2,,1995-12-12,ssRNA(-)
U36815.1,GenBank,set:0a168a2a3fbde6f12d3a16d936b113362445b80b,,,,Orthohantavirus sinnombreense,Orthohantavirus sinnombreense,Orthohantavirus,Hantaviridae,,,,"Sin Nombre hantavirus PM-KS-45 envelope glycoprotein G1 gene, partial cds",274,partial,,,,Peromyscus maniculatus,,"Hjelle,B., Lee,S.W., Song,W., Torrez-Martinez,N., Song,J.W., Yanagihara,R., Gavrilovskaya,I., Mackow,E.R., Chavez-Giles,F., Yamada,T., Sarisky,J., Ascher,M., Jenison,S.","Brian Hjelle, Pathology, University of New Mexico Health Sciences Center, Albuquerque, NM 87131",USA,2,,1995-12-12,ssRNA(-)
U36816.1,GenBank,set:57ec5833518905a85308911cf7c28859a592a2d9,,,,Orthohantavirus sinnombreense,Orthohantavirus sinnombreense,Orthohantavirus,Hantaviridae,,,,"Sin Nombre hantavirus PM-BC-147 envelope glycoprotein G1 gene, partial cds",274,partial,,,,Peromyscus maniculatus,,"Hjelle,B., Lee,S.W., Song,W., Torrez-Martinez,N., Song,J.W., Yanagihara,R., Gavrilovskaya,I., Mackow,E.R., Chavez-Giles,F., Yamada,T., Sarisky,J., Ascher,M., Jenison,S.","Brian Hjelle, Pathology, University of New Mexico Health Sciences Center, Albuquerque, NM 87131",USA,2,,1995-12-12,ssRNA(-)
U36817.1,GenBank,set:476bfdf648cdb38177d9fb5f29e0bc0bc48f8299,,,,Orthohantavirus sinnombreense,Orthohantavirus sinnombreense,Orthohantavirus,Hantaviridae,,,,"Sin Nombre hantavirus PM-WA-3 envelope glycoprotein G1 gene, partial cds",274,partial,,,,Peromyscus maniculatus,,"Hjelle,B., Lee,S.W., Song,W., Torrez-Martinez,N., Song,J.W., Yanagihara,R., Gavrilovskaya,I., Mackow,E.R., Chavez-Giles,F., Yamada,T., Sarisky,J., Ascher,M., Jenison,S.","Brian Hjelle, Pathology, University of New Mexico Health Sciences Center, Albuquerque, NM 87131",USA,2,,1995-12-12,ssRNA(-)
U36818.1,GenBank,set:68ee75ad5ae82dcc5989a0a0f56376f5760b922c,,,,Orthohantavirus sinnombreense,Orthohantavirus sinnombreense,Orthohantavirus,Hantaviridae,,,,"Sin Nombre hantavirus PM-BC-530 envelope glycoprotein G1 gene, partial cds",274,partial,,,,Peromyscus maniculatus,,"Hjelle,B., Lee,S.W., Song,W., Torrez-Martinez,N., Song,J.W., Yanagihara,R., Gavrilovskaya,I., Mackow,E.R., Chavez-Giles,F., Yamada,T., Sarisky,J., Ascher,M., Jenison,S.","Brian Hjelle, Pathology, University of New Mexico Health Sciences Center, Albuquerque, NM 87131",USA,2,,1995-12-12,ssRNA(-)
U36819.1,GenBank,set:ce0df782f633492baee4f2aae6cfe2153c5abf6d,,,,Orthohantavirus sinnombreense,Orthohantavirus sinnombreense,Orthohantavirus,Hantaviridae,,,,"Sin Nombre hantavirus PC-CA-SD-20 envelope glycoprotein G1 gene, partial cds",274,partial,,,,Peromyscus californicus,,"Hjelle,B., Lee,S.W., Song,W., Torrez-Martinez,N., Song,J.W., Yanagihara,R., Gavrilovskaya,I., Mackow,E.R., Chavez-Giles,F., Yamada,T., Sarisky,J., Ascher,M., Jenison,S.","Brian Hjelle, Pathology, University of New Mexico Health Sciences Center, Albuquerque, NM 87131",USA,2,,1995-12-12,ssRNA(-)
U36820.1,GenBank,set:b776af6041d63b78ebac51eac348870cc7ba592e,,,,Orthohantavirus sinnombreense,Orthohantavirus sinnombreense,Orthohantavirus,Hantaviridae,,,,"Sin Nombre hantavirus PM-CA-Ch1 envelope glycoprotein G1 gene, partial cds",274,partial,,,,Peromyscus maniculatus,,"Hjelle,B., Lee,S.W., Song,W., Torrez-Martinez,N., Song,J.W., Yanagihara,R., Gavrilovskaya,I., Mackow,E.R., Chavez-Giles,F., Yamada,T., Sarisky,J., Ascher,M., Jenison,S.","Brian Hjelle, Pathology, University of New Mexico Health Sciences Center, Albuquerque, NM 87131",USA,2,,1995-12-12,ssRNA(-)
U36821.1,GenBank,set:2c0c0bd1837d47d0345d2694343d25d93eca28da,,,,Orthohantavirus sinnombreense,Orthohantavirus sinnombreense,Orthohantavirus,Hantaviridae,,,,"Sin Nombre hantavirus PM-CA-Ch2 envelope glycoprotein G1 gene, partial cds",274,partial,,,,Peromyscus maniculatus,,"Hjelle,B., Lee,S.W., Song,W., Torrez-Martinez,N., Song,J.W., Yanagihara,R., Gavrilovskaya,I., Mackow,E.R., Chavez-Giles,F., Yamada,T., Sarisky,J., Ascher,M., Jenison,S.","Brian Hjelle, Pathology, University of New Mexico Health Sciences Center, Albuquerque, NM 87131",USA,2,,1995-12-12,ssRNA(-)
U17102.1,GenBank,set:6fb6e169d652de9795abaaac8d20381d96d9f7ee,,,,Four Corners hantavirus,Orthohantavirus sinnombreense,Orthohantavirus,Hantaviridae,,,,"Four Corners Hantavirus PL-NM-4 nucleocapsid protein gene, partial cds",423,partial,,,,Peromyscus leucopus,,"Hjelle,B., Krolikowski,J., Torrez-Martinez,N., Chavez-Giles,F., Vanner,C., Laposata,E.","Brian Hjelle, University of New Mexico, Pathology, Albuquerque, NM 87131-5301",USA,1,,1995-11-29,ssRNA(-)
U17103.1,GenBank,set:44b0aa3e0ecea7f45589082bb1a8cea61bbc7c85,,,,Four Corners hantavirus,Orthohantavirus sinnombreense,Orthohantavirus,Hantaviridae,,,,"Four Corners Hantavirus PM-MT-1 nucleocapsid protein gene, partial cds",424,partial,,,,Peromyscus maniculatus,,"Hjelle,B., Krolikowski,J., Torrez-Martinez,N., Chavez-Giles,F., Vanner,C., Laposata,E.","Brian Hjelle, University of New Mexico, Pathology, Albuquerque, NM 87131-5301",USA,1,,1995-11-29,ssRNA(-)
U09308.1,GenBank,set:5740721734dacbf5e401453d58dc0a0ede534cd7,,,,Four Corners hantavirus,Orthohantavirus sinnombreense,Orthohantavirus,Hantaviridae,,,,"Four Corners Hantavirus AZ-L nucleocapsid protein gene, partial cds",194,partial,,,,Peromyscus maniculatus,,"Hjelle,B., Krolikowski,J., Torrez-Martinez,N., Chavez-Giles,F., Vanner,C., Laposata,E., Hjelle,B.L.","Brian L. Hjelle, University of New Mexico School of Medicine, Pathology, Albuquerque, NM 87131",USA,,,1995-11-09,ssRNA(-)
L37901.1,GenBank,set:a4927e789f7ee469e8b8a3e99f957882d84abf87,,,,Orthohantavirus sinnombreense,Orthohantavirus sinnombreense,Orthohantavirus,Hantaviridae,,NM H10,,"Sin Nombre virus (NM H10) RNA L segment encoding RNA polymerase (L protein), complete cds",6562,partial,,,,Homo sapiens,,"Chizhikov,V.E., Spiropoulou,C.F., Morzunov,S.P., Monroe,M.C., Peters,C.J., Nichol,S.T.",,,1,,1995-09-27,ssRNA(-)
L37902.1,GenBank,set:68c31d3af1cd1ce2c4f62138ffdc7e50f19fbcb0,,,,Orthohantavirus sinnombreense,Orthohantavirus sinnombreense,Orthohantavirus,Hantaviridae,,NM R11,,"Sin Nombre virus (NM R11) RNA L segment encoding RNA polymerase (L protein), complete cds",6562,partial,,,,Peromyscus maniculatus,,"Chizhikov,V.E., Spiropoulou,C.F., Morzunov,S.P., Monroe,M.C., Peters,C.J., Nichol,S.T.",,,1,,1995-09-27,ssRNA(-)
L37903.1,GenBank,set:68c31d3af1cd1ce2c4f62138ffdc7e50f19fbcb0,,,,Orthohantavirus sinnombreense,Orthohantavirus sinnombreense,Orthohantavirus,Hantaviridae,,NM R11,,"Sin Nombre virus (NM R11) RNA M segment encoding surface glycoproteins (G1 and G2 proteins), complete cds",3696,partial,,,,Peromyscus maniculatus,,"Chizhikov,V.E., Spiropoulou,C.F., Morzunov,S.P., Monroe,M.C., Peters,C.J., Nichol,S.T.",,,1,,1995-09-27,ssRNA(-)
L37904.1,GenBank,set:68c31d3af1cd1ce2c4f62138ffdc7e50f19fbcb0,,,,Orthohantavirus sinnombreense,Orthohantavirus sinnombreense,Orthohantavirus,Hantaviridae,,NM R11,,"Sin Nombre virus (NM R11) RNA S segment encoding nucleocapsid protein (N protein), complete cds",2060,partial,,,,Peromyscus maniculatus,,"Chizhikov,V.E., Spiropoulou,C.F., Morzunov,S.P., Monroe,M.C., Peters,C.J., Nichol,S.T.",,,1,,1995-09-27,ssRNA(-)
U09486.1,GenBank,set:ffb83feb4aeceffbcb0d8277a5cbef64eaee07b2,,,,Four Corners hantavirus,Orthohantavirus sinnombreense,Orthohantavirus,Hantaviridae,,,,"Four Corners hantavirus nucleocapsid protein mRNA, partial cds",194,partial,,,,Homo sapiens,,"Hjelle,B., Krolikowski,J., Torrez-Martinez,N., Chavez-Giles,F., Vanner,C., Laposata,E.","Brian Hjelle, University of New Mexico School of Medicine, Pathology, Albuquerque, NM 87131",USA,1,,1995-09-25,ssRNA(-)
U09487.1,GenBank,set:6f3b922c062014122a60c8430d986c351e0a632e,,,,Four Corners hantavirus,Orthohantavirus sinnombreense,Orthohantavirus,Hantaviridae,,,,"Four Corners hantavirus nucleocapsid protein mRNA, partial cds",194,partial,,,,Homo sapiens,,"Hjelle,B., Krolikowski,J., Torrez-Martinez,N., Chavez-Giles,F., Vanner,C., Laposata,E.","Brian Hjelle, University of New Mexico School of Medicine, Pathology, Albuquerque, NM 87131",USA,1,,1995-09-25,ssRNA(-)
U09488.1,GenBank,set:bae9a353d305657fc4c8e3a41095dfc3e3a728c2,,,,New York hantavirus,Orthohantavirus sinnombreense,Orthohantavirus,Hantaviridae,,,,"New York hantavirus nucleocapsid protein mRNA, partial cds",2078,partial,,,,Homo sapiens,,"Hjelle,B., Krolikowski,J., Torrez-Martinez,N., Chavez-Giles,F., Vanner,C., Laposata,E.","Brian Hjelle, University of New Mexico School of Medicine, Pathology, Albuquerque, NM 87131",USA,1,,1995-09-25,ssRNA(-)
U09489.1,GenBank,set:be4e9348c4181ca17167abc372cad558a62ebef0,,,,Four Corners hantavirus,Orthohantavirus sinnombreense,Orthohantavirus,Hantaviridae,,,,"Four Corners hantavirus nucleocapsid protein mRNA, partial cds",418,partial,,,,Homo sapiens,,"Hjelle,B., Krolikowski,J., Torrez-Martinez,N., Chavez-Giles,F., Vanner,C., Laposata,E.","Brian Hjelle, University of New Mexico School of Medicine, Pathology, Albuquerque, NM 87131",USA,1,,1995-09-25,ssRNA(-)
U33445.1,GenBank,set:99909c7ddd20f30330d9fc57899aab3457e81ec1,,,,Orthohantavirus sinnombreense,Orthohantavirus sinnombreense,Orthohantavirus,Hantaviridae,,,,"Sin Nombre hantavirus CA NE-H395, G2 glycoprotein, partial cds",139,partial,,,,,,"Rowe,J.E., St Jeor,S.C., Riolo,J., Otteson,E.W., Monroe,M.C., Henderson,W.W., Ksiazek,T.G., Rollin,P.E., Nichol,S.T.","Joan E. Rowe, Microbiology, University of Nevada, Fleischmann Ag. Bldg. MS200, Reno, NV 89557",USA,1,,1995-09-19,ssRNA(-)
U33219.1,GenBank,set:6e8b8b90cc3332a71b7b30b71d532d6c0ea4ba0a,,,,Orthohantavirus sinnombreense,Orthohantavirus sinnombreense,Orthohantavirus,Hantaviridae,,,,"Sin Nombre hantavirus CA BU-R608 G2 glycoprotein gene, partial cds",139,partial,,,,,,"Rowe,J.E., St Jeor,S.C., Riolo,J., Otteson,E.W., Monroe,M.C., Henderson,W.W., Ksiazek,T.G., Rollin,P.E., Nichol,S.T.","Joan E. Rowe, Microbiology, University of Nevada, Fleischmann Ag. Bldg. MS200, Reno, NV 89557",USA,1,,1995-09-17,ssRNA(-)
U33220.1,GenBank,set:6e8b8b90cc3332a71b7b30b71d532d6c0ea4ba0a,,,,Orthohantavirus sinnombreense,Orthohantavirus sinnombreense,Orthohantavirus,Hantaviridae,,,,"Sin Nombre hantavirus CA BU-R608 nucleocapsid protein gene, partial cds",169,partial,,,,,,"Rowe,J.E., St Jeor,S.C., Riolo,J., Otteson,E.W., Monroe,M.C., Henderson,W.W., Ksiazek,T.G., Rollin,P.E., Nichol,S.T.","Joan E. Rowe, Microbiology, University of Nevada, Fleischmann Ag. Bldg. MS200, Reno, NV 89557",USA,1,,1995-09-17,ssRNA(-)
U33221.1,GenBank,set:1318d5f4d2b17b38ddc7958f6b7d979e9704de2d,,,,Orthohantavirus sinnombreense,Orthohantavirus sinnombreense,Orthohantavirus,Hantaviridae,,,,"Sin Nombre hantavirus CA BU-R611 G2 glycoprotein gene, partial cds",139,partial,,,,,,"Rowe,J.E., St Jeor,S.C., Riolo,J., Otteson,E.W., Monroe,M.C., Henderson,W.W., Ksiazek,T.G., Rollin,P.E., Nichol,S.T.","Joan E. Rowe, Microbiology, University of Nevada, Fleischmann Ag. Bldg. MS200, Reno, NV 89557",USA,1,,1995-09-17,ssRNA(-)
U33222.1,GenBank,set:977b2a657eba373e480132ee718aef524a41ee78,,,,Orthohantavirus sinnombreense,Orthohantavirus sinnombreense,Orthohantavirus,Hantaviridae,,,,"Sin Nombre hantavirus CA BU-615 G2 glycoprotein gene, partial cds",139,partial,,,,,,"Rowe,J.E., St Jeor,S.C., Riolo,J., Otteson,E.W., Monroe,M.C., Henderson,W.W., Ksiazek,T.G., Rollin,P.E., Nichol,S.T.","Joan E. Rowe, Microbiology, University of Nevada, Fleischmann Ag. Bldg. MS200, Reno, NV 89557",USA,1,,1995-09-17,ssRNA(-)
U33223.1,GenBank,set:ee7a8b4979ea73738c1dc326bc5d3adc3b3cfe2f,,,,Orthohantavirus sinnombreense,Orthohantavirus sinnombreense,Orthohantavirus,Hantaviridae,,,,"Sin Nombre hantavirus CA BU-982 G2 glycoprotein gene, partial cds",139,partial,,,,,,"Rowe,J.E., St Jeor,S.C., Riolo,J., Otteson,E.W., Monroe,M.C., Henderson,W.W., Ksiazek,T.G., Rollin,P.E., Nichol,S.T.","Joan E. Rowe, Microbiology, University of Nevada, Fleischmann Ag. Bldg. MS200, Reno, NV 89557",USA,1,,1995-09-17,ssRNA(-)
U33224.1,GenBank,set:441c98dad1a969701542eaf3ba965a31a922a646,,,,Orthohantavirus sinnombreense,Orthohantavirus sinnombreense,Orthohantavirus,Hantaviridae,,,,"Sin Nombre hantavirus CA BU-R986 G2 glycoprotein gene, partial cds",139,partial,,,,,,"Rowe,J.E., St Jeor,S.C., Riolo,J., Otteson,E.W., Monroe,M.C., Henderson,W.W., Ksiazek,T.G., Rollin,P.E., Nichol,S.T.","Joan E. Rowe, Microbiology, University of Nevada, Fleischmann Ag. Bldg. MS200, Reno, NV 89557",USA,1,,1995-09-17,ssRNA(-)
U33227.1,GenBank,set:9297494c6e1d35fcb572b2e825b46a79bf130831,,,,Orthohantavirus sinnombreense,Orthohantavirus sinnombreense,Orthohantavirus,Hantaviridae,,,,"Sin Nombre hantavirus NV CC-R3 G2 glycoprotein gene, partial cds",139,partial,,,,,,"Rowe,J.E., St Jeor,S.C., Riolo,J., Otteson,E.W., Monroe,M.C., Henderson,W.W., Ksiazek,T.G., Rollin,P.E., Nichol,S.T.","Joan E. Rowe, Microbiology, University of Nevada, Fleischmann Ag. Bldg. MS200, Reno, NV 89557",USA,1,,1995-09-17,ssRNA(-)
U33228.1,GenBank,set:9297494c6e1d35fcb572b2e825b46a79bf130831,,,,Orthohantavirus sinnombreense,Orthohantavirus sinnombreense,Orthohantavirus,Hantaviridae,,,,"Sin Nombre hantavirus NV CC-R3 nucleocapsid protein gene, partial cds",169,partial,,,,,,"Rowe,J.E., St Jeor,S.C., Riolo,J., Otteson,E.W., Monroe,M.C., Henderson,W.W., Ksiazek,T.G., Rollin,P.E., Nichol,S.T.","Joan E. Rowe, Microbiology, University of Nevada, Fleischmann Ag. Bldg. MS200, Reno, NV 89557",USA,1,,1995-09-17,ssRNA(-)
U33229.1,GenBank,set:033678a93e14fc63359bc6b09eda388d6fb81677,,,,Orthohantavirus sinnombreense,Orthohantavirus sinnombreense,Orthohantavirus,Hantaviridae,,,,"Sin Nombre hantavirus NV CL-R304 G2 glycoprotein gene, partial cds",139,partial,,,,,,"Rowe,J.E., St Jeor,S.C., Riolo,J., Otteson,E.W., Monroe,M.C., Henderson,W.W., Ksiazek,T.G., Rollin,P.E., Nichol,S.T.","Joan E. Rowe, Microbiology, University of Nevada, Fleischmann Ag. Bldg. MS200, Reno, NV 89557",USA,1,,1995-09-17,ssRNA(-)
U33230.1,GenBank,set:c8b5cbb6ae3abcb7993420f679d909601a7af3c5,,,,Orthohantavirus sinnombreense,Orthohantavirus sinnombreense,Orthohantavirus,Hantaviridae,,,,"Sin Nombre hantavirus NV CL-R313 G2 glycoprotein gene, partial cds",139,partial,,,,,,"Rowe,J.E., St Jeor,S.C., Riolo,J., Otteson,E.W., Monroe,M.C., Henderson,W.W., Ksiazek,T.G., Rollin,P.E., Nichol,S.T.","Joan E. Rowe, Microbiology, University of Nevada, Fleischmann Ag. Bldg. MS200, Reno, NV 89557",USA,1,,1995-09-17,ssRNA(-)
U33231.1,GenBank,set:4bb207c05c8c4f37e362980a85e70031320fe30a,,,,Orthohantavirus sinnombreense,Orthohantavirus sinnombreense,Orthohantavirus,Hantaviridae,,,,"Sin Nombre hantavirus NV CL-R341 G2 glycoprotein gene, partial cds",139,partial,,,,,,"Rowe,J.E., St Jeor,S.C., Riolo,J., Otteson,E.W., Monroe,M.C., Henderson,W.W., Ksiazek,T.G., Rollin,P.E., Nichol,S.T.","Joan E. Rowe, Microbiology, University of Nevada, Fleischmann Ag. Bldg. MS200, Reno, NV 89557",USA,1,,1995-09-17,ssRNA(-)
U33232.1,GenBank,set:4bb207c05c8c4f37e362980a85e70031320fe30a,,,,Orthohantavirus sinnombreense,Orthohantavirus sinnombreense,Orthohantavirus,Hantaviridae,,,,"Sin Nombre hantavirus NV CL-R341 nucleocapsid protein gene, partial cds",169,partial,,,,,,"Rowe,J.E., St Jeor,S.C., Riolo,J., Otteson,E.W., Monroe,M.C., Henderson,W.W., Ksiazek,T.G., Rollin,P.E., Nichol,S.T.","Joan E. Rowe, Microbiology, University of Nevada, Fleischmann Ag. Bldg. MS200, Reno, NV 89557",USA,1,,1995-09-17,ssRNA(-)
U33233.1,GenBank,set:ee15c0e49f60259a122f64cbf4bab1de0d5daa4a,,,,Orthohantavirus sinnombreense,Orthohantavirus sinnombreense,Orthohantavirus,Hantaviridae,,,,"Sin Nombre hantavirus NV CL-H894 G2 glycoprotein gene, partial cds",139,partial,,,,,,"Rowe,J.E., St Jeor,S.C., Riolo,J., Otteson,E.W., Monroe,M.C., Henderson,W.W., Ksiazek,T.G., Rollin,P.E., Nichol,S.T.","Joan E. Rowe, Microbiology, University of Nevada, Fleischmann Ag. Bldg. MS200, Reno, NV 89557",USA,1,,1995-09-17,ssRNA(-)
U33234.1,GenBank,set:e686bc02d7933e824be2ea962a3c4a74c4a2b7cc,,,,Orthohantavirus sinnombreense,Orthohantavirus sinnombreense,Orthohantavirus,Hantaviridae,,,,"Sin Nombre hantavirus NV EU-R451 G2 glycoprotein gene, partial cds",139,partial,,,,,,"Rowe,J.E., St Jeor,S.C., Riolo,J., Otteson,E.W., Monroe,M.C., Henderson,W.W., Ksiazek,T.G., Rollin,P.E., Nichol,S.T.","Joan E. Rowe, Microbiology, University of Nevada, Fleischmann Ag. Bldg. MS200, Reno, NV 89557",USA,1,,1995-09-17,ssRNA(-)
U33235.1,GenBank,set:e686bc02d7933e824be2ea962a3c4a74c4a2b7cc,,,,Orthohantavirus sinnombreense,Orthohantavirus sinnombreense,Orthohantavirus,Hantaviridae,,,,"Sin Nombre hantavirus NV EU-R451 nucleocapsid protein gene, partial cds",169,partial,,,,,,"Rowe,J.E., St Jeor,S.C., Riolo,J., Otteson,E.W., Monroe,M.C., Henderson,W.W., Ksiazek,T.G., Rollin,P.E., Nichol,S.T.","Joan E. Rowe, Microbiology, University of Nevada, Fleischmann Ag. Bldg. MS200, Reno, NV 89557",USA,1,,1995-09-17,ssRNA(-)
U33236.1,GenBank,set:a0e8bce40967d4c63858f0618ffcf96f01ca2951,,,,Orthohantavirus sinnombreense,Orthohantavirus sinnombreense,Orthohantavirus,Hantaviridae,,,,"Sin Nombre hantavirus NV EU-R578 G2 glycoprotein gene, partial cds",139,partial,,,,,,"Rowe,J.E., St Jeor,S.C., Riolo,J., Otteson,E.W., Monroe,M.C., Henderson,W.W., Ksiazek,T.G., Rollin,P.E., Nichol,S.T.","Joan E. Rowe, Microbiology, University of Nevada, Fleischmann Ag. Bldg. MS200, Reno, NV 89557",USA,1,,1995-09-17,ssRNA(-)
U33237.1,GenBank,set:a0e8bce40967d4c63858f0618ffcf96f01ca2951,,,,Orthohantavirus sinnombreense,Orthohantavirus sinnombreense,Orthohantavirus,Hantaviridae,,,,"Sin Nombre hantavirus NV EU-R578 nucleocapsid protein gene, partial cds",169,partial,,,,,,"Rowe,J.E., St Jeor,S.C., Riolo,J., Otteson,E.W., Monroe,M.C., Henderson,W.W., Ksiazek,T.G., Rollin,P.E., Nichol,S.T.","Joan E. Rowe, Microbiology, University of Nevada, Fleischmann Ag. Bldg. MS200, Reno, NV 89557",USA,1,,1995-09-17,ssRNA(-)
U33238.1,GenBank,set:4fe07c711cef7437133dfc0f54d3469dcd9d81f9,,,,Orthohantavirus sinnombreense,Orthohantavirus sinnombreense,Orthohantavirus,Hantaviridae,,,,"Sin Nombre hantavirus NV HU-954 G2 glycoprotein gene, partial cds",139,partial,,,,,,"Rowe,J.E., St Jeor,S.C., Riolo,J., Otteson,E.W., Monroe,M.C., Henderson,W.W., Ksiazek,T.G., Rollin,P.E., Nichol,S.T.","Joan E. Rowe, Microbiology, University of Nevada, Fleischmann Ag. Bldg. MS200, Reno, NV 89557",USA,1,,1995-09-17,ssRNA(-)
U33239.1,GenBank,set:0b2dd42c3eea8f2ea695e887be80d13fa9c4ea6a,,,,Orthohantavirus sinnombreense,Orthohantavirus sinnombreense,Orthohantavirus,Hantaviridae,,,,"Sin Nombre hantavirus NV LY-R2302 G2 glycoprotein gene, partial cds",139,partial,,,,,,"Rowe,J.E., St Jeor,S.C., Riolo,J., Otteson,E.W., Monroe,M.C., Henderson,W.W., Ksiazek,T.G., Rollin,P.E., Nichol,S.T.","Joan E. Rowe, Microbiology, University of Nevada, Fleischmann Ag. Bldg. MS200, Reno, NV 89557",USA,1,,1995-09-17,ssRNA(-)
U33242.1,GenBank,set:9699fb6bbd754a66f048adc374250935efb6a49a,,,,Orthohantavirus sinnombreense,Orthohantavirus sinnombreense,Orthohantavirus,Hantaviridae,,,,"Sin Nombre hantavirus NV LY-R792 G2 glycoprotein gene, partial cds",139,partial,,,,,,"Rowe,J.E., St Jeor,S.C., Riolo,J., Otteson,E.W., Monroe,M.C., Henderson,W.W., Ksiazek,T.G., Rollin,P.E., Nichol,S.T.","Joan E. Rowe, Microbiology, University of Nevada, Fleischmann Ag. Bldg. MS200, Reno, NV 89557",USA,1,,1995-09-17,ssRNA(-)
U33243.1,GenBank,set:9699fb6bbd754a66f048adc374250935efb6a49a,,,,Orthohantavirus sinnombreense,Orthohantavirus sinnombreense,Orthohantavirus,Hantaviridae,,,,"Sin Nombre hantavirus NV LY-R792 nucleocapsid protein gene, partial cds",169,partial,,,,,,"Rowe,J.E., St Jeor,S.C., Riolo,J., Otteson,E.W., Monroe,M.C., Henderson,W.W., Ksiazek,T.G., Rollin,P.E., Nichol,S.T.","Joan E. Rowe, Microbiology, University of Nevada, Fleischmann Ag. Bldg. MS200, Reno, NV 89557",USA,1,,1995-09-17,ssRNA(-)
U33244.1,GenBank,set:26c422d15af99377097692516faf80c910d2dcc1,,,,Orthohantavirus sinnombreense,Orthohantavirus sinnombreense,Orthohantavirus,Hantaviridae,,,,"Sin Nombre hantavirus CA MO-H295 G2 glycoprotein gene, partial cds",139,partial,,,,,,"Rowe,J.E., St Jeor,S.C., Riolo,J., Otteson,E.W., Monroe,M.C., Henderson,W.W., Ksiazek,T.G., Rollin,P.E., Nichol,S.T.","Joan E. Rowe, Microbiology, University of Nevada, Fleischmann Ag. Bldg. MS200, Reno, NV 89557",USA,1,,1995-09-17,ssRNA(-)
U33257.1,GenBank,set:d32967453adfc55a99126e62a9a3a29505b40427,,,,Orthohantavirus sinnombreense,Orthohantavirus sinnombreense,Orthohantavirus,Hantaviridae,,,,"Sin Nombre hantavirus NV WA-R1671 G2 glycoprotein gene, partial cds",139,partial,,,,,,"Rowe,J.E., St Jeor,S.C., Riolo,J., Otteson,E.W., Monroe,M.C., Henderson,W.W., Ksiazek,T.G., Rollin,P.E., Nichol,S.T.","Joan E. Rowe, Microbiology, University of Nevada, Fleischmann Ag. Bldg. MS200, Reno, NV 89557",USA,1,,1995-09-17,ssRNA(-)
U33258.1,GenBank,set:010ff61f97dfe79f4d5cfadf9d5e71bcda86279e,,,,Orthohantavirus sinnombreense,Orthohantavirus sinnombreense,Orthohantavirus,Hantaviridae,,,,"Sin Nombre hantavirus NV WA-R199 G2 glycoprotein gene, partial cds",139,partial,,,,,,"Rowe,J.E., St Jeor,S.C., Riolo,J., Otteson,E.W., Monroe,M.C., Henderson,W.W., Ksiazek,T.G., Rollin,P.E., Nichol,S.T.","Joan E. Rowe, Microbiology, University of Nevada, Fleischmann Ag. Bldg. MS200, Reno, NV 89557",USA,1,,1995-09-17,ssRNA(-)
U33259.1,GenBank,set:010ff61f97dfe79f4d5cfadf9d5e71bcda86279e,,,,Orthohantavirus sinnombreense,Orthohantavirus sinnombreense,Orthohantavirus,Hantaviridae,,,,"Sin Nombre hantavirus NV WA-R199 nucleocapsid protein gene, partial cds",169,partial,,,,,,"Rowe,J.E., St Jeor,S.C., Riolo,J., Otteson,E.W., Monroe,M.C., Henderson,W.W., Ksiazek,T.G., Rollin,P.E., Nichol,S.T.","Joan E. Rowe, Microbiology, University of Nevada, Fleischmann Ag. Bldg. MS200, Reno, NV 89557",USA,1,,1995-09-17,ssRNA(-)
U33262.1,GenBank,set:260f5c0701ad5cadfbf59e08e0adb1a17261a979,,,,Orthohantavirus sinnombreense,Orthohantavirus sinnombreense,Orthohantavirus,Hantaviridae,,,,"Sin Nombre hantavirus NV WA-R211 G2 glycoprotein gene, partial cds",139,partial,,,,,,"Rowe,J.E., St Jeor,S.C., Riolo,J., Otteson,E.W., Monroe,M.C., Henderson,W.W., Ksiazek,T.G., Rollin,P.E., Nichol,S.T.","Joan E. Rowe, Microbiology, University of Nevada, Fleischmann Ag. Bldg. MS200, Reno, NV 89557",USA,1,,1995-09-17,ssRNA(-)
U33263.1,GenBank,set:260f5c0701ad5cadfbf59e08e0adb1a17261a979,,,,Orthohantavirus sinnombreense,Orthohantavirus sinnombreense,Orthohantavirus,Hantaviridae,,,,"Sin Nombre hantavirus NV WA-R211 nucleocapsid protein gene, partial cds",169,partial,,,,,,"Rowe,J.E., St Jeor,S.C., Riolo,J., Otteson,E.W., Monroe,M.C., Henderson,W.W., Ksiazek,T.G., Rollin,P.E., Nichol,S.T.","Joan E. Rowe, Microbiology, University of Nevada, Fleischmann Ag. Bldg. MS200, Reno, NV 89557",USA,1,,1995-09-17,ssRNA(-)
U33264.1,GenBank,set:4416e55cf9808563bb28376b040b3d97e34570fe,,,,Orthohantavirus sinnombreense,Orthohantavirus sinnombreense,Orthohantavirus,Hantaviridae,,,,"Sin Nombre hantavirus NV WA-H194 G2 glycoprotein gene, partial cds",139,partial,,,,,,"Rowe,J.E., St Jeor,S.C., Riolo,J., Otteson,E.W., Monroe,M.C., Henderson,W.W., Ksiazek,T.G., Rollin,P.E., Nichol,S.T.","Joan E. Rowe, Microbiology, University of Nevada, Fleischmann Ag. Bldg. MS200, Reno, NV 89557",USA,1,,1995-09-17,ssRNA(-)
U18098.1,GenBank,set:9f5b631137972bf11b7439cf64023ce3774ffbba,,,,Four Corners hantavirus,Orthohantavirus sinnombreense,Orthohantavirus,Hantaviridae,,,,"Four Corners hantavirus RM-Mex-1 nucleocapsid protein gene, partial cds",491,partial,,,,Reithrodontomys megalotis,,"Hjelle,B., Anderson,B., Torrez-Martinez,N., Song,W., Gannon,W.L., Yates,T.L.","Brian Hjelle, University of New Mexico School of Medicine, Pathology, Albuquerque, NM 87131-5301",USA,1,,1995-04-05,ssRNA(-)
U10889.1,GenBank,set:dc657e0cd588230eea5546ab8d2c945c6d2537b1,,,,Four Corners hantavirus,Orthohantavirus sinnombreense,Orthohantavirus,Hantaviridae,,Sweetwater Canyon 1,,"Four Corners hantavirus Sweetwater Canyon 1 G2 transmembrane glycoprotein gene, partial cds",935,partial,,,,Peromyscus maniculatus,,"Nerurkar,V.R., Song,J.W., Song,K.J., Nagle,J.W., Hjelle,B., Jenison,S., Yanagihara,R.","Richard Yanagihara, Bldg. 36, Rm. 5B-21, National Institutes of Health, 9000 Rockville Pike, Bethesda, MD 20892",USA,1,,1994-12-31,ssRNA(-)
U10890.1,GenBank,set:dc657e0cd588230eea5546ab8d2c945c6d2537b1,,,,Four Corners hantavirus,Orthohantavirus sinnombreense,Orthohantavirus,Hantaviridae,,Sweetwater Canyon 1,,"Four Corners hantavirus Sweetwater Canyon 1 nucleocapsid protein gene, partial cds",550,partial,,,,Peromyscus maniculatus,,"Nerurkar,V.R., Song,J.W., Song,K.J., Nagle,J.W., Hjelle,B., Jenison,S., Yanagihara,R.","Richard Yanagihara, Bldg. 36, Rm. 5B-21, National Institutes of Health, 9000 Rockville Pike, Bethesda, MD 20892",USA,1,,1994-12-31,ssRNA(-)
U10891.1,GenBank,set:1dea6e9fd6656900f4eda09dda1f90ef15e068a3,,,,Four Corners hantavirus,Orthohantavirus sinnombreense,Orthohantavirus,Hantaviridae,,8577,,"Four Corners hantavirus 8577 nucleocapsid protein gene, partial cds",550,partial,,,,Homo sapiens,,"Nerurkar,V.R., Song,J.W., Song,K.J., Nagle,J.W., Hjelle,B., Jenison,S., Yanagihara,R.","Richard Yanagihara, Bldg. 36, Rm. 5B-21, National Institutes of Health, 9000 Rockville Pike, Bethesda, MD 20892",USA,1,,1994-12-31,ssRNA(-)
L33474.1,GenBank,set:d8945cbb03952f8dffa0547aa5a08fafd30c67a6,,,,Convict Creek 107 virus,Orthohantavirus sinnombreense,Orthohantavirus,Hantaviridae,,Convict Creek 107,,Pulmonary syndrome hantavirus (Convict Creek 107) M segment RNA,3696,partial,,,,,,"Schmaljohn,A.L., Li,D., Negley,D.L., Bressler,D.S., Turell,M.J., Korch,G.W., Ascher,M.S., Schmaljohn,C.S.",,,1,,1994-10-08,ssRNA(-)
L33683.1,GenBank,set:d8945cbb03952f8dffa0547aa5a08fafd30c67a6,,,,Convict Creek 107 virus,Orthohantavirus sinnombreense,Orthohantavirus,Hantaviridae,,Convict Creek 107,,Pulmonary syndrome hantavirus (Convict Creek 107) S RNA segment,2083,partial,,,,,,"Schmaljohn,A.L., Li,D., Negley,D.L., Bressler,D.S., Turell,M.J., Korch,G.W., Ascher,M.S., Schmaljohn,C.S.",,,1,,1994-10-08,ssRNA(-)
L33684.1,GenBank,set:98b4587ec6da8cb7530db61233196a1e038fc319,,,,Convict Creek 107 virus,Orthohantavirus sinnombreense,Orthohantavirus,Hantaviridae,,Convict Creek 74,,Pulmonary syndrome hantavirus (Convict Creek 74) M segment RNA,3696,partial,,,,,,"Schmaljohn,A.L., Li,D., Negley,D.L., Bressler,D.S., Turell,M.J., Korch,G.W., Ascher,M.S., Schmaljohn,C.S.",,,1,,1994-10-08,ssRNA(-)
L33816.1,GenBank,set:98b4587ec6da8cb7530db61233196a1e038fc319,,,,Convict Creek 107 virus,Orthohantavirus sinnombreense,Orthohantavirus,Hantaviridae,,Convict Creek 74,,Pulmonary syndrome hantavirus (Convict Creek 74) S segment RNA,2047,partial,,,,,,"Schmaljohn,A.L., Li,D., Negley,D.L., Bressler,D.S., Turell,M.J., Korch,G.W., Ascher,M.S., Schmaljohn,C.S.",,,1,,1994-10-08,ssRNA(-)
L35008.1,GenBank,set:L35008,,,,Convict Creek 107 virus,Orthohantavirus sinnombreense,Orthohantavirus,Hantaviridae,,,L,"Convict Creek 107 virus L segment, partial sequence",620,partial,,,,,,"Li,D., Schmaljohn,A.L., Anderson,K., Schmaljohn,C.S.",,,1,,1994-10-08,ssRNA(-)
L35009.1,GenBank,set:78abbfe5fbf0a3f764bbc563f81117581005835c,,,,Convict Creek 107 virus,Orthohantavirus sinnombreense,Orthohantavirus,Hantaviridae,,Convict Creek 74,L,Pulmonary syndrome hantavirus (Convict Creek 74) L segment RNA,418,partial,,,,,,"Li,D., Schmaljohn,A.L., Anderson,K., Schmaljohn,C.S.",,,1,,1994-10-08,ssRNA(-)
U11431.1,GenBank,set:64418ce23020aeb2e7f53942b659228581b89e07,,,,Four Corners hantavirus,Orthohantavirus sinnombreense,Orthohantavirus,Hantaviridae,,PMNK-55,,"Four Corners hantavirus isolate PMNK-55 nucleocapsid protein gene, partial cds",418,partial,,,,Peromyscus maniculatus,,"Hjelle,B., Chavez-Giles,F., Torrez-Martinez,N., Yates,T., Sarisky,J., Webb,J., Ascher,M.","Brian Hjelle, Pathology, University of New Mexico, Albuquerque, NM 87131",USA,1,,1994-09-24,ssRNA(-)
U11432.1,GenBank,set:27f655e8dd1411f6601826db7b6ebcf994f135d4,,,,Four Corners hantavirus,Orthohantavirus sinnombreense,Orthohantavirus,Hantaviridae,,PTNK-43,,"Four Corners hantavirus isolate PTNK-43 nucleocapsid protein gene, partial cds",418,partial,,,,Peromyscus truei,,"Hjelle,B., Chavez-Giles,F., Torrez-Martinez,N., Yates,T., Sarisky,J., Webb,J., Ascher,M.","Brian Hjelle, Pathology, University of New Mexico, Albuquerque, NM 87131",USA,1,,1994-09-24,ssRNA(-)
U11433.1,GenBank,set:535577c55920d62179cd1c0291ff0a8a53fe0f21,,,,Four Corners hantavirus,Orthohantavirus sinnombreense,Orthohantavirus,Hantaviridae,,H-AZ-A,,"Four Corners hantavirus isolate H-AZ-A nucleocapsid protein gene, partial cds",418,partial,,,,Homo sapiens,,"Hjelle,B., Chavez-Giles,F., Torrez-Martinez,N., Yates,T., Sarisky,J., Webb,J., Ascher,M.","Brian Hjelle, Pathology, University of New Mexico, Albuquerque, NM 87131",USA,1,,1994-09-24,ssRNA(-)
U11434.1,GenBank,set:e29c69f3d2ec8c90b1915c8bda463dd0b12c005c,,,,Four Corners hantavirus,Orthohantavirus sinnombreense,Orthohantavirus,Hantaviridae,,PTNK-56,,"Four Corners hantavirus isolate PTNK-56 nucleocapsid protein gene, partial cds",418,partial,,,,Peromyscus truei,,"Hjelle,B., Chavez-Giles,F., Torrez-Martinez,N., Yates,T., Sarisky,J., Webb,J., Ascher,M.","Brian Hjelle, Pathology, University of New Mexico, Albuquerque, NM 87131",USA,1,,1994-09-24,ssRNA(-)
U11435.1,GenBank,set:2c640bb0dc4d9807dd39802192c3e396a8b6e2cd,,,,Four Corners hantavirus,Orthohantavirus sinnombreense,Orthohantavirus,Hantaviridae,,PL-1153,,"Four Corners hantavirus isolate PL-1153 nucleocapsid protein gene, partial cds",418,partial,,,,Peromyscus leucopus,,"Hjelle,B., Chavez-Giles,F., Torrez-Martinez,N., Yates,T., Sarisky,J., Webb,J., Ascher,M.","Brian Hjelle, Pathology, University of New Mexico, Albuquerque, NM 87131",USA,1,,1994-09-24,ssRNA(-)
U11436.1,GenBank,set:4761ec9c23e5a295c9289be96b20c878151c3eb0,,,,Four Corners hantavirus,Orthohantavirus sinnombreense,Orthohantavirus,Hantaviridae,,PM-222,,"Four Corners hantavirus isolate PM-222 nucleocapsid protein gene, partial cds",418,partial,,,,Peromyscus maniculatus,,"Hjelle,B., Chavez-Giles,F., Torrez-Martinez,N., Yates,T., Sarisky,J., Webb,J., Ascher,M.","Brian Hjelle, Pathology, University of New Mexico, Albuquerque, NM 87131",USA,1,,1994-09-24,ssRNA(-)
L27759.1,GenBank,set:c71704d344a6b3ecf28559af1cf0746feef85f61,,,,Orthohantavirus sinnombreense,Orthohantavirus sinnombreense,Orthohantavirus,Hantaviridae,,AZ H11,,"Sin Nombre virus (AZ H11) G2 protein gene, partial cds",139,partial,,,,,,"Spiropoulou,C.F., Morzunov,S., Feldmann,H., Sanchez,A., Peters,C.J., Nichol,S.T.",,,1,,1994-02-18,ssRNA(-)
L27763.1,GenBank,set:454c561454adb3c1b05b99c64ea335016765a558,,,,Orthohantavirus sinnombreense,Orthohantavirus sinnombreense,Orthohantavirus,Hantaviridae,,AZ H18,,"Sin Nombre virus (AZ H18) G2 protein gene, partial cds",139,partial,,,,,,"Spiropoulou,C.F., Morzunov,S., Feldmann,H., Sanchez,A., Peters,C.J., Nichol,S.T.",,,1,,1994-02-18,ssRNA(-)
L27764.1,GenBank,set:388185a4aff7c30e1eec820a4ca488c202621dd2,,,,Orthohantavirus sinnombreense,Orthohantavirus sinnombreense,Orthohantavirus,Hantaviridae,,AZ H3,,"Sin Nombre virus (AZ H3) G2 protein gene, partial cds",139,partial,,,,,,"Spiropoulou,C.F., Morzunov,S., Feldmann,H., Sanchez,A., Peters,C.J., Nichol,S.T.",,,1,,1994-02-18,ssRNA(-)
L27765.1,GenBank,set:5944ec5c9fa45cb93309951055163ec1a3496e3f,,,,Orthohantavirus sinnombreense,Orthohantavirus sinnombreense,Orthohantavirus,Hantaviridae,,AZ R14/R19,,"Sin Nombre virus (AZ R14 and AZ R19) G2 protein gene, partial cds",139,partial,,,,,,"Spiropoulou,C.F., Morzunov,S., Feldmann,H., Sanchez,A., Peters,C.J., Nichol,S.T.",,,1,,1994-02-18,ssRNA(-)
L27766.1,GenBank,set:571c4de12f8eeeb3366fd277e554635040f417bf,,,,Orthohantavirus sinnombreense,Orthohantavirus sinnombreense,Orthohantavirus,Hantaviridae,,AZ R20,,"Sin Nombre virus (AZ R20) G2 protein gene, partial cds",139,partial,,,,,,"Spiropoulou,C.F., Morzunov,S., Feldmann,H., Sanchez,A., Peters,C.J., Nichol,S.T.",,,1,,1994-02-18,ssRNA(-)
L27773.1,GenBank,set:c71781bee86ae23b1495e03a6646a59ec2443ef0,,,,Orthohantavirus sinnombreense,Orthohantavirus sinnombreense,Orthohantavirus,Hantaviridae,,CO H6,,"Sin Nombre virus (CO H6) G2 protein gene, partial cds",139,partial,,,,,,"Spiropoulou,C.F., Morzunov,S., Feldmann,H., Sanchez,A., Peters,C.J., Nichol,S.T.",,,1,,1994-02-18,ssRNA(-)
L27774.1,GenBank,set:5714d91bd063bf0b9b07a9ce9aec41e96759a055,,,,Orthohantavirus sinnombreense,Orthohantavirus sinnombreense,Orthohantavirus,Hantaviridae,,CO H7,,"Sin Nombre virus (CO H7) G2 protein gene, partial cds",139,partial,,,,,,"Spiropoulou,C.F., Morzunov,S., Feldmann,H., Sanchez,A., Peters,C.J., Nichol,S.T.",,,1,,1994-02-18,ssRNA(-)
L27775.1,GenBank,set:da0a1fb64a814be8410eff24654c0dd9946c0e83,,,,Orthohantavirus sinnombreense,Orthohantavirus sinnombreense,Orthohantavirus,Hantaviridae,,CO R3,,"Sin Nombre virus (CO R3) G2 protein gene, partial cds",139,partial,,,,,,"Spiropoulou,C.F., Morzunov,S., Feldmann,H., Sanchez,A., Peters,C.J., Nichol,S.T.",,,1,,1994-02-18,ssRNA(-)
L27781.1,GenBank,set:88a3d322f2af4567d87ecbc66b69ee19f4c7dea8,,,,Orthohantavirus sinnombreense,Orthohantavirus sinnombreense,Orthohantavirus,Hantaviridae,,NM H14,,"Sin Nombre virus (NM H14) G2 protein gene, partial cds",139,partial,,,,,,"Spiropoulou,C.F., Morzunov,S., Feldmann,H., Sanchez,A., Peters,C.J., Nichol,S.T.",,,1,,1994-02-18,ssRNA(-)
L27782.1,GenBank,set:ae133f27d2d74e1ff992ec91b7cfc81435ca175d,,,,Orthohantavirus sinnombreense,Orthohantavirus sinnombreense,Orthohantavirus,Hantaviridae,,NM H2/R16,,"Sin Nombre virus (NM H2 and NM R16) G2 protein gene, partial cds",139,partial,,,,,,"Spiropoulou,C.F., Morzunov,S., Feldmann,H., Sanchez,A., Peters,C.J., Nichol,S.T.",,,1,,1994-02-18,ssRNA(-)
L27783.1,GenBank,set:28e85e5f383ec36dc6f1c1a775de16bf3935791a,,,,Orthohantavirus sinnombreense,Orthohantavirus sinnombreense,Orthohantavirus,Hantaviridae,,NM H8/R8/R9/R10,,"Sin Nombre virus (NM H8, NM R8, NM R9 and NM R10) G2 protein gene, partial cds",139,partial,,,,,,"Spiropoulou,C.F., Morzunov,S., Feldmann,H., Sanchez,A., Peters,C.J., Nichol,S.T.",,,1,,1994-02-18,ssRNA(-)
L27791.1,GenBank,set:6e52737f216bfe8e40100019b6c34b3a102fd962,,,,Orthohantavirus sinnombreense,Orthohantavirus sinnombreense,Orthohantavirus,Hantaviridae,,NM R31/R32/R4 AZ R5/R6,,"Sin Nombre virus (NM R31, NM R32, NM R4, AZ R5 and AZ R6) G2 protein gene, partial cds",278,partial,,,,,,"Spiropoulou,C.F., Morzunov,S., Feldmann,H., Sanchez,A., Peters,C.J., Nichol,S.T.",,,1,,1994-02-18,ssRNA(-)
L27792.1,GenBank,set:0d467acb8bea32daa538bfb2605f703fffc180e1,,,,Orthohantavirus sinnombreense,Orthohantavirus sinnombreense,Orthohantavirus,Hantaviridae,,NM R33,,"Sin Nombre virus (NM R33) G2 protein gene, partial cds",139,partial,,,,,,"Spiropoulou,C.F., Morzunov,S., Feldmann,H., Sanchez,A., Peters,C.J., Nichol,S.T.",,,1,,1994-02-18,ssRNA(-)
L27760.1,GenBank,set:d72d8e3840542e115625e24f8bfc1040627842df,,,,Orthohantavirus sinnombreense,Orthohantavirus sinnombreense,Orthohantavirus,Hantaviridae,,AZ H15/R7,,"Sin Nombre virus (AZ H15 and AZ R7) G2 protein gene, partial cds",139,partial,,,,,,"Spiropoulou,C.F., Morzunov,S., Feldmann,H., Sanchez,A., Peters,C.J., Nichol,S.T.",,,1,,1994-01-28,ssRNA(-)
L27761.1,GenBank,set:041c07dabf5e2334f788901f0fb0b55cfd2bdde2,,,,Orthohantavirus sinnombreense,Orthohantavirus sinnombreense,Orthohantavirus,Hantaviridae,,AZ H16,,"Sin Nombre virus (AZ H16) G2 protein gene, partial cds",139,partial,,,,,,"Spiropoulou,C.F., Morzunov,S., Feldmann,H., Sanchez,A., Peters,C.J., Nichol,S.T.",,,1,,1994-01-28,ssRNA(-)
L27762.1,GenBank,set:16d5de29a705ba75d4c50037803cc063ca76a765,,,,Orthohantavirus sinnombreense,Orthohantavirus sinnombreense,Orthohantavirus,Hantaviridae,,AZ H17,,"Sin Nombre virus (AZ H17) G2 protein gene, partial cds",139,partial,,,,,,"Spiropoulou,C.F., Morzunov,S., Feldmann,H., Sanchez,A., Peters,C.J., Nichol,S.T.",,,1,,1994-01-28,ssRNA(-)
L27767.1,GenBank,set:12390b2ec87743a2696bcdc59993e0f793d9a901,,,,Orthohantavirus sinnombreense,Orthohantavirus sinnombreense,Orthohantavirus,Hantaviridae,,AZ R29,,"Sin Nombre virus (AZ R29) G2 protein gene, partial cds",139,partial,,,,,,"Spiropoulou,C.F., Morzunov,S., Feldmann,H., Sanchez,A., Peters,C.J., Nichol,S.T.",,,1,,1994-01-28,ssRNA(-)
L27768.1,GenBank,set:8c43a07b1e2688987cc22f56351a2055a55c06a8,,,,Orthohantavirus sinnombreense,Orthohantavirus sinnombreense,Orthohantavirus,Hantaviridae,,AZ R30,,"Sin Nombre virus (AZ R30) G2 protein gene, partial cds",139,partial,,,,,,"Spiropoulou,C.F., Morzunov,S., Feldmann,H., Sanchez,A., Peters,C.J., Nichol,S.T.",,,1,,1994-01-28,ssRNA(-)
L27769.1,GenBank,set:50ff2ff8bf7823a581074ebdce7c1dfeb68894a4,,,,Orthohantavirus sinnombreense,Orthohantavirus sinnombreense,Orthohantavirus,Hantaviridae,,CA H19,,"Sin Nombre virus (CA H19) G2 protein gene, partial cds",139,partial,,,,,,"Spiropoulou,C.F., Morzunov,S., Feldmann,H., Sanchez,A., Peters,C.J., Nichol,S.T.",,,1,,1994-01-28,ssRNA(-)
L27770.1,GenBank,set:8fb8ce421fdd1b4dffcfef885d7a4a92a87e2b7b,,,,Orthohantavirus sinnombreense,Orthohantavirus sinnombreense,Orthohantavirus,Hantaviridae,,CA R36,,"Sin Nombre virus (CA R36) G2 protein gene, partial cds",139,partial,,,,,,"Spiropoulou,C.F., Morzunov,S., Feldmann,H., Sanchez,A., Peters,C.J., Nichol,S.T.",,,1,,1994-01-28,ssRNA(-)
L27771.1,GenBank,set:683da224d791a2ab8cc2021702c183624349b544,,,,Orthohantavirus sinnombreense,Orthohantavirus sinnombreense,Orthohantavirus,Hantaviridae,,CO H4,,"Sin Nombre virus (CO H4) G2 protein gene, partial cds",139,partial,,,,,,"Spiropoulou,C.F., Morzunov,S., Feldmann,H., Sanchez,A., Peters,C.J., Nichol,S.T.",,,1,,1994-01-28,ssRNA(-)
L27772.1,GenBank,set:a116113f5039145140f8f6e53e024ef27b3db463,,,,Orthohantavirus sinnombreense,Orthohantavirus sinnombreense,Orthohantavirus,Hantaviridae,,CO H5/R2/R1,,"Sin Nombre virus (CO H5, CO R2 and CO R1) G2 protein gene, partial cds",139,partial,,,,,,"Spiropoulou,C.F., Morzunov,S., Feldmann,H., Sanchez,A., Peters,C.J., Nichol,S.T.",,,1,,1994-01-28,ssRNA(-)
L27776.1,GenBank,set:9e69528fbfb122071d15b91d902cf589f558dcea,,,,Orthohantavirus sinnombreense,Orthohantavirus sinnombreense,Orthohantavirus,Hantaviridae,,MT H20,,"Sin Nombre virus (MT H20) G2 protein gene, partial cds",139,partial,,,,,,"Spiropoulou,C.F., Morzunov,S., Feldmann,H., Sanchez,A., Peters,C.J., Nichol,S.T.",,,1,,1994-01-28,ssRNA(-)
L27777.1,GenBank,set:b226096a3fce5af30b68c727512a837bd1e8d21a,,,,Orthohantavirus sinnombreense,Orthohantavirus sinnombreense,Orthohantavirus,Hantaviridae,,ND H21,,"Sin Nombre virus (ND H21) G2 protein gene, partial cds",139,partial,,,,,,"Spiropoulou,C.F., Morzunov,S., Feldmann,H., Sanchez,A., Peters,C.J., Nichol,S.T.",,,1,,1994-01-28,ssRNA(-)
L27778.1,GenBank,set:36044457faa5850334d79355447623ab377405ca,,,,Orthohantavirus sinnombreense,Orthohantavirus sinnombreense,Orthohantavirus,Hantaviridae,,NM H1/R15,,"Sin Nombre hantavirus (NM H1 and NM R15) G2 protein gene, partial cds",139,partial,,,,,,"Spiropoulou,C.F., Morzunov,S., Feldmann,H., Sanchez,A., Peters,C.J., Nichol,S.T.","Stuart T. Nichol, Division of Viral Diseases, U.S. Centers for Disease Control, 1600 Clifton Road, NE, Atlanta, GA 30333",USA,1,,1994-01-28,ssRNA(-)
L27779.1,GenBank,set:5fe362d3a776dca2df81a07bdddc1e86b13560e0,,,,Orthohantavirus sinnombreense,Orthohantavirus sinnombreense,Orthohantavirus,Hantaviridae,,NM H10/R11/R12,,"Sin Nombre virus (NM H10, NM R11 and NM R12) G2 protein gene, partial cds",139,partial,,,,,,"Spiropoulou,C.F., Morzunov,S., Feldmann,H., Sanchez,A., Peters,C.J., Nichol,S.T.",,,1,,1994-01-28,ssRNA(-)
L27780.1,GenBank,set:979877c226f544a7ece8575d63e13ac85fa4a8e1,,,,Orthohantavirus sinnombreense,Orthohantavirus sinnombreense,Orthohantavirus,Hantaviridae,,NM H12/H13/R27/R28,,"Sin Nombre virus (NM H12, NM H13, NM R27 and NM R28) G2 protein gene, partial cds",139,partial,,,,,,"Spiropoulou,C.F., Morzunov,S., Feldmann,H., Sanchez,A., Peters,C.J., Nichol,S.T.",,,1,,1994-01-28,ssRNA(-)
L27784.1,GenBank,set:4775af0aeca15fc5949f880c2875928c67e2a946,,,,Orthohantavirus sinnombreense,Orthohantavirus sinnombreense,Orthohantavirus,Hantaviridae,,NM H9/R26,,"Sin Nombre virus (NM H9 and NM R26) G2 protein gene, partial cds",139,partial,,,,,,"Spiropoulou,C.F., Morzunov,S., Feldmann,H., Sanchez,A., Peters,C.J., Nichol,S.T.",,,1,,1994-01-28,ssRNA(-)
L27785.1,GenBank,set:eeaa0f3f8d77a4d0aa5dfdab6b7759feaa87c29b,,,,Orthohantavirus sinnombreense,Orthohantavirus sinnombreense,Orthohantavirus,Hantaviridae,,NM R13,,"Sin Nombre virus (NM R13) G2 protein gene, partial cds",139,partial,,,,,,"Spiropoulou,C.F., Morzunov,S., Feldmann,H., Sanchez,A., Peters,C.J., Nichol,S.T.",,,1,,1994-01-28,ssRNA(-)
L27786.1,GenBank,set:037c7e4ba53519a063ecd0f3a28bc0275e814e98,,,,Orthohantavirus sinnombreense,Orthohantavirus sinnombreense,Orthohantavirus,Hantaviridae,,NM R17,,"Sin Nombre virus (NM R17) G2 protein gene, partial cds",139,partial,,,,,,"Spiropoulou,C.F., Morzunov,S., Feldmann,H., Sanchez,A., Peters,C.J., Nichol,S.T.",,,1,,1994-01-28,ssRNA(-)
L27787.1,GenBank,set:e0e111ac33fd3bcab8e58fe55eff3b38674f9bd2,,,,Orthohantavirus sinnombreense,Orthohantavirus sinnombreense,Orthohantavirus,Hantaviridae,,NM R18,,"Sin Nombre virus (NM R18) G2 protein gene, partial cds",139,partial,,,,,,"Spiropoulou,C.F., Morzunov,S., Feldmann,H., Sanchez,A., Peters,C.J., Nichol,S.T.",,,1,,1994-01-28,ssRNA(-)
L27788.1,GenBank,set:91efde62bca31d213dab89e1a243ef1e6d77d518,,,,Orthohantavirus sinnombreense,Orthohantavirus sinnombreense,Orthohantavirus,Hantaviridae,,NM R21/R22,,"Sin Nombre virus (NM R21 and NM R22) G2 protein gene, partial cds",139,partial,,,,,,"Spiropoulou,C.F., Morzunov,S., Feldmann,H., Sanchez,A., Peters,C.J., Nichol,S.T.",,,1,,1994-01-28,ssRNA(-)
L27789.1,GenBank,set:2bd2e8f21034821be5c2471ed30209df213a1dab,,,,Orthohantavirus sinnombreense,Orthohantavirus sinnombreense,Orthohantavirus,Hantaviridae,,NM R23,,"Sin Nombre virus (NM R23) G2 protein gene, partial cds",139,partial,,,,,,"Spiropoulou,C.F., Morzunov,S., Feldmann,H., Sanchez,A., Peters,C.J., Nichol,S.T.",,,1,,1994-01-28,ssRNA(-)
L27790.1,GenBank,set:a68512c5b210f05c04cf4f3f12f2500f6d251d16,,,,Orthohantavirus sinnombreense,Orthohantavirus sinnombreense,Orthohantavirus,Hantaviridae,,NM R24/R25,,"Sin Nombre virus (NM R24 and NM R25) G2 protein gene, partial cds",139,partial,,,,,,"Spiropoulou,C.F., Morzunov,S., Feldmann,H., Sanchez,A., Peters,C.J., Nichol,S.T.",,,1,,1994-01-28,ssRNA(-)
L27793.1,GenBank,set:2be8d1f18c4a385f75104f900343747d1e657361,,,,Orthohantavirus sinnombreense,Orthohantavirus sinnombreense,Orthohantavirus,Hantaviridae,,NM R34,,"Sin Nombre virus (NM R34) G2 protein gene, partial cds",139,partial,,,,,,"Spiropoulou,C.F., Morzunov,S., Feldmann,H., Sanchez,A., Peters,C.J., Nichol,S.T.",,,1,,1994-01-28,ssRNA(-)
L27794.1,GenBank,set:ec808e20be2eb81597a311dbc886e9137395d785,,,,Orthohantavirus sinnombreense,Orthohantavirus sinnombreense,Orthohantavirus,Hantaviridae,,NM R35,,"Sin Nombre virus (NM R35) G2 protein gene, partial cds",139,partial,,,,,,"Spiropoulou,C.F., Morzunov,S., Feldmann,H., Sanchez,A., Peters,C.J., Nichol,S.T.",,,1,,1994-01-28,ssRNA(-)
L27795.1,GenBank,set:383684c9c40f25a25c8dfdcaf8f382a7cee41c13,,,,Orthohantavirus sinnombreense,Orthohantavirus sinnombreense,Orthohantavirus,Hantaviridae,,OR R37,,"Sin Nombre virus (OR R37) G2 protein gene, partial cds",139,partial,,,,,,"Spiropoulou,C.F., Morzunov,S., Feldmann,H., Sanchez,A., Peters,C.J., Nichol,S.T.",,,1,,1994-01-28,ssRNA(-)
U02471.1,GenBank,set:1f516a6026ff3e1d128d51df982d126fcab2ee72,,,,Four Corners hantavirus,Orthohantavirus sinnombreense,Orthohantavirus,Hantaviridae,,3H226,,"Four Corners Hantavirus clone p3H226 G1 1275 CR-1 envelope surface glycoprotein gene, partial cds",1231,partial,,,,Homo sapiens,,"Hjelle,B., Jenison,S., Torrez-Martinez,N., Yamada,T., Nolte,K., Zumwalt,R., MacInnes,K., Myers,G.","Hjelle B., University of New Mexico, Pathology, 915 Camino de Salud NE, Albuquerque, NM 87131",USA,1,,1994-01-26,ssRNA(-)
U02472.1,GenBank,set:7d9af116b15ad7a03f701b8f761381958d5fbd5c,,,,Four Corners hantavirus,Orthohantavirus sinnombreense,Orthohantavirus,Hantaviridae,,MHAR,,"Four Corners Hantavirus clone pMHAR M 1225 CR-1 envelope surface glycoprotein gene, partial cds",372,partial,,,,Homo sapiens,,"Hjelle,B., Jenison,S., Torrez-Martinez,N., Yamada,T., Nolte,K., Zumwalt,R., MacInnes,K., Myers,G.","Hjelle B., University of New Mexico, Pathology, 915 Camino de Salud NE, Albuquerque, NM 87131",USA,1,,1994-01-26,ssRNA(-)
U02473.1,GenBank,set:d799a8e314bbce0b753af983ee8bea0f53b7ceb5,,,,Four Corners hantavirus,Orthohantavirus sinnombreense,Orthohantavirus,Hantaviridae,,3H226,,"Four Corners Hantavirus clone p3H226 M 2038 CR-1 envelope surface glycoprotein gene, partial cds",375,partial,,,,Homo sapiens,,"Hjelle,B., Jenison,S., Torrez-Martinez,N., Yamada,T., Nolte,K., Zumwalt,R., MacInnes,K., Myers,G.","Hjelle B., University of New Mexico, Pathology, 915 Camino de Salud NE, Albuquerque, NM 87131",USA,1,,1994-01-26,ssRNA(-)
U02474.1,GenBank,set:97593a1a3a11e06b8d98f8df6fcc3c3c62f6638e,,,,Four Corners hantavirus,Orthohantavirus sinnombreense,Orthohantavirus,Hantaviridae,,3H226,,"Four Corners Hantavirus nucleocapsid protein gene, partial cds",1074,partial,,,,Homo sapiens,,"Hjelle,B., Jenison,S., Torrez-Martinez,N., Yamada,T., Nolte,K., Zumwalt,R., MacInnes,K., Myers,G.","Hjelle B., University of New Mexico, Pathology, 915 Camino de Salud NE, Albuquerque, NM 87131",USA,1,,1994-01-26,ssRNA(-)
L25782.1,GenBank,set:a480174eee835c406131b66aa1973c84c008dec9,,,,Orthohantavirus sinnombreense,Orthohantavirus sinnombreense,Orthohantavirus,Hantaviridae,,NM H10,,Sin Nombre virus L segment,1000,partial,,,,,,"Spiropoulou,C.F., Morzunov,S., Feldmann,H., Sanchez,A., Peters,C.J., Nichol,S.T.",,,1,,1994-01-19,ssRNA(-)
L25783.1,GenBank,set:1d04a5b25717b8d0846c8c840c1143fd42015e78,,,,Orthohantavirus sinnombreense,Orthohantavirus sinnombreense,Orthohantavirus,Hantaviridae,,case H10,M,"Sin Nombre virus M segment glycoprotein precursor gene (GPC), complete cds",3696,partial,,,,,,"Spiropoulou,C.F., Morzunov,S., Feldmann,H., Sanchez,A., Peters,C.J., Nichol,S.T.","Stuart T. Nichol, Special Pathogens Branch, Centers for Disease Control and Prevention, Atlanta, GA 30333",USA,1,,1994-01-19,ssRNA(-)
L25784.1,GenBank,set:1d04a5b25717b8d0846c8c840c1143fd42015e78,,,,Orthohantavirus sinnombreense,Orthohantavirus sinnombreense,Orthohantavirus,Hantaviridae,,case H10,S,"Sin Nombre virus S segment nucleocapsid protein gene, complete cds",2059,partial,,,,,,"Spiropoulou,C.F., Morzunov,S., Feldmann,H., Sanchez,A., Peters,C.J., Nichol,S.T.","Stuart T. Nichol, Special Pathogens Branch, Centers for Disease Control and Prevention, Atlanta, GA 30333",USA,1,,1994-01-19,ssRNA(-)
